"Level","Description","1","2","3","4","5","6","7","8","9","10","11","12","13","14","15","16","17","18","19","20","21","22","23","24","25","26","27","28","29","30","31","32","33","34","35","36","37","38","39","40","41","42","43","44","45","46","47","48","49","50","51","52","53","54","55","56","57","58","59","60","61","62","63","64","65","66","67","68"
1,"Aggregated",8547.96846114787,8607.10393985051,8650.92397043754,8681.62913066839,8778.95729579266,8824.64346193162,8883.69160298389,8986.01126328313,8967.8134781452,8989.70460605664,9027.60683994128,9073.39168437518,9075.06040794719,9167.20712659252,9178.97736249378,9193.601489583,9289.29086901143,9418.26362910434,9408.28182733209,9426.15230176009,9473.61114916821,9487.17831348662,9533.07436453229,9581.59632053965,9679.6046510605,9777.39161146536,9819.70502052895,9957.60198888395,9993.34003262843,10048.596723884,10067.9052566386,10207.0581056276,10265.2818222995,10357.7558918145,10430.8986835336,10486.6188934671,10559.4575261406,10703.1234100216,10727.7326556085,10796.2213469899,10835.3299487045,10877.1330852924,10832.735916566,10817.6492998938,10875.601631925,10938.1564011197,10965.8177087505,11036.0705969062,11153.0297867546,11196.2889672506,11187.1063224797,11247.0456039256,11280.9213675575,11308.8657600835,11378.6221568947,11415.2417572146,11398.5115635589,11488.4159959799,11463.3669290131,11477.7750598038,11476.4514760058,11561.696670216,11502.0771695311,11632.8115396331,11646.4307076206,11758.6488781911,11758.9486110785,11774.4061912357
2,"Clerical and Administrative Workers",1103.31957670817,1108.64270417567,1124.04742122108,1133.72138802461,1152.05423212947,1167.02096405969,1193.85870954746,1209.02635229998,1212.14608191993,1224.93184629767,1213.79312826922,1211.02584306187,1201.20001398176,1213.80639242483,1196.75950455768,1190.71575512293,1210.51492142846,1227.0158189396,1232.97223172765,1232.27352754872,1227.48139639117,1207.68138951522,1214.519480878,1202.62444436784,1214.58147848798,1230.1471585549,1241.78401416469,1251.99839084475,1241.90666149243,1253.28081878598,1263.5470231193,1267.99452143612,1269.68155288004,1281.84375497397,1296.91523787524,1294.4636057992,1296.91178666777,1312.93718398872,1306.11223722806,1302.72945367333,1296.99143576557,1314.02571150903,1319.66729406368,1295.25000655384,1289.33492292652,1297.27182228113,1305.99874728844,1282.14816115868,1295.05533873435,1290.99466697545,1315.98047190132,1321.91071275104,1347.50060941808,1355.28090954581,1350.0034692402,1352.08660186873,1350.74901110422,1361.06646483869,1349.31532865635,1353.64125941718,1336.52881531801,1317.13505240076,1348.18557912489,1338.98271613942,1321.90541283447,1334.81299205981,1315.24157931951,1308.43188452988
2,"Community and Personal Service Workers",685.50446214865,695.34512258027,702.468899890865,701.423986036447,704.276002958037,706.386574584415,715.99075922769,723.973959272718,729.752664599717,735.888277712895,744.105586918299,752.678742653202,760.017997214161,764.95030446783,771.324822897392,776.813255452829,787.70181108594,795.04492996273,801.708867117713,805.544259126783,810.32306663814,816.41354027506,824.726834426036,830.281613954887,836.256170835807,839.274801734024,845.534846363509,856.149881954787,867.334387858223,864.126455114384,873.631027548869,877.811281854597,885.570820389949,897.850735436671,913.799707811912,916.406759696102,917.815315872241,921.041631041651,934.179412429471,938.400947070694,950.83113828924,961.816248607748,980.067573358416,991.380721892943,1007.29905855465,1007.95507319988,1008.87977008725,1023.56061595272,1041.47093327877,1044.33494350047,1054.03677633091,1069.39582584438,1079.7998836331,1083.50955609853,1093.51819817136,1094.5143023292,1103.8447877799,1121.62175366276,1134.09131152942,1137.32175772527,1148.14365552832,1154.49094531963,1165.92567310716,1167.52835411689,1170.75486178829,1186.16414955452,1193.73042106518,1208.07807176378
2,"Labourers",1050.44120796325,1050.57993043725,1048.21282676355,1051.52513194514,1057.20268372529,1064.87574032986,1062.99514404965,1066.5936499075,1063.7180584521,1062.68222144668,1057.83262141264,1043.63983071049,1040.31304106618,1049.48641254525,1053.90171567822,1068.18573139644,1075.36311905065,1078.8381571767,1080.2284567195,1077.00930359985,1087.60636575968,1081.96383693657,1086.42716130073,1092.45739979246,1097.44804269976,1106.33554504112,1106.93426205655,1094.56644997386,1100.93297713556,1098.3062285585,1099.98291232977,1119.49321084781,1125.00682526079,1140.07939626124,1139.08472074194,1139.63880432756,1141.47077315274,1149.33771821116,1157.85233993304,1150.9864053142,1156.20592869053,1154.35463777372,1152.00673898124,1149.5561618795,1152.21603461877,1156.30867883833,1153.62752277823,1130.61674708089,1148.75246928876,1162.47250399119,1159.71065321006,1149.42228378784,1139.7715019785,1134.74896126737,1137.97865372023,1143.13488799423,1144.74117801757,1146.66179268126,1142.06828704294,1125.49386552133,1120.84619352181,1127.03463768581,1140.62311157409,1124.35283114135,1121.02689274046,1124.27991960334,1129.55124186323,1114.00461396108
2,"Machinery Operators and Drivers",626.082287047624,626.708995730012,623.87635733,609.68439187,621.00462832,616.64031784,633.99036028,613.36465366,607.62510149,605.43377058,622.01010421,627.64675806,616.33931896,626.16607828,622.34246999,619.99822277,632.59661605,635.31066951,632.65696563,626.57417633,613.23985523,625.90767782,644.45433326,637.18897432,648.49109732,635.80573796,647.58541919,635.54155981,637.07460477,638.47986348,653.37719985,661.01149599,690.37759948,704.63270616,707.99339353,713.72006522,731.12680054,698.5034564,722.10273816,722.74711306,735.81508196,710.79587458,690.91747811,689.93363873,670.32570797,692.33162935,709.05065244,708.93920144,711.24877883,713.55797149,732.25868715,754.17449185,784.56370222,740.32727814,729.51346699,726.39363238,778.19471544,789.04979985,765.30745565,760.60648043,776.53123132,748.74485249,739.16314184,741.77257796,757.67444922,742.50038429,771.14019152,728.6705996
2,"Managers",991.5426236556,999.987993514064,1002.50590426106,1024.21582555116,1040.88223872032,1047.5219328228,1031.91821448983,1041.26176465511,1061.37443965876,1059.03922874498,1088.34806855875,1100.20885419082,1147.13446791821,1147.97703237067,1141.0965170418,1117.53045818584,1122.68304325976,1134.57100135014,1146.4259136941,1139.47835740538,1160.03597646099,1165.23618986349,1162.33905651268,1192.80864027815,1220.68946502298,1251.06789273849,1239.20717227212,1250.20548548369,1254.35538943488,1289.64897620326,1269.94694673425,1282.20724738034,1310.16442636472,1315.02412699358,1321.18500288921,1346.73642441255,1364.63149230524,1358.18922417786,1376.07295265878,1396.81734236904,1369.60980840744,1386.71632109883,1406.16387429164,1409.86015128447,1439.39564014135,1442.79433647908,1473.08169334802,1458.85262332327,1448.29409082401,1432.87256685096,1452.67806278149,1461.80427542207,1472.20659662699,1466.70191597807,1492.19246791779,1459.58082007402,1450.57038325797,1451.38624159485,1488.00470749102,1468.44337640482,1490.64402716723,1494.62158465723,1501.92193899265,1538.37383969402,1525.19061443954,1551.69624733419,1531.02206676865,1545.92796542129
2,"Professionals",1596.80113595239,1612.86424531774,1611.34335038164,1613.15839895253,1641.82505439045,1648.29460875219,1690.49170740034,1706.49293257387,1712.05987582396,1730.08050576849,1757.21862160126,1766.62454055182,1763.31879218047,1773.07199388326,1807.70145388186,1832.18411794647,1831.72557008485,1850.30078414167,1850.22154229168,1861.01871946656,1885.14138205781,1898.87538755012,1932.5139103251,1917.9872834305,1925.83493181419,1918.28208124182,1973.86869623979,1995.94549300535,2001.07923580953,2035.05442414777,2070.10066205518,2058.46573688065,2071.10576111761,2077.95980374995,2124.48254371195,2139.36697812187,2167.32029034245,2208.91395957284,2217.83645194853,2245.89381908937,2254.73397917295,2257.92854184771,2259.81030776333,2302.28423638716,2329.88035129811,2369.94132407204,2369.96420114665,2399.47001469858,2391.19589408896,2437.22689892505,2466.3930508433,2443.44249481602,2443.76415246088,2486.82375123382,2547.08340002238,2531.8642088562,2548.13693565742,2540.36718719194,2580.44490672272,2569.14016010716,2566.2979254469,2595.46088980329,2607.10263375155,2633.29133935206,2645.00381677571,2671.04478420201,2713.47167536406,2720.75573737483
2,"Sales Workers",1194.18450397838,1199.35091844921,1199.96551283007,1188.79102867694,1189.2959350654,1186.15285519453,1184.78212717397,1204.89674435714,1222.7484721763,1225.69870393605,1219.51441055172,1193.34920706248,1209.65196913005,1198.41556698279,1224.33611391793,1245.62217002682,1288.33352037357,1295.8021138945,1294.9438773604,1277.05162736288,1273.61211455362,1274.76548894482,1268.3213580821,1248.33734872117,1281.28277249988,1313.62713958756,1333.19507243361,1337.88159260018,1365.24380921918,1340.42043992778,1333.93161627635,1335.79881474077,1322.984252195,1313.5087264736,1315.96581173636,1313.35757160994,1332.68683140903,1335.69381369857,1356.75987722437,1351.3660929666,1372.27234071682,1365.74647178621,1371.68965528449,1366.66700289599,1369.72152203768,1352.35996629639,1361.64792608194,1395.72613751917,1453.90107080784,1444.83600926789,1404.5206885371,1402.28713716436,1384.47641411543,1369.86729037144,1366.41801437239,1376.71795463825,1397.39950992307,1396.5795979156,1403.28361648502,1409.51893722619,1416.5208019581,1413.65612759093,1400.71469429896,1416.93113524482,1422.1466509333,1408.37201014574,1439.13739753611,1426.21240478669
2,"Technicians and Trades Workers",1300.08917886315,1307.90317197555,1343.42168542568,1352.43204437568,1393.19105825568,1371.71876408568,1385.17473220568,1375.73965851568,1359.49891184568,1334.45331996568,1350.22459646568,1347.65490846568,1360.15443020568,1366.90261082568,1365.24373401568,1349.36756813568,1369.93138794568,1408.41831348568,1410.17272137568,1410.92288958568,1424.46608584568,1448.99853282568,1442.75364688568,1412.62610390568,1463.89386419568,1498.63721848568,1499.88523380568,1492.40421084568,1509.75951125568,1507.92063876568,1539.14427082568,1541.71446198568,1570.09879812568,1565.28889010568,1596.29883705568,1591.89228448568,1615.69884667568,1654.47644550568,1616.74366646568,1647.35301494568,1651.12959521568,1672.64252688568,1633.53439678568,1553.27351996568,1567.04548540568,1604.21219542568,1616.62219515568,1629.21636084568,1647.10551323568,1681.80757873568,1642.61309136568,1581.92868113568,1663.06785546568,1677.33140411568,1679.31875140568,1660.89474176568,1668.96048815568,1672.66458230568,1669.00812096568,1657.59566293568,1677.59793217568,1687.98396673568,1673.00405234568,1692.48310420568,1707.26312607568,1714.10473477568,1722.51343723568,1710.73462354568
3,"Clerical and Administrative Workers-Full time",732.352463096349,733.083307259478,733.12495613733,738.400197115906,744.451458533292,754.861063374213,775.054330368128,786.686918082972,799.606150078008,808.316947596843,784.927329399743,764.021792376351,755.63733747252,765.868807873267,738.768260327546,742.815313308744,750.223093964035,762.20768970898,757.108330406675,767.047983874382,767.963167873452,763.390455420633,764.495648240454,758.506113866676,767.590134865682,785.117290807116,783.943674869357,776.709041681158,763.847590420864,772.533727380775,772.66157137936,793.965883297531,809.206072002279,822.701340445879,819.032332486527,810.78840396313,809.790415402243,836.708457260991,831.224073892421,827.195623031754,816.009943645634,829.82424395647,821.926026536131,799.855737412546,792.513398120011,800.213262205019,804.226520549782,794.192200093984,811.49307911532,809.496869588061,817.356935844304,813.807103300069,823.986409841158,845.040782914195,852.502552671184,847.210141469959,847.655288111603,852.857548206754,838.647729209385,840.238108518257,841.114454024198,824.514692144662,852.488294731325,824.544069276885,813.438319187974,818.569060370005,802.665597367174,795.157956237938
3,"Clerical and Administrative Workers-Part time",370.965651323431,374.769000568949,390.663409480757,392.016444988665,403.951475166252,405.97556860874,412.19651498179,414.845074076392,405.580764627434,413.425691446484,425.448776694847,440.270554905867,434.948297811453,438.903071943454,449.830884764756,438.289878756161,454.195610201405,456.067843453784,466.96043223385,454.901958873251,453.936065787363,441.974743238256,451.996151505546,444.966838003514,449.210720541084,446.384311929064,459.500132385325,472.856058122671,471.467541721951,473.992741042864,484.119647113998,466.008693612528,458.886367046996,461.701032763089,480.140105316162,480.695152388941,482.934658718599,471.891947053561,474.811934235499,476.053121218588,481.412689271279,482.819340870981,495.621473660974,490.525668832035,493.174902786091,493.470809546771,498.628255340081,485.059103517607,484.753695744084,484.374049080168,501.007244533133,505.579608649743,518.044200806187,501.921865548922,494.779493190471,506.031625170603,502.384739097339,508.002161129981,509.579431062956,511.684285579231,494.273853919085,497.165877322905,499.840739026254,517.539610518637,506.484069139784,515.755695351194,510.837822108678,512.866733921439
3,"Community and Personal Service Workers-Full time",360.062033143724,358.854436510231,352.976518554565,352.773401720032,362.335659351917,357.083968914198,348.079651247631,361.360588823279,363.199626131125,368.79332071665,368.498720639046,375.296011932124,381.973905375521,371.383121636259,382.142618354009,385.818443332324,391.322225034155,395.845773987306,388.903802494454,394.920858912942,402.609737067868,400.537027900451,393.694427291789,406.763839260244,416.685313152918,409.167726434302,410.566350226495,424.851686506805,433.728507549534,423.414221332026,435.216353519477,431.252390626437,436.677241639043,455.964803324559,450.583137609914,457.116526735,467.055898745997,462.521783934259,459.615008768613,464.315982042904,480.007188530391,479.500857485466,479.179600068572,475.077795646406,477.008921125119,481.525501504407,459.168723543625,487.910050331408,499.265839130145,470.832484042612,481.07195836437,503.558703919079,500.526083353412,501.789475133627,508.446738630688,511.379605925305,527.421845828048,529.895843439934,532.851314824976,531.689637362724,548.033243359825,553.085038428328,530.277349970833,543.193797607815,537.393700325008,547.00124996698,536.48342027615,539.115964884652
3,"Community and Personal Service Workers-Part time",325.439469969794,336.39943675393,343.356964428477,325.57196698705,339.594746881587,343.805698403481,363.426996842844,347.534588188067,356.708244067096,368.036662915263,369.323601135005,364.802811829371,366.025427953832,395.672585379758,380.483326535563,386.775320024881,391.788095665051,396.889799784711,407.091204633968,403.609629199054,400.395115104537,412.945356346791,425.212554399849,411.042061291666,411.461334144074,422.834617940865,428.188610532422,427.043303786333,424.039114879106,423.390618173206,454.074947864473,434.472007715968,433.541415287248,463.127650378195,464.566209161738,439.347082225903,435.392083649118,470.795260739317,472.176280209157,458.109493481425,478.958293165606,495.212205181523,495.119778718949,514.262156635486,528.289087652107,517.13339887478,537.775523209719,550.6426663742,525.601315078254,554.397963515984,583.59736091258,576.524439997206,541.108180208816,580.016509495482,599.801458173038,566.490975426915,583.376601060594,629.581441854036,589.677062542872,608.118681101374,605.401137196935,605.999567287912,631.607237906456,606.581559163425,639.732688244019,647.980426168113,638.461512804895,673.148734684427
3,"Labourers-Full time",656.80933848392,655.192615567407,642.618785332281,658.807798951646,652.887751632661,660.620501409863,649.70437824822,661.351073140124,657.092771082051,652.516703767955,641.939851517407,626.370300397274,631.976172770845,633.548808574741,628.646262167113,635.612244652994,628.543882434017,645.352806031418,627.846651318669,634.41723825869,647.975978566456,640.635128157304,652.178800156192,664.01054198426,655.85512110339,674.993273112447,662.88308486153,658.606361797517,675.363098155595,669.254160662242,667.625685711806,660.282968445676,652.455058979472,673.04325201723,653.25552818456,655.762403782145,662.672133965673,668.381197845043,659.818059094897,663.855342952256,670.324853364526,652.502530679037,649.694259620843,648.398152922178,650.135955678863,640.082128969582,637.085265720007,622.44508570564,668.71586863883,661.992068965712,636.773312822095,651.333260755967,641.778346496168,651.016224832065,640.772870033515,646.503570415738,646.657077216629,645.337270881562,627.602819123113,620.585050160196,613.691685259184,629.531949497647,617.713311681134,594.235610761303,620.122180629407,601.411275469938,602.251647519903,596.166931102424
3,"Labourers-Part time",393.633566538105,396.914307705184,404.46068090061,403.592831255139,407.517321595151,410.236903643218,411.988043034152,413.628537570834,408.535694805402,411.495644740942,417.188969942022,418.5348479888,419.921299016455,425.615308616251,427.353534523655,439.858273715476,450.301166180679,444.019307229012,450.620691964725,448.632803903365,450.791663645915,438.63199968833,437.785751384784,432.625091254101,438.886244100874,440.207752897919,442.507456400687,435.630815470864,437.317679364353,428.84188322684,432.401979443641,466.015585662969,482.260484389584,487.432111763337,484.877684200402,488.515949516133,486.858836580212,487.519368770599,499.01396824182,490.56707992756,492.895088616419,500.002991423368,508.202769208291,509.784320856281,510.143778110114,518.456294321228,520.365882440989,505.39009068619,502.206069888297,496.877088153673,508.603065884965,505.65976232597,502.364168076945,491.142725919127,496.546314446542,501.408857618921,501.479560816824,504.396003800103,513.451259980677,508.686683525231,514.969357119579,511.475611833522,524.129639883094,522.382808021189,515.651965859453,523.816615641923,533.35597897436,518.195396179198
3,"Machinery Operators and Drivers-Full time",547.916059776254,547.972109531446,537.198595067672,534.012218428241,536.756661880661,526.420997157728,549.861406924415,534.265773887861,516.89362560935,529.447732315156,526.005853926731,526.731277746827,528.873962915007,531.204633319439,533.672077195428,530.353655872264,540.486467457484,544.256165030742,537.10164461975,526.358161043196,524.539654420219,536.317447835911,542.167708785489,536.000200307925,553.569139209464,544.027552662206,546.135710499621,549.653357137035,541.717973633436,545.89884854079,552.451209884438,577.036016426357,606.987946329544,608.94248650004,615.151719026843,634.327871140546,641.121736174644,608.414802027437,624.743374475609,623.507520312812,629.984698964062,621.395432541119,597.454573508933,598.349275994984,567.900100905006,586.165099315285,604.92019345194,601.012332559663,614.081198552495,621.335193977487,626.193144048681,641.434192939582,682.122291382446,644.34944285752,639.306853445104,646.637395636408,668.022073698124,671.349138953052,649.594978141366,652.593433052409,659.40536463042,627.130557425246,631.844180889464,632.859004630627,626.624330592328,637.439897073244,649.852972460622,617.687826429767
3,"Machinery Operators and Drivers-Part time",78.1666974213525,80.4161996031902,82.4183727022761,81.1650135083463,82.4822888950771,84.0165138177339,84.2269709457498,83.8216978748908,85.2837022414335,85.4015176662544,87.0333272460818,89.3879896309978,89.7858920586503,91.4106950452113,91.660881995456,91.7583487704227,92.4149563842335,92.6590154033626,93.4990124842715,95.932851956119,95.1535124120845,94.1128940438574,95.3869782231788,96.8542344379722,97.786032537583,97.6655487855227,98.5744784669249,97.303381173984,96.5866149125532,96.4764564071702,97.8131284233026,95.2187132375153,93.4750463170034,94.8168983255162,96.5023301484284,95.312159921751,94.6963833103979,94.1208935471349,95.8897478325241,97.4680381881657,97.6238067482539,97.2476696620236,96.7397061947624,97.1879505960784,97.93063962353,98.6400895452368,99.9658064954135,100.391516725638,101.79151717458,101.57134810316,103.221961115535,105.955780496895,105.779568562497,104.479806679983,102.902174306419,101.195167578376,101.05686248465,104.330544249766,106.794038320336,109.599597972645,111.98526335018,113.148583211966,111.978739296848,112.133390773509,114.816138438337,113.7393661411,115.711913511449,115.333298901657
3,"Managers-Full time",896.51332513581,903.27891648263,905.847450780092,922.198855262943,940.982797522428,952.230768894214,937.786089006451,936.655959001541,948.406449440676,953.006714345889,975.405947393596,983.677600769464,1021.64098915557,1028.68298706816,1023.22796565333,1003.3784061912,996.770956179708,1002.02293787825,1010.61364031016,1009.93143087664,1026.46651978077,1032.36279662359,1028.75115478831,1051.44041449972,1077.10114979025,1110.66907521867,1104.37993209757,1111.15017543275,1110.43375791554,1134.52244175884,1123.35633837335,1137.66668992711,1158.92518630054,1167.87007950603,1174.06012496646,1187.23514642062,1204.11670756554,1203.18911497285,1212.95457526956,1235.04479968375,1213.8217782915,1216.63394849738,1237.36321473752,1241.63336421778,1268.44412431299,1275.09509349386,1294.94155879454,1282.21952548024,1271.55907187293,1255.49276365786,1263.80896480894,1282.34395173995,1290.95503407922,1289.74838486482,1296.63010554196,1268.19580047112,1264.84089584411,1259.5202729065,1284.02149492121,1285.40184111608,1296.81563825094,1302.05154210828,1305.67616738556,1335.20768422473,1336.97949524357,1359.276312315,1345.84762548638,1351.78669904763
3,"Managers-Part time",95.0292347435892,96.3506563526806,96.9443247931605,98.6316822593611,97.7756082514542,98.4799103225709,101.122776199292,104.568959820011,109.088010029695,104.089745709744,110.361005629643,114.852094618128,119.418064571721,122.658160295303,120.460716887523,118.786933301853,120.259494584672,125.952028167227,133.140764494456,128.425764261853,131.849517260875,131.69976157603,132.144910201769,136.09504111962,140.635262304277,140.836416094618,143.051023769612,140.256987916611,148.264020450434,150.292737623211,152.04687333017,145.030864741822,152.696880609649,152.732751663711,154.264884637458,162.309400409031,162.944129547125,161.318601010184,158.512489714835,162.500373024789,164.52479035666,166.470029238999,168.627648070549,171.70083542616,168.212244182959,175.934416028134,176.841156162788,182.838193196052,177.168383084439,174.289119996197,181.079830720116,173.440203741254,184.797015322447,180.692817219712,198.961820823072,187.630436761634,179.057739499903,185.649123450274,186.587092114408,185.738237818463,190.637977760107,195.389065504559,199.506564252672,190.762955531904,193.792805040059,195.426443980549,189.631710220497,199.402901769607
3,"Professionals-Full time",1307.16218401216,1314.61660054557,1294.35997032686,1295.19584764661,1328.10268182626,1324.00307865814,1341.18645765709,1354.98557098274,1365.23178158117,1403.76591754886,1385.88881806624,1386.28673844218,1391.00756580387,1406.25160714246,1412.14358536862,1407.88429819261,1429.38325397061,1455.00729854147,1429.40449231493,1435.88445150767,1467.61028099702,1473.49485586205,1477.29295021208,1469.4694644747,1487.73448713141,1478.37121906576,1505.19330307202,1503.82246814459,1520.00152385505,1570.16918367591,1571.99637550831,1566.43124515655,1597.58160719343,1626.43512831413,1633.25757894556,1627.75882323739,1676.23483123753,1715.15355985366,1692.37397973147,1730.42508875796,1754.8451283812,1754.50320000207,1732.65092570691,1781.61067924153,1801.73387206083,1807.43713939038,1796.37028384091,1834.85263193347,1828.59168668839,1884.92816246437,1875.87867131929,1851.04063212549,1876.93399740962,1925.9028370146,1918.68766487407,1908.23188728367,1961.49032346738,1944.25629912436,1948.7545784098,1946.94845452324,1925.90708457994,1974.67037179044,1935.61909805506,1944.36673685971,1970.86330323561,1987.81926685918,1992.06443125361,1998.42155072774
3,"Professionals-Part time",289.638548281715,306.090525038487,317.998234870777,322.775856410798,309.637498782501,328.827629349907,346.284978252308,348.351681096328,323.117120965634,349.521755660088,377.355623642389,381.325421759089,350.223098697661,383.548653459839,400.024222091571,400.876610199579,374.94975854987,404.707250390839,426.649768469967,411.117806698591,397.111621678178,431.561618148768,450.36181321749,432.457941420138,412.199108194018,457.983997983006,474.402324045078,466.217774995778,442.078518765324,479.552901421731,504.0662400161,477.667452557629,455.740793204349,489.012072220692,494.098505100591,502.230368438187,487.4395190826,526.131929337754,535.507159264611,517.692057384409,499.544372135643,531.928521549375,545.869242689772,536.542431963429,519.015075176254,574.600489289503,592.303287402516,565.902492630731,554.528678210364,581.669312195959,593.534286417634,576.929655463381,566.940889356082,609.781776098854,628.503632880873,603.065765007661,573.608921708466,630.108504854501,651.207833331475,619.993319594709,607.286575112857,659.715028687525,654.406194193937,662.644074644966,661.553544127432,691.625192172091,704.223740511145,698.265040976266
3,"Sales Workers-Full time",683.665575256924,683.205520641307,672.353625479251,673.053765097562,667.737125315249,667.666648267167,654.47505294376,667.397595627607,688.599377201794,667.915898845395,657.721755262248,640.3352722526,651.344416219875,642.717787931024,654.780915744048,663.758803328742,678.030667831026,685.539800906664,672.543477446737,661.66121088709,670.799942181572,674.08408851063,659.432083500652,655.883736875422,685.756762040876,697.753126373367,689.014985558364,696.604306407901,721.952036401955,711.073266137609,696.839023835813,705.84890310861,699.493330306865,707.433502390541,708.739232806157,695.884471520795,711.08840831777,720.52608823904,715.331281852242,716.204974643298,727.234690468887,709.844085499894,710.921231705594,713.800088387505,719.733482702431,688.34376993006,711.935523847603,735.194494617923,747.726566933884,736.615314287061,701.871837616071,722.462200540484,731.731354838919,706.879132320401,701.282780671828,707.161277558605,716.166860552095,727.157495411934,716.202526864027,714.469579709919,716.068361929294,719.587788935284,703.594948157528,707.483526837928,715.026760873189,713.103422047202,732.685869275877,718.704625483915
3,"Sales Workers-Part time",510.517920882384,515.275538885916,523.547061045893,518.275515653922,524.02219075375,521.582915902456,531.146873451799,537.756759089879,536.549732744677,547.260687853963,553.802567546137,558.408362389802,565.229160385224,565.524851703703,571.668652072581,580.022713258514,595.421828572419,597.081216934206,606.445165628076,608.143562178259,606.221549950803,604.167099228279,607.233806676398,599.45583705343,601.313862660665,607.597216356165,621.973691884353,626.332192408127,631.335630190459,620.303174098982,625.319213653911,626.909548958157,624.839496595341,612.027310654311,610.656896040778,614.125268918082,619.349984149569,615.620799224479,628.842028325119,627.961560611846,637.485684717883,645.977210536505,653.991097494675,655.134948385626,652.06131697345,661.882247399945,656.141397402547,663.516823797885,682.942567438683,687.396064741913,692.155391892362,687.210998554868,669.963889112875,666.72300585134,669.56724801044,676.612039623889,682.813534604094,673.157905161409,681.398598678283,687.841070680284,696.952664970266,694.398814193975,697.630859100397,707.609406897844,709.888205392379,700.459337126638,704.644849028846,703.262452491699
3,"Technicians and Trades Workers-Full time",1186.48251335699,1192.34249803826,1224.21161393837,1223.32052894837,1259.06390859837,1248.79160622837,1254.59200843837,1240.85026926837,1231.03342679837,1206.66974474837,1200.62084613837,1202.20006684837,1214.48546494837,1229.49064394837,1221.57235432837,1201.44408994837,1221.21258015837,1251.99673070837,1246.72414951837,1259.20577873837,1275.63086175837,1290.82508841837,1273.89066258837,1245.87955047837,1294.80461384837,1342.80100999837,1317.34253587837,1319.00667036837,1337.14936603837,1320.71952399837,1347.21938766837,1350.84320557837,1386.85070069837,1369.83789724837,1385.36076463837,1389.66339244837,1411.86802910837,1454.23329649837,1415.21222404837,1443.52418417837,1457.08426124837,1462.57196458837,1407.79146762837,1327.28187053837,1348.24560281837,1386.56571042837,1388.86035761837,1404.94794779837,1434.84452572837,1461.46235353837,1423.35805232837,1373.72868855837,1408.50965402837,1436.42325306837,1432.82886840837,1437.73444888837,1436.41820924837,1445.03326333837,1437.75230458837,1415.92873839837,1444.04154261837,1446.58242356837,1435.25512029837,1434.86901383837,1466.11864695837,1481.88838996837,1474.59342033837,1457.85650297837
3,"Technicians and Trades Workers-Part time",113.606758353878,116.029475475721,119.396771106925,124.078513853802,127.79473632426,128.21714422381,130.301781912886,132.762057260973,133.393123883708,133.857126656959,138.612670443903,141.556345943368,143.939312601263,144.197984842668,145.659620798974,147.678608772722,149.454220328431,152.412765770144,156.181552488106,156.858070179834,156.825285389911,158.661836114673,162.263985832573,164.725560641152,167.16334801259,166.471882878297,171.244543803675,173.241482589742,174.68313749419,178.747221309658,182.942863557619,186.091616720906,187.092081650558,190.326696398788,196.004871086403,198.813713920419,201.381855907977,202.722318583881,204.052376961827,205.57535399166,204.843433398087,207.45346163055,212.668567031581,216.893205312121,218.841021856022,220.170350215281,223.251912356045,225.022197236607,224.044735340817,224.874486333438,225.321336178905,223.474314436566,231.241064718641,234.736572303746,238.648144394148,237.126896853009,237.780127072248,237.323667429639,237.681090227879,240.043561811487,240.317357617619,242.101141176697,242.800721664384,247.322574002713,247.658010409339,246.145973919694,248.067338649077,250.594333006329
4,"Clerical and Administrative Workers-Full time-Females",568.181844724496,568.917120650015,570.720916190243,576.510639540834,581.430780360865,587.468109567798,609.919272852116,620.281651487816,624.038686067548,626.114709334041,607.90249093691,590.63212541531,583.200491560499,590.803617741815,567.488207622004,564.654196077209,573.097686188135,581.791172008462,583.425769156634,594.990472811488,591.73556600027,590.579156894666,591.156202378696,578.652160592208,579.470182714539,590.145348869926,591.95234196314,588.39059611636,581.109207841407,592.597739949707,599.142033684231,611.352846702425,622.102541394707,627.900171857843,624.536468544451,621.722913623277,625.573565756419,636.802355905144,641.303454917083,640.97776532225,626.670688921199,633.411436928211,627.937855276997,602.16914710388,598.397729171836,605.905979664554,606.154164485274,593.750673515099,610.992927526354,607.008391006613,622.968059849727,622.505169038043,628.562887746808,645.991028898563,654.995131969676,655.568784294392,650.786496468429,649.164861886687,624.014191359436,623.298255067617,638.150248902755,632.047025933422,645.969773495041,621.894895352217,600.411131569772,603.5389126633,591.422042559793,588.917612899512
4,"Clerical and Administrative Workers-Full time-Males",164.171255719436,163.917342059387,162.63919082653,164.357640496092,167.027281389994,168.397664350775,167.300266814228,171.523779456261,174.917162243198,173.202076568004,167.576029255062,168.409139042696,173.921069768211,174.971975172677,174.191824197429,178.666781478128,181.103450264236,177.968438666425,175.230062772989,178.77439676135,184.083777648817,176.872601922875,183.166386591873,187.748848369987,186.573287812374,184.980247982561,179.071049466234,178.094629969246,178.215429380014,179.727288386453,183.365305363533,191.135081670327,191.536990621256,188.942499049867,186.684708405422,183.969686693811,187.381439527779,194.71297366061,185.038658231177,187.570618358824,196.691597324906,193.684894357062,194.051895137607,194.625729678073,196.86495515463,197.421532206806,199.558152074228,197.448309671207,200.315737881194,199.697301100165,193.313152222635,199.496597708969,205.146286906315,203.674710678556,203.592176198511,200.861519790295,210.765426234193,207.99434295471,209.554766042784,204.005023270175,202.534069746929,201.667141360632,211.926833006443,207.264785818665,210.502728344584,213.338989756838,206.928012352567,206.368617533165
4,"Clerical and Administrative Workers-Part time-Females",355.035172106383,358.267659999066,373.181373768923,372.438748221688,384.164637574208,386.839514823393,389.833575786045,391.143432583016,384.70398259922,390.04321143984,402.099075326626,416.808005120214,411.737351817168,415.924128005061,424.355090494233,411.128868075013,427.761858214523,428.184828803693,438.258835806421,429.089748502078,429.003372484431,415.02055602281,421.738857489639,419.319031690761,420.993440740169,417.107026094042,434.908444319259,445.252216764759,445.254495359645,447.984743235173,456.708645918893,438.243292445575,429.398489492028,431.586964162639,448.464362621866,449.079942843717,452.915553218743,441.25687771339,447.875745919097,447.420217406384,452.871096200593,453.975017311689,464.969516170618,458.634821472599,459.160880339998,461.727836334751,464.646741203736,451.034039351941,451.2650277569,453.035876406577,467.789344788525,474.065025487364,482.365437137024,466.949729361702,458.588556429054,469.076296278846,465.32892915079,474.955608916951,469.307235728339,472.17429219682,454.591075568298,457.884278637224,456.944557313892,479.862563463146,470.543980253648,473.845950407249,473.456429203383,469.643272155973
4,"Clerical and Administrative Workers-Part time-Males",15.9304778730656,16.6141714765082,17.6830669890211,18.7617852971033,19.4103577319392,19.8360030627494,20.8779996169286,21.745146788162,21.8098032251897,22.4046894413309,22.9482514586076,23.4611963311666,23.7181497121426,23.9030945511007,24.5417182129313,25.2165428479207,25.7565987478909,26.4231971858249,27.1475606599958,27.1084497057743,26.9125406422099,27.0102471355705,27.7509333548177,27.5299659543286,27.8335364573211,28.2482836073159,27.905004404509,28.2085641443407,28.1681992779941,28.0879533376496,28.3049960885823,28.3696155148474,28.6740265728734,29.0797385671986,29.8305165231284,30.4168437996637,30.6253325929209,30.8001696374478,30.3489301584822,30.273085741844,30.2332836441963,30.2500740986482,30.6525196446901,31.1221992471311,31.8758149711747,32.1012308812956,32.6929457934098,33.0722835369188,33.3110808379025,33.1566354236914,33.4815390796328,33.4677212862124,34.222128318821,34.5592220507841,34.9927005960649,35.5811382073303,36.0480267434103,35.7964672864569,36.8127753072169,37.5307137912989,38.0162982121275,38.4039760162744,39.376810604936,39.4363153094394,39.076056863749,39.8570531457339,39.6804618813873,40.5356527160028
4,"Community and Personal Service Workers-Full time-Females",187.91272938393,188.100830119999,188.29573797,180.41682193,199.89118285,193.33722033,180.06351553,187.69410292,195.98270177,207.35841354,211.76899679,207.44974607,212.55449789,199.1842189,199.63927248,209.65483586,217.49720993,210.60678904,208.41126434,207.87024619,215.05663124,218.03032494,205.99123035,226.71471372,241.41348099,234.3395139,221.364554,229.22895484,249.21880867,244.97590837,241.59997881,233.78122411,242.21397148,260.39741102,264.79120043,265.78744993,272.67353379,260.28794923,262.68931867,257.93937986,272.87678469,285.44201552,272.35233825,259.69016129,265.27677094,277.32606006,269.01237367,290.6734194,306.176816,282.3535016,264.24249663,288.10396804,296.19910727,293.86026439,278.94864447,272.49368549,280.34186548,310.56862919,304.70718638,306.94059054,320.92223923,321.36716115,317.83244446,311.97777453,310.34522725,313.27800105,303.23694913,301.84200736
4,"Community and Personal Service Workers-Full time-Males",172.149303703787,170.827179711264,167.797076255495,167.243273030484,167.146359119264,166.122347321642,167.165821707725,166.825957037985,168.395789241465,170.406993037867,166.843484315791,168.639950573834,169.980692602993,168.195831182863,174.150605338821,173.041171324563,176.110532335111,181.002411569977,178.38814097669,179.453780842428,183.858304752672,183.934285257289,184.874281165969,183.755242703767,183.634564250304,184.682078403357,184.18825259174,188.33438108223,191.601494990709,189.13098635213,190.556007134704,186.161644317129,185.59882528426,191.115953438742,192.613243842649,195.834693770388,197.628687327226,199.874587729228,196.819631307265,196.065361436473,202.431159978942,199.640587492448,204.445358599954,204.757195075365,201.209992140981,202.663037943232,193.828968033924,197.313068841435,202.045091938872,202.463872938915,208.368665406583,213.635246537529,217.246657132801,220.432500926692,220.499422404756,221.493475514919,226.711871918278,224.072072977865,226.998806099861,225.427210337883,222.465848842432,231.100388557345,223.023613817286,225.319276738137,222.602925100078,224.791118720352,226.152615821034,229.994615721648
4,"Community and Personal Service Workers-Part time-Females",267.491297104068,272.919634825475,277.683308805576,268.439070396256,276.676146084086,275.218050972124,291.497357283489,287.341958639377,284.495521268756,293.704751837185,301.17123326592,297.386157569682,296.977562519316,311.857355238058,311.265338512526,312.409049423849,321.336495233781,321.301880586643,325.522734371336,327.744044114007,328.472903200443,328.066844288128,340.324458757044,335.075690643828,331.138136207756,340.252399659108,348.75703530449,343.821452132576,347.832666550425,340.402847229052,364.020482721844,357.874429953553,353.640437001341,371.317431934471,373.170709912751,363.065923515792,358.332334112892,373.798298345854,380.982240733491,368.918652905815,383.350819478141,401.009779785372,404.952497258517,413.344313045893,427.041070614657,412.067717001383,423.857007367754,433.835882456293,421.298530627409,425.606148105076,446.629690235038,446.485416672913,440.601505146884,446.296452708943,463.995573281347,452.637998528221,459.114481973177,478.285606617185,472.204861584218,481.13908656089,485.175727227922,472.127988360333,495.164136605546,482.760521194442,487.331887774963,507.165252136153,498.50566480365,517.179120836514
4,"Community and Personal Service Workers-Part time-Males",57.9482228132764,61.1685671510304,65.8754099679019,66.9952070043466,63.8488756804208,66.5650387019013,66.9006387804681,64.4488365597678,68.2919203278212,70.8432843168203,71.6424926799116,73.9114112255724,74.4487953795553,72.9997190610955,73.01595463718,73.4579588402243,74.0166498293027,73.9528195430292,78.1395636710289,80.964759786075,76.3456570001159,82.7930873146272,84.4910333207598,79.9346619160485,84.7205965857126,82.6592865957467,78.2231372917743,84.166690744175,80.5793850112842,81.2589354572969,87.749527713883,85.9351490276866,86.7747385945523,88.1526726540384,89.9761340214005,88.3383590370346,89.9403065397782,89.9747489455696,88.1514873416288,92.3414906066968,92.7988894007002,93.1386186710799,96.0471857873884,103.059527684952,104.67560256105,109.49900442956,117.877393367323,121.594395587484,117.139378122661,118.760165503316,122.151416760058,121.423591803042,119.366166193704,124.820452473836,128.944727638257,123.291602481045,123.590362238806,131.476957141328,124.991854501054,123.763094388251,128.335392023022,123.064211456958,130.298929099499,132.324329304579,136.015739149631,146.148396378042,144.016169261265,151.039485102506
4,"Labourers-Full time-Females",156.97530171465,156.140609327587,151.235033411256,155.960029340464,155.686166259683,155.707996604985,153.828864997902,158.012440333659,156.62816557958,152.740342982333,150.397718955161,149.838061702381,149.592316479282,153.079583835025,149.464360038785,148.141879210636,148.44487429906,150.971941371496,153.719034854748,150.071420475117,146.550506033528,145.606992582089,146.46736518632,154.477841916509,158.399844549989,155.970948342318,149.009735123273,152.878839270957,155.867812451121,156.680613327548,155.48775072727,160.549990150011,157.548712146015,160.676415814438,154.046300536601,153.478812959571,154.202626086324,156.727848782027,152.989161993468,154.241883338801,158.872499591993,155.711438788562,159.115362857464,152.321525129752,157.01855067944,148.067019915022,146.273906094796,137.953247650722,145.850638373422,151.949018999332,144.636784357183,140.892600305067,139.286595700593,137.450676569575,146.084245094671,146.968277836019,150.39776987672,147.651666739679,138.566552436874,139.219683289579,138.287060351051,138.25690608805,139.116937213014,134.304125998603,138.530493978406,130.847650119617,136.026118332535,132.139883417798
4,"Labourers-Full time-Males",496.272256375784,497.243829023235,490.991026995909,500.139017584327,495.937376145094,504.780861920093,490.777900526319,500.923095696082,496.110695175098,498.371828789764,486.872604669377,477.665674833347,490.532064704689,488.951813404963,494.512959241157,496.030226682379,486.392334403378,502.214388892161,475.644082240638,498.264138218211,503.868076072729,497.891306515002,506.04909562472,501.908387471315,492.472318458369,515.12806244178,500.08354600187,493.504579905896,509.917358179946,500.449104066837,504.217421472312,485.142020771323,492.736487430294,506.408800413452,496.896487121403,498.429562040928,502.520041592877,505.453862079464,500.599812600974,500.11244470539,501.420904203023,489.956048795213,485.079462678824,498.724946865464,490.126345585896,500.928594879225,488.869762222256,491.181366290838,523.091178790127,504.304468164117,491.247245947667,500.612830822923,491.942718317236,511.968092882447,483.438003259028,504.380386295155,488.062414098647,501.296778642389,485.395642635338,482.356602048733,482.027081009012,504.091259672642,485.98727243764,474.352853443191,493.1495058195,484.715956160113,480.494990068019,483.187583718105
4,"Labourers-Part time-Females",210.84984950522,211.060910309975,216.78913108,216.9859431,233.82982084,229.24872706,224.67816344,224.84663145,214.66492817,220.41114612,227.80440543,218.12593165,225.20295767,224.18371231,227.6444293,232.21890785,239.90169898,233.91249078,239.60811831,225.97268367,230.73831318,217.2470267,223.64911888,219.80051053,224.04225684,224.52867803,229.38283484,216.76598685,226.31732293,212.12276994,230.93662678,251.72311509,254.32857706,257.94275493,253.22438139,255.77401564,259.80740683,261.72446638,263.13893574,254.74615553,255.03561003,261.28648925,251.90167278,247.2424326,251.44231377,256.84914625,266.32331765,240.00145036,240.73708402,244.20370403,254.69160546,253.55986418,248.94262798,245.12155758,255.5977363,263.76275418,252.85997675,250.42966267,250.00187361,246.97518408,247.69359842,251.41662879,263.70659151,249.88667477,263.80338978,262.65120471,245.49220007,237.8839439
4,"Labourers-Part time-Males",182.783336459601,185.366221555445,188.662115760568,187.333746968332,183.971426539086,184.033817864108,185.900441043802,187.593021430901,188.287602785213,190.369858966506,192.05754084045,195.476763812041,195.878422569791,199.740604060271,200.495196117191,207.038593087478,211.672012553976,209.382250101539,212.226212074382,215.28450294043,217.768698339789,215.345204996468,214.891591574242,212.789185918885,215.666835110035,216.304259173476,216.189056176307,215.122032250406,214.499836861599,212.775674286147,210.354218509148,222.501075925652,229.656316105628,231.450678031553,230.926727233515,232.895910812683,230.64404316427,229.455575259178,235.438681511396,233.112601299131,235.642935896843,239.127009100807,247.646339815222,253.316560840791,255.437107015126,260.331788356388,259.058977823449,256.648209397789,257.461456452869,254.400759535238,258.158918575721,255.429283505218,253.935907895141,247.973313151037,247.559869711324,246.014491522329,247.119150837278,250.534042872737,257.907099715528,257.882852204555,263.208172738363,261.272507298843,265.20410806328,267.293482800956,260.245052704314,263.346811680425,274.731878704859,272.013218946021
4,"Machinery Operators and Drivers-Full time-Females",50.2138452951976,49.6664230939438,47.982551720903,46.2465714546564,44.8675016111959,46.6603284227578,49.5575218137006,48.3839336976098,44.2660208493738,41.6776175503524,42.2421607639518,38.8891289201732,38.0365859745106,40.6700381393457,42.6048587440032,40.9886896948928,41.4737019645658,41.1410784112318,41.2762295220439,41.7960500456335,42.6350997449337,42.1237633280776,44.3931159111006,42.6032559464542,39.7877155125357,36.9860196741419,41.639035390792,42.0203705587064,41.1779905426702,38.7738933526869,40.3833751523092,38.1564437231299,40.5092154899386,44.4252235125262,46.032362735109,44.7287792512322,43.634582014935,43.0054272358942,45.9596861914269,49.6201904694423,50.3302643969762,44.1432655677827,38.7927398245498,38.8998184134377,40.1232283078193,37.7265424466705,38.4488712769303,44.2357485631872,48.0410398905656,48.7279886106803,48.5158249806277,46.0180398321517,42.5638072923255,43.5721651885597,45.7065191791834,42.1838472148114,44.4996689953298,47.3677549777987,49.2148827601982,48.4191015570264,52.2273913922874,46.6145471600871,44.9505979434519,45.0523940413506,49.2498842860017,48.2307975151139,47.7075116540848,51.7787589621073
4,"Machinery Operators and Drivers-Full time-Males",497.70221446447,498.20041463003,491.1453855,487.83080716,492.62575759,482.66474989,499.81517557,488.48181462,474.38236875,480.49678394,490.68512716,496.02178323,488.43518427,489.13867928,492.36531869,487.92820808,497.13877889,504.9812688,495.01832605,481.8613198,481.20908451,495.02262678,500.69329479,496.90898519,509.45711065,504.61881678,503.67935117,506.97618339,503.98866466,504.56969816,513.82360607,540.96154667,563.14681181,561.00722519,562.75504901,577.67368214,598.26211807,565.83808117,572.01944566,572.7846644,588.26767839,576.40406817,560.16192924,552.7157728,537.47909274,555.65291621,565.90696772,563.90701416,557.13443174,565.35716411,573.65252865,595.83109481,639.53359776,597.03203766,592.48367988,594.5885953,628.85478474,630.87759275,599.94421118,591.38540625,604.74783733,590.24548318,586.43199446,586.23459934,586.76913134,586.14750701,603.54927292,558.78451588
4,"Machinery Operators and Drivers-Part time-Females",23.1699588771327,24.6015419825644,26.3006479723238,26.1357963629168,26.7868915296504,26.9886650412313,26.6252501518937,26.1722674820659,26.9234503651294,26.9546792750272,26.4836995248155,26.3976494305299,26.0723121844454,25.8577984608955,25.7360481297282,25.7640998969041,25.4903955189852,26.1494472354374,26.1772738345805,27.5995638442236,27.6391392911612,27.1190226741994,27.482298147935,27.3837741553209,27.5064667980369,27.3642997937506,27.6541145429927,27.5054895724424,27.8410792033287,27.9052032976321,28.4907232615085,26.4551693332964,25.3051085176122,25.551948234049,24.6744137712807,24.2794074579625,24.0115358021184,23.7519610214799,23.9457741668247,24.1928694731252,23.891600295432,23.7365028613347,22.1385919395877,21.7190206302553,21.6466995947166,22.7171413595989,22.4698531572308,21.9521049628728,21.9044155309849,22.3004660925379,22.5397495830497,23.210846907593,23.3713468997503,23.830670276217,23.3923056333738,22.2835025404167,22.4030523445076,22.7349861405586,22.9098712126125,23.3369355686343,22.4182704386813,22.0313130648946,21.8550908453736,21.5246487237084,22.4829938578485,22.7426250051637,23.1086752086909,21.6974595591429
4,"Machinery Operators and Drivers-Part time-Males",54.9968203257998,55.8805765871128,56.3124316775522,55.1104018625127,55.7900765484773,57.2818073540146,57.9112644627133,57.9117215791446,58.650678996872,58.651368340562,61.1161256233361,63.8937999305701,64.542171087688,66.5500246738584,66.7474254560884,66.6131119496343,67.5851767548455,66.8687025529097,67.7431877158534,68.7572846561628,67.6497749221434,67.0067460709279,68.0641826841349,69.9034120068194,70.7502762753364,70.6552643780851,71.2822406316579,69.8354737580445,68.5228390787036,68.3487722742288,69.2578351885949,68.7106476183937,68.0643065379478,69.3799578629883,72.4797122944268,71.3715195586761,70.8711474583603,70.4461486298003,72.2987677738095,73.7862885487197,74.2157971533608,73.8259167941737,75.145918544599,76.0694756797001,76.8944051986519,76.2294772254375,78.0506060774518,79.0689425004119,80.6476979916414,79.679887419512,81.251183780822,83.5417579594529,82.9163869811267,80.6292389507446,79.2735024977986,78.6640092381037,78.3919322603331,81.9660979811957,84.6079730992684,87.2561702127976,91.0367592767326,92.5542580415714,91.0011991482052,91.3765879721859,93.1931053833311,91.3414623092553,93.1559023345135,94.3370667600919
4,"Managers-Full time-Females",218.383251054552,221.594988769946,224.065671953129,226.813000550821,234.591829582175,237.995546817515,237.459824994011,244.600701129102,251.589969100856,258.606879217711,263.902744301874,268.309770115138,276.600136072166,278.129739540614,276.909115763207,277.499359524941,276.880767850525,285.734893132292,284.128376298954,279.306651922555,284.820842779642,288.775423690684,287.697400542517,294.456386638289,308.956334495968,324.508129264572,321.742443942351,323.55883261939,326.554759320361,329.747697480441,329.325509377934,333.90794566743,345.009850680794,345.478638406975,345.515239076258,348.827899020281,359.508495886271,365.234712005762,370.539834798245,376.42262329877,374.993738341686,372.541174638818,378.781105518595,374.097099526884,388.766159852924,384.473803265926,388.389079981661,383.482341667312,378.293737444708,382.026626937295,384.681398357665,396.546253855867,402.925204923421,401.580689603179,402.98253677633,391.02102871371,391.221121809613,390.626182454903,397.50392905735,397.859694582403,398.200124705268,398.587539467363,402.838386513846,414.714837511594,416.132303216305,429.298627404295,437.253829926057,444.890628296886
4,"Managers-Full time-Males",678.130137672774,681.798252273661,681.522733633051,696.315869399763,709.150436044415,716.282040395835,700.298374160606,684.464966303828,691.416612564064,691.680386222274,710.516284452112,718.675652872388,747.371321041131,758.289261900439,747.86611755679,721.805613857282,713.482219287558,711.146006762149,726.274685007531,736.981821950428,744.06797602784,744.916681189413,741.249169592954,756.957346326202,768.105991970531,783.7621379022,785.545637847382,787.74223005496,783.665100572218,805.702870634238,798.376160491014,800.995446501872,813.662372230015,824.666726361588,832.409387926777,841.02907166568,844.184278319959,834.662162811086,838.387922702601,859.657112150714,840.118895259892,840.856010382773,861.112010995778,874.195708697924,880.153537752324,894.942980781562,912.280622005354,903.666914659483,893.602185290502,868.783078948246,872.876382882368,883.900904258252,885.822000885629,888.46396702149,894.814505931521,880.865909807247,871.175310415326,867.738578754535,885.972413449118,891.753354052812,900.998544047894,907.772667687907,902.924094810673,918.191916951766,923.470015053821,926.688153719529,902.361779337121,896.148383915446
4,"Managers-Part time-Females",59.4987033897428,60.6048141951143,62.2271533702743,64.9026390763769,64.7019686804515,65.1128460349377,65.9138644964882,69.8458903628341,71.3845463223455,69.6717856616867,69.9668103895302,74.2914532625561,81.0363720007126,84.7168307935033,81.9312916201239,80.8747037952657,80.6451947424011,82.320510891291,87.008657396714,87.5260444184523,85.3855103323647,85.6456839389863,88.137715101528,91.6821424593094,94.3472619087945,94.931786698519,96.847805014613,95.6073093303493,99.9190660435907,98.4034784814325,101.511366377249,97.221400287233,98.4500255153583,97.9369982169428,101.929276620199,101.143487099024,105.046341530666,103.395579140713,102.602700722243,103.791431287521,107.623277174505,107.859440444674,107.583767811167,111.316624851737,110.942340428761,114.097967462091,113.608907009429,119.147301906239,119.270567202784,116.177220786244,114.870318203573,114.60810017527,117.842014930647,116.438938407638,123.029032538903,122.577838179873,118.268171691909,115.038362693271,118.92099421343,119.980824825189,121.425820792282,120.359712671122,127.514316389574,125.307858964167,123.868532010299,123.549708734995,123.275971341889,128.251855934466
4,"Managers-Part time-Males",35.5305514810586,35.6029223353988,34.7765872150838,34.3791924409753,34.7343295466911,34.4972295511858,34.4964228168486,35.1951966107981,35.958701752062,36.5041895065442,37.6299481968257,38.5097119301835,39.4578775016257,40.4884761612858,41.0185972718431,41.2798445695971,42.0186651399207,42.7333495970475,43.3802918361463,43.6785672779522,44.2355428929711,44.7963953566145,45.3987738181719,45.829053823591,46.3214776352171,47.0627458657536,47.6542452152372,48.1185885817099,48.8376678991606,49.9894096139328,50.783071620015,51.1324549862811,51.7784224919486,52.4956373960899,53.0464557981155,54.1509959545382,54.9339091796857,55.9219313741831,56.8580717901469,57.244873263972,57.9342533882108,58.5804438197895,58.9242821466738,59.3130823262634,59.6519825434359,60.1500122844337,61.1935942971495,61.9819604294615,62.3232664281577,62.9307964638776,63.467961059461,63.683342257425,64.2864490992907,64.3763697378057,65.5772298136361,66.6113633158995,66.6232679931455,67.2658524878298,67.9952906450551,68.2902366185591,68.7308368758338,69.1368387873133,69.7084734825836,70.3010731943123,70.7788691168091,71.0761462827963,71.3908005453444,71.5139165347302
4,"Professionals-Full time-Females",530.215755462124,535.146662281554,528.772530975403,534.659140759647,546.692023372468,552.523780174076,564.791363988062,569.492997961445,573.669540224411,587.274175377289,582.788982322093,574.672936200693,576.288286441391,583.923649077283,596.233791132109,600.441001030389,599.262942359014,611.571125143216,604.517897449555,605.687052244481,619.471808851692,627.733660868998,640.698898839277,634.288668662737,634.598565100015,639.519543636001,652.274400427612,643.636550673245,647.090593281065,673.881293311503,673.133281203884,673.099338310981,694.604726146129,707.569529288228,719.566990243961,718.803689070605,736.50682000618,760.466028304161,755.826351980781,765.469156444776,770.766482312571,777.681537138623,776.088670071437,796.84455537936,797.738314879166,808.541038173167,816.587264606882,827.486392740179,829.105321531611,841.330318340701,844.294552484846,831.642161708775,847.449497794003,854.979949268123,869.422964447181,865.207788085704,876.770646403695,872.505668494126,882.774950326373,874.124652680201,871.238800170703,902.284838150028,879.204140998026,884.308265426349,887.340303397719,911.833225396861,923.634302341169,913.535463689561
4,"Professionals-Full time-Males",776.946406498356,779.442495253904,765.818959895266,758.01142232221,779.514843308883,775.988005114504,781.625493806443,787.379080309154,789.218589282937,812.388696780789,802.098970662084,812.733476342559,810.757508165844,820.640712140391,822.910750332971,814.502901496878,836.130808301776,839.651238052217,824.647494635939,836.23398366299,846.247561482331,850.486447129467,844.277469502096,839.281571552087,854.479117733358,836.975484513161,860.125478465001,871.406961533616,872.07209758146,888.528895672889,899.533036960434,893.972033284108,894.078784559702,918.597820184102,916.704720854425,907.001138090303,933.042943085243,943.110325295928,937.259239887264,962.46801045399,969.871565843819,969.441219514865,955.308866580707,981.410432969703,1004.55735287755,997.496900669982,973.467477412696,1005.52357552395,998.241218411765,1043.9345142226,1028.96238041814,1013.55171451751,1022.62787334192,1067.15741617479,1054.47783803184,1047.02657571186,1080.98131548819,1059.30161937808,1064.93066705161,1078.91264990682,1057.17583988287,1073.61915602434,1071.36678922326,1067.02943207697,1080.6072041791,1079.33673625821,1077.48646763431,1098.35362406029
4,"Professionals-Part time-Females",220.323957086215,231.349701133047,240.665432996233,251.614575937184,236.42399353196,247.635527552023,258.240713854772,265.553685915863,245.324674159833,263.309882448534,278.239412277493,282.479827122818,269.805109034784,290.512316912807,297.373792545068,302.054954664839,284.855141419383,308.532571960241,317.784375967723,315.190405122328,302.29426253489,322.779498201066,338.870717441445,333.486836296211,321.631550042419,344.839138688369,355.085009188527,356.854468629258,344.238491975503,365.156090312084,380.450792972688,367.658252065452,354.080350625514,366.757689761618,375.663706609241,375.19378724071,362.196554430302,390.659192123803,400.02994708258,396.020297518455,385.186718061476,399.371477095599,407.243277326677,399.258847980657,388.945539302465,426.054806046022,438.805089778798,434.307979209095,424.093432134209,445.37126174684,455.800178048734,442.283510380043,433.619530844193,453.85121082948,473.948878714349,457.957850986204,447.238026416115,474.171362893392,491.770450327826,473.122795140324,471.787467100106,495.209780142374,502.922891311054,507.230676322093,502.396895171366,527.480523824079,545.514659963706,541.31458774986
4,"Professionals-Part time-Males",69.3134323732018,71.4094581380075,74.0808918995083,74.6277181010723,71.2188675677913,76.9486542962486,86.7693519800736,83.9410706990395,81.5389365123902,83.9552069022855,94.5444998222047,99.429084512454,85.9571319014483,92.9831742439139,102.085880872752,109.122338816856,92.8043727019089,99.1697626329128,108.54612816575,98.5750332617722,100.147568429078,105.175271666967,107.899562696635,97.1072542405233,96.8909937404971,107.64423943716,110.545650363223,111.05059513016,95.6262201396932,120.194570916968,120.238434787503,115.416293375705,109.977961976933,118.277305728202,113.218552030118,120.877469390349,123.387916626913,126.276399490338,122.529403531394,129.637959137839,118.098538306645,134.375922737564,136.638296056698,126.459716768621,124.215703140444,140.519648986796,149.566957939652,138.895135840158,136.113557364507,133.454123032431,141.332151154303,141.033970572116,133.777360104897,143.194645370803,139.953090060938,141.896401546455,129.703433983782,151.208637374594,145.184157961279,147.098843767239,137.31711349167,150.132801001696,154.690349759491,155.390538967622,152.500658560416,164.149877868306,165.640130428512,165.476524429118
4,"Sales Workers-Full time-Females",292.208821423766,291.292485031877,288.333913486873,286.694217597058,282.935111073805,281.213854471616,278.300698555386,279.839945970979,281.056161593408,279.773759128313,280.151724091312,278.765647619823,280.444421399674,276.389953819895,277.808359373098,277.273344622215,283.063376810877,286.28514909336,288.799445123128,285.043869967253,286.563129777174,285.736627992151,282.28583281536,281.023468698892,288.169729858016,293.985155493257,294.768850817568,296.360186401327,305.195058065634,307.219983909747,307.369782634997,310.354803893806,310.123541983336,310.107835807239,311.255854804024,308.625846461974,312.652808367939,315.331291408461,314.035848764698,312.140331442984,315.07570108761,318.01920312894,321.641736994747,318.212286869757,321.108147974518,316.975881770805,317.804503735969,321.513476329428,326.356830494035,327.382465685414,324.286273723054,322.941667322078,321.528890660151,319.363690017828,315.084067314383,310.933346229886,316.46641254398,317.594412777219,320.662927913238,319.854575779316,321.439473889417,324.163759034842,321.05166106074,322.820416348531,320.541980599683,319.675117407925,322.257052885525,320.676321434721
4,"Sales Workers-Full time-Males",391.457429771445,391.172707846178,387.715608197199,389.886984927408,389.885270951495,390.538330060182,382.571022508412,387.731618473399,400.76377326942,393.050232780553,384.246669565161,368.371518354988,373.379435673116,373.845735476281,380.113337086165,385.862650226017,389.010835029303,394.709990774786,386.331435635235,388.329403170935,384.11863258865,389.55412703125,386.610352741649,381.297868315249,385.386826448238,393.053738065488,398.012521536091,399.975582887685,401.006172843125,401.999148709273,396.792335908576,392.656557076658,391.522727136267,399.77045292423,395.442388598599,395.551868136017,394.090788442329,399.112271336358,405.538439058109,407.462759091539,405.908603617002,391.004677440982,390.715839862624,400.072101253245,396.90929545018,384.382424578191,397.503859401524,401.081822179833,414.739119622762,409.620766914965,392.357730710785,403.186603224758,405.842614917334,396.994573770805,396.962433251175,400.232097925422,392.059056875406,406.820857804559,394.939782778919,400.954443366636,394.456523915181,395.217721458124,392.661246074144,388.95831642314,398.024316207761,398.165935114048,406.679515828233,401.545580361197
4,"Sales Workers-Part time-Females",404.091608582605,406.748689130383,410.266832622524,405.694265121644,406.65920196758,407.43160926622,411.313462125571,418.800658621941,415.116436781008,418.250194066231,421.709562822559,418.224000346939,424.737891670315,430.928064043068,431.543226159888,434.110385683371,445.686733166314,439.302091645365,450.365790513497,452.522686280997,445.260794281502,449.118182387273,455.710866040447,446.539068002341,451.672379459694,459.61323441629,466.556378584513,467.492711863635,469.251782507865,463.290368794044,465.921196145954,471.329685288077,465.785401034439,459.861304823758,466.498530746964,468.412644670431,473.679034349222,464.368086044379,472.495134561776,481.207933112707,487.660872107672,489.177960535255,487.506776308506,487.740070049274,481.878571313387,494.708507339934,493.42019462746,493.949348473667,508.153179864528,509.057351435708,504.715510133703,502.151790158126,494.905990985684,498.268877053307,504.332228329883,506.487102125943,509.57030453674,498.649944743045,501.278542374251,509.126622349257,520.463709688413,502.834484355367,511.737990252076,524.420441293451,517.7538627751,504.867226495968,506.95186666125,520.661701612283
4,"Sales Workers-Part time-Males",106.426209161735,109.063720194252,112.2129926568,111.570366557265,115.124597433888,115.357546860462,119.645519715437,120.449245476352,120.756094562259,125.471538324314,129.300531636974,134.449562704682,137.488149940838,135.895943224713,137.632349188795,141.134022229044,144.709423143658,148.460197963984,148.848628719,149.671278051966,150.931390693255,150.575898209722,150.441447755652,150.116009546455,149.834961282989,150.914143626621,153.636441232465,154.324100124031,155.503642274593,153.057877584194,155.826252857199,156.11514338986,157.493685221862,154.713981577071,152.912361899029,153.93668818427,152.863329420807,154.712045070657,158.993013846801,155.634266411929,154.053746072223,155.351078762454,159.410237894308,161.44073773338,164.780732578703,166.594916027592,164.647386503146,166.859118718254,172.006726527217,172.770972658214,176.431171050032,177.604165229822,174.496067763245,173.651664754501,173.661538514077,175.277898297384,176.438199809804,176.432821262312,181.792604849365,184.842690784843,183.299656212265,188.669014436008,187.938178320259,189.775886229458,191.026320748234,192.929423878394,198.999990863273,195.10552299086
4,"Technicians and Trades Workers-Full time-Females",108.323758377162,109.448925630594,112.801520779454,106.245429679799,119.312442187478,113.68051720296,114.03367191083,108.731943456989,112.980950485483,108.998935038704,113.046873667776,110.334693767795,114.101845337179,115.879500059811,112.79065807682,113.578099845278,115.017395146293,122.463158975311,111.631350191558,116.998910422834,118.86862905916,115.18339265515,115.819821434557,111.961466958805,113.348700363153,127.810391928501,125.344616075047,125.086911744071,124.727946182181,125.303798592219,127.70147918998,128.09813361846,136.712925111756,132.545423681097,136.975057769957,135.733817411539,139.771184870441,142.873767651105,135.743948503223,135.505758860238,141.124282139319,142.730890161616,140.541833880076,126.714955277549,125.182796950042,131.739425530254,127.395091436509,128.182006172317,129.194967430154,133.076716745848,120.885137522294,126.473571373756,129.806049382593,131.421767669245,131.805714033584,134.290861922001,129.968792268774,138.322189367245,138.522982230095,132.546418368597,135.719044816665,131.978284165319,134.032639647685,137.451624229501,134.458772770549,140.201264450943,139.504547595543,140.475869648146
4,"Technicians and Trades Workers-Full time-Males",1078.15860131212,1083.22539064378,1109.51553353387,1118.56068204388,1137.42734962387,1131.31929198388,1141.58413018387,1135.72752264387,1120.46964589388,1099.42787495387,1088.59855280388,1092.36093065387,1100.34142363388,1111.25553139387,1108.94647216387,1089.48412471388,1106.27858072387,1125.24727216388,1135.83150587387,1145.34250467388,1155.12074043387,1176.43776892388,1160.36879542387,1137.32169550387,1184.69092159388,1208.39655489387,1183.60180544388,1191.65357142387,1212.11568763387,1195.59652048388,1218.47777322387,1221.32907601388,1244.98563872387,1233.37333355387,1246.53913434387,1252.03700875387,1270.02933462388,1307.15818939387,1280.31920779388,1312.49757475387,1315.62914088388,1316.53904041387,1266.54316804388,1209.37294099387,1235.37048497387,1258.40931506388,1262.88540812387,1279.60424428388,1306.56008091387,1326.67039379388,1306.94015997387,1252.74037004388,1277.29046433387,1302.27904665387,1299.17689481388,1301.46402521387,1307.13312312388,1305.01432542387,1294.70982454388,1284.85296849387,1310.66431857387,1316.73258831388,1303.41371603387,1296.07320173388,1331.46667750387,1340.35667671387,1332.50951454388,1316.40347779387
4,"Technicians and Trades Workers-Part time-Females",54.5012513750681,55.5108610129234,57.0345956823464,59.0382286546241,60.4779959818021,60.328349530338,60.6538174227534,60.7440968202729,62.9037992673387,63.2895904371214,63.9328165846413,64.6544391543412,66.4588446813702,64.3718239661258,64.8504064525328,64.8087180225589,68.6189816223672,68.5361180404897,69.7536121424947,68.9848010250336,70.6752359630092,70.7813813154366,73.5385944751577,72.3792083047305,73.6920704602697,73.1550733570737,77.4324916267885,75.6557299912142,78.1228148015226,76.1587387830722,80.724345884913,79.0899421832398,81.3399426599569,81.2855835687215,84.2221766123093,83.8271815975205,84.9152109627493,84.0715868062067,86.95552621057,86.0070080567529,87.1387955664721,87.8842511656729,89.2893276411216,91.3706633659405,91.576964214994,91.883009478359,92.1912124607128,92.8800630309838,93.960132892046,92.5658099173433,95.3515147992379,96.1377231500023,97.0132073498091,96.5966653146362,102.144387271031,99.8027921074375,99.7482268423852,99.4265171349251,104.023716936676,101.918570420039,103.13435493506,104.671266757935,105.536065705694,104.521033800875,103.615230326636,107.730956045426,109.161507675742,109.004025335853
4,"Technicians and Trades Workers-Part time-Males",59.1055274992874,60.5675729498858,62.6078519134122,65.3556198057895,67.2357470470284,67.8348251320638,69.42219264859,71.0208291050917,71.3550034951538,71.1204211950618,74.2844481357112,76.6012606407474,78.2270198956163,79.4825496427639,81.416995185879,83.4880605337531,84.2248206897871,84.8274393694324,87.1201381782824,87.7487535205647,86.9279805915006,87.6149493419387,90.0051729390025,92.4005612020587,93.8295785878672,92.5816266440583,95.5773268817215,97.0310914149606,96.9999378840653,100.322768598887,104.232233211254,105.628589986976,105.918072752104,107.258741422143,111.414043888168,113.670884139356,114.872524647984,116.057868229536,117.70703217321,118.139887817806,117.808934222615,119.34785356639,123.639209291604,125.560141717926,126.068599584407,127.572532251403,129.011986612382,131.828888461594,131.809580549311,131.483397995998,130.875579749584,130.035930845035,135.382992235676,136.023301608351,138.675815889704,136.239440915821,135.533789048112,135.30704811436,136.186507474921,136.896936311028,136.548879500463,136.714419256951,138.436711462106,143.235641359202,143.595465644494,140.880669682565,140.641855299639,142.337366629674
