"Level","Description","X1","X2","X3","X4","X5","X6","X7","X8","X9","X10","X11","X12","X13","X14","X15","X16","X17","X18","X19","X20","X21","X22","X23","X24"
1,"Aggregated",24271.8934468359,24485.4347826081,24832.4347826088,24700.4347826088,24582.4347826088,24713.4347826088,25206.4347826088,25617.4347826088,26096.9635545413,26101.4347826088,26706.4347826088,26668.4347826088,26736.4347826088,26554.4347826088,26922.4347826088,27386.4347826088,27617.4347826088,27708.4347826088,28546.4347826088,28826.4347826088,29057.4347826088,29037.4347826088,29533.4347826088,29112.4347826088
2,"ACT",182.507627342392,179.681979318931,183.459807242774,186.482069581847,199.326684522911,188.748766336153,188.748766336153,169.859626716941,180.4375449037,175.148585810321,166.081798793099,170.61519230171,177.415282564626,185.726503997079,179.681979318931,166.081798793099,175.904151395089,166.081798793099,173.637454640784,167.592929962636,178.170848149394,191.771028675227,208.393471540133,206.882340370596
2,"NSW",9008.98203717769,9089.90110569319,8997.99316267404,8982.00920658291,9073.46834084882,9186.96187720845,9179.72879759793,9297.7778051882,9563.48252973094,9581.23452106582,9606.9242370221,9663.54504489265,9527.45450971251,9708.98345556848,9717.89662055735,9969.60192899543,9939.36916870543,10245.1589600712,10556.8691982338,10251.3546772978,10436.0048878908,10443.1657032334,10361.7661870727,10105.6231493284
2,"NT",784.230391689152,800.391304347772,837.391304347865,811.391304347865,775.391304347865,821.391304347865,831.391304347865,789.391304347865,824.391304347865,847.391304347865,915.391304347865,872.391304347865,855.391304347865,915.391304347865,921.391304347865,960.391304347865,988.391304347865,1113.39130434786,1099.39130434786,1053.39130434786,1082.39130434786,1113.39130434786,1128.39130434786,1112.39130434786
2,"QLD",5288.70600827596,5339.65502019827,5362.63202772413,5315.67903083332,5350.05664310874,5454.38081837502,5513.49534355297,5497.21447462123,5633.17695060034,5650.49098796301,5683.29057885171,5498.87394912875,5494.19242585299,5519.00832055724,5518.20242652625,5569.13152609281,5562.14033478544,5634.31418331303,5618.36082133893,5567.31862499591,5495.2643205939,5728.80111446811,5681.17160729551,5584.78016105142
2,"SA",1550.46630511467,1570.30434782633,1529.30434782608,1548.30434782608,1574.30434782608,1554.30434782608,1594.30434782608,1622.30434782608,1679.30434782608,1718.30434782608,1799.30434782608,1824.30434782608,1851.30434782608,1900.30434782608,1929.30434782608,1978.30434782608,1945.30434782608,1943.30434782608,1993.30434782608,2009.30434782608,1981.30434782608,1942.30434782608,1997.30434782608,2003.30434782608
2,"TAS",524.472196821842,539.454393659933,528.462589989127,518.469786294589,503.403259842195,508.790542017225,516.427820199946,530.856289875112,481.033237324274,514.729505612815,543.119425489396,527.68261557014,530.378854833239,507.133729204998,545.938506904566,530.727916030053,504.342294451305,529.00645463253,504.191852722669,527.614308811874,479.161837163453,488.157173916963,494.261050179898,492.701702374136
2,"VIC",3530.51026914033,3588.49654224524,3674.45480779552,3645.52806578281,3628.12651004425,3658.95340239059,3844.64009246441,3994.20223055469,3965.38434452879,4065.75298322205,4237.64466555313,4131.30147738244,4153.73074959795,4165.11775595142,4287.68681195128,4345.75847488415,4274.08124556203,4289.52732577603,4451.54496871563,4467.85077475225,4420.14121151282,4593.71836611979,4640.4458123115,4624.50662311897
2,"WA",3406.59000228486,3429.20057925771,3604.39682836476,3311.67777413438,3439.77141675629,3430.72045123476,3505.54539367634,3550.59260628699,3614.55798835021,3545.60291512609,3815.36979642371,3854.36374991788,3912.365231029,3652.14610758247,3762.73716329215,3864.47659361478,3995.1257331164,3969.59584765467,4296.37010972713,4666.24752805167,4832.08920973401,4822.44891424837,4847.06903218197,4666.47758860055
3,"ACT-Female",6.9930000035,6.99999999998708,10,6,12,13,15,13,12,9,8,11,12,19,15,12,14,13,18,14,13,13,19,14
3,"ACT-Male",172.838372438726,171.581303172597,173.217713706101,179.763355840115,188.763613774384,176.490534773108,174.854124239604,156.035403104313,168.30848210559,165.035661038583,156.035403104313,158.490018904568,165.035661038583,168.30848210559,165.035661038583,152.762582037306,161.762839971576,151.944376770554,156.035403104313,152.762582037306,165.035661038583,179.763355840115,192.854640108143,195.309255908399
3,"NSW-Female",649.350000325,649.999999999991,652,623,629,643,657,686,694,680,697,681,666,642,693,715,732,745,767,768,769,757,775,748
3,"NSW-Male",8359.63202346951,8438.55306457289,8375.61609962396,8353.63812840009,8421.20908504101,8537.2381411659,8530.61191333021,8581.23978705452,8798.62285859344,8909.33827666221,8885.93410622662,8949.18010086688,8962.85191486972,9058.39084020718,9030.05637320613,9231.77299227106,9261.10641829036,9439.80244570994,9642.04889205767,9616.50417946792,9662.84952430756,9679.29863048664,9670.14631026882,9463.15519304549
3,"NT-Female",24.9761131299877,26.4787934805605,27.8644990415066,27.6457127929615,28.2873264574781,29.637461678229,31.6852920241993,33.4074971861944,33.0792130311228,35.778761857712,38.0179101288722,39.1259617792637,39.939378804241,41.3347402461024,42.0927876434324,44.5119533628378,46.2871943325221,47.3239011985723,49.4152571688869,49.087297149914,49.3788454079605,50.6572524099894,51.5954620456832,52.2840043697337
3,"NT-Male",759.25447863363,774.478260869489,808.478260869573,786.478260869573,748.478260869573,791.478260869573,797.478260869573,754.478260869573,795.478260869573,807.478260869573,874.478260869573,833.478260869573,816.478260869573,873.478260869573,880.478260869573,912.478260869573,940.478260869573,1066.47826086957,1047.47826086957,1008.47826086957,1035.47826086957,1062.47826086957,1077.47826086957,1061.47826086957
3,"QLD-Female",353.646000177,353.999999999983,358,364,371,365,380,403,415,418,440,403,406,406,406,433,443,421,434,413,420,423,446,434
3,"QLD-Male",4935.06000718367,4982.01301725277,4998.99602328957,4945.05002530216,4988.81726155576,5083.40380324969,5125.5629090786,5089.11016881633,5226.32113818491,5228.33345703356,5236.74204123427,5090.70525600558,5092.51419610217,5099.91803488818,5112.15961163397,5130.64003087248,5121.32203213091,5201.52700666794,5196.67325342109,5147.71974118747,5083.21385527334,5300.43336607697,5228.1540569197,5141.84131946228
3,"SA-Female",91.9095217843695,93.5217391304368,94.5217391304346,101.521739130435,103.521739130435,102.521739130435,102.521739130435,102.521739130435,106.521739130435,111.521739130435,119.521739130435,121.521739130435,123.521739130435,129.521739130435,127.521739130435,128.521739130435,119.521739130435,131.521739130435,132.521739130435,128.521739130435,125.521739130435,127.521739130435,125.521739130435,131.521739130435
3,"SA-Male",1458.5400013615,1448.75404467372,1421.21313009327,1436.42626018654,1448.91367073507,1418.60773796549,1484.17773980482,1521.01352684262,1550.39657029387,1642.43645267045,1680.51019353933,1718.54816686002,1747.82794371625,1795.61115253806,1790.971344062,1829.02811205215,1828.67088126895,1786.69944943161,1872.89145498183,1832.63085942856,1807.52580073867,1824.00628716492,1849.22602078553,1845.52588851401
3,"TAS-Female",35.4447531232394,34.0781007148609,33.3920662638643,34.8344020447797,35.8472429318448,34.6523068134587,37.1096451554921,36.5315534762211,37.367305669291,35.2393021989602,34.4967171092105,35.1879671646294,37.6905271792444,34.7144056224971,37.0850183410139,37.3346841953996,34.4588808978274,35.2029760626401,35.3044885990353,38.4376669757922,38.3848376698993,34.042305170672,37.3516276902575,34.4521597386232
3,"TAS-Male",493.506000508757,511.488001257145,497.502001792833,483.516002152315,478.536910998354,475.418246642085,464.287403768361,487.586446408625,459.497653475311,484.366810601549,525.953257009243,504.130842873845,484.345785630777,506.324760660005,499,511.936925087684,459.329453709218,492.696264310767,473.696264310767,491.130842873845,454.046742990757,448.679932389208,436.700957359979,449.806082213839
3,"VIC-Female",257.742000200491,257.406556481401,253.859285585843,258.402901591339,230.035440923049,209.431587272856,236.519359931616,254.704745537907,232.597039203833,250.730374151584,252.942936827696,249.555638942898,255.559605952199,221.443406369108,250.324164619971,249.758603501082,244.946598567425,260.739714908276,275.149342486191,301.055466257289,323.63644099823,308.57067015354,325.019600766558,312.774300691582
3,"VIC-Male",3272.76549371693,3333.74599090685,3417.70348329659,3403.75897114372,3391.29327179711,3426.33097627726,3576.86747136911,3735.91082886649,3732.68169584465,3808.82633673509,4012.35860251807,3904.82817298583,3920.60554114281,3942.05663962687,4011.03200951571,4142.09882973841,4020.58046596315,4026.91918564031,4171.06773257928,4190.90929419235,4074.51066640895,4304.05031856293,4287.65260520979,4313.74252332066
3,"WA-Female",270.7290001355,271.000000000013,268,250,236,247,248,258,281,289,319,322,318,297,258,281,306,303,323,361,380,388,403,404
3,"WA-Male",3135.86100232819,3164.7704748174,3365.20261596148,3099.21037453517,3151.86233650271,3204.12554499098,3254.54661448707,3302.25916898617,3329.40895098978,3266.01615800842,3462.64792246543,3587.07303146363,3604.39683248347,3381.35611703667,3471.42106949609,3592.80982297535,3695.23089247144,3695.97980248948,3954.0407154468,4349.38907390501,4517.72903293327,4464.83002048587,4433.2874455009,4268.48974103186
4,"ACT-Female-Remanded",1.998000001,1.99999999999139,4,1,4,4,6,9,6,4,4,5,5,10,7,9,9,10,7,3,7,7,11,9
4,"ACT-Female-Sentenced",6.4166666666664,6.4166666666664,6.4166666666664,6.4166666666664,6.4166666666664,6.4166666666664,6.4166666666664,6.4166666666664,6.4166666666664,6.4166666666664,6.4166666666664,6.4166666666664,6.4166666666664,6.4166666666664,6.4166666666664,6.4166666666664,6.4166666666664,6.4166666666664,6.4166666666664,6.4166666666664,6.4166666666664,6.4166666666664,6.4166666666664,6.4166666666664
4,"ACT-Male-Remanded",68.5793715802999,67.2227556819139,68.3946098020594,65.6817272738742,67.4683142588198,64.1969017402728,69.8914770288713,56.9131918968984,70.115794497403,61.617306209513,67.5385715104907,65.5029067540823,71.1037345909937,70.6850176470635,75.1591598371269,74.8287054011079,85.5148807577345,80.8542211852113,57.6147772988785,68.2375563401738,67.8034438765328,77.8648646291578,71.5485237349525,68.9807975850725
4,"ACT-Male-Sentenced",105.331772902779,105.787486577913,106.603785429058,115.583072791655,124.562360154252,114.76677394051,109.052681982494,100.889693471042,108.236383131349,104.154888875623,95.1756015130255,95.1756015130255,96.8081992153159,95.9919003641707,87.8289118527187,72.3192336809601,69.0540382763793,55.9932566580563,91.0941072572995,94.3593026618803,98.4407969176062,101.705992322187,113.950475089365,124.562360154252
4,"NSW-Female-Remanded",181.818000091,181.999999999961,191,186,172,191,194,202,218,217,209,211,199,199,208,201,208,234,236,222,207,217,217,193
4,"NSW-Female-Sentenced",467.532000234,468.00000000003,461,437,457,452,463,484,476,463,488,470,467,443,485,514,524,511,531,546,562,540,558,555
4,"NSW-Male-Remanded",1970.02800337892,1973.02500907104,1842.15601364104,1858.14001732537,1969.71029734247,1970.79229363019,1869.24623821776,2017.36821819002,2147.08983259207,2162.36821819826,2172.3789339963,2188.4496132351,2320.62517220992,2341.3082547575,2326.89284201962,2402.43889743706,2397.76014623695,2478.29115450889,2417.93570521177,2460.32968635357,2545.70018279619,2500.56315566605,2554.68946699815,2316.62745045428
4,"NSW-Male-Sentenced",6389.604003198,6395.99999999967,6472,6540,6502,6493,6594,6571,6661,6664,6761,6746,6622,6606,6703,6903,6875,6855,7142,7147,7190,7006,7091,7090
4,"NT-Female-Remanded",11.6200567469362,12.0026579764031,10.7268135799797,10.4379085309213,11.3425389953065,11.7761353896604,12.0003798617053,11.1197794658184,9.88477353623436,11.9573727606109,11.5327183069969,10.5131091632485,10.520872650234,11.7055337605415,10.8406011104896,13.5585074994864,12.0865452758977,12.6693121777448,12.8344995963226,9.99771886502232,12.3085679948646,12.5814108104417,11.2856544130959,12.194570974701
4,"NT-Female-Sentenced",11.9890526362203,13.6187154613859,16.98863922077,17.5445829318767,17.8548192385771,18.5009125884437,20.2672252570323,22.6194229708071,22.9020530472222,26.3787536623021,28.2022764730886,29.6342175361672,30.8607734927236,31.5041115491896,31.841547385107,32.494027362722,33.3117504196181,33.2651602501961,35.1426923480906,36.1274724830604,36.1685050447044,36.6655191918807,38.3526837154503,38.7621223319605
4,"NT-Male-Remanded",146.8530000735,147.00000000003,140,123,125,141,140,158,175,158,175,149,159,199,187,199,213,265,255,231,226,244,226,232
4,"NT-Male-Sentenced",612.397217692695,623.217391304215,664.217391304348,659.217391304348,619.217391304348,646.217391304348,653.217391304348,592.217391304348,616.217391304348,645.217391304348,695.217391304348,680.217391304348,653.217391304348,670.217391304348,689.217391304348,709.217391304348,723.217391304348,797.217391304348,788.217391304348,773.217391304348,805.217391304348,814.217391304348,847.217391304348,825.217391304348
4,"QLD-Female-Remanded",87.1417413918823,83.425182674169,83.425182674169,79.7740757946655,83.425182674169,82.6949612982683,84.1554040500697,89.2669536813746,93.6482819367789,103.141159823488,103.141159823488,100.950495695786,94.3785033126796,98.0296101921831,99.4900529439845,103.871381199389,89.9971750572754,86.3460681777718,89.2669536813746,87.0762895536725,85.6158468018711,94.3785033126796,99.4900529439845,91.4576178090768
4,"QLD-Female-Sentenced",272.7270001365,272.999999999983,277,288,290,285,298,314,320,310,332,298,310,305,303,324,353,336,345,327,336,327,343,342
4,"QLD-Male-Remanded",999.422649827035,1018.72708395058,988.846689270301,985.284499407255,1040.00074400366,1056.99999999994,1054.00000000332,1106.99999999555,1179.9999999956,1179.99999999991,1212,1183,1107,1210,1134,1064,1120,1071,1060,981,1071,1111,1087,1071
4,"QLD-Male-Sentenced",4016.29053568304,3978.66953030976,3995.22291331226,4023.00894906644,3993.44933656199,4025.96491031689,4051.38617707072,4053.75094607107,4072.07790582383,4051.38617707072,4049.02140807036,3980.44310706003,3975.71356905932,3927.23580455202,4007.04675831404,4012.95868081493,4064.98359882276,4040.15352431902,4141.24739908425,4101.04632607819,4048.43021582027,4051.9773693208,4114.64374783024,4072.66909807392
4,"SA-Female-Remanded",37.962000019,37.9999999999957,39,48,44,41,37,36,41,48,52,52,54,61,59,64,57,59,57,51,50,52,54,51
4,"SA-Female-Sentenced",53.946000027,54,54,52,58,60,64,65,64,62,66,68,68,67,67,63,61,71,74,76,74,74,70,79
4,"SA-Male-Remanded",485.521377200211,485.076953272559,478.41071788808,485.796111318504,498.103127191756,501.024752503838,514.851259981035,521.96890601533,526.765336690063,540.536903465993,559.029697487026,571.618348876639,575.181497053425,585.642065070181,593.373540830554,602.999895628059,605.160306784711,609.887352477145,620.162461919322,632.712845377405,634.166190252923,634.45818965088,649.01780961443,650.391680586929
4,"SA-Male-Sentenced",973.037304829174,985.304347826187,978.304347826108,965.304347826108,961.304347826108,965.304347826108,961.304347826108,1000.30434782611,1055.30434782611,1050.30434782611,1091.30434782611,1118.30434782611,1165.30434782611,1178.30434782611,1209.30434782611,1242.30434782611,1237.30434782611,1211.30434782611,1234.30434782611,1235.30434782611,1240.30434782611,1202.30434782611,1204.30434782611,1240.30434782611
4,"TAS-Female-Remanded",9.85536549718894,9.85536549718894,9.85536549718894,9.85536549718894,9.85536549718894,9.85536549718894,9.85536549718894,9.85536549718894,9.85536549718894,9.85536549718894,9.85536549718894,9.85536549718894,9.85536549718894,9.85536549718894,9.85536549718894,9.85536549718894,9.85536549718894,9.85536549718894,9.85536549718894,9.85536549718894,9.85536549718894,9.85536549718894,9.85536549718894,9.85536549718894
4,"TAS-Female-Sentenced",20.9790000105,21.0000000000043,20,21,23,22,29,25,30,26,21,25,30,25,25,32,27,22,23,32,36,26,27,26
4,"TAS-Male-Remanded",105.893143330709,112.885286588289,114.882429842176,101.894573084983,100.166837704606,110.003162417721,113.775866782356,99.7122513692289,93.2883598668027,107.193422892977,113.509087284241,97.9196886495347,88.8037866013411,106.193422892874,110.856793427955,98.3302900146483,96.4881222102126,102.604024258197,99.3302900146483,94.8987235755355,95.0355906973097,102.07752084489,97.6249893319869,89.172457819084
4,"TAS-Male-Sentenced",387.612000354799,398.601000842564,382.617001163073,381.618001368078,379.14221859292,376.110859545013,352.032339384158,379.307159945848,367.4642002682,363.098150200709,401.215930441561,411.424940187329,384.483830307754,393.405310147187,397.712470093664,412.882219759149,360.476909611962,393,365.575059812671,393.307159946477,363.842959678865,348.032339384491,352.150119625343,361.901849799291
4,"VIC-Female-Remanded",61.938000031,62.0000000000129,59,59,54,50,47,48,45,51,54,54,50,51,62,61,64,70,77,77,76,69,70,70
4,"VIC-Female-Sentenced",195.804000098,196,196,198,188,168,178,199,197,192,198,197,203,185,176,189,183,184,192,213,238,246,248,248
4,"VIC-Male-Remanded",586.41300043792,586.99970523663,587.611670269351,591.801666410661,599.148416389984,603.732796214154,604.430655611336,657.669490218614,710.796799147589,702.258282758343,753.439681438393,776.248049781872,745.395263594279,757.989206732605,776.026187506688,763.224540813125,788.570549298118,784.368947343235,772.286994990923,800.384990133139,773.885455888194,794.054846667931,779.403288503331,767.733671251539
4,"VIC-Male-Sentenced",2686.34310420906,2747.31420953873,2825.26831187269,2802.3234111734,2778.77795921901,2833.24671594342,2966.44149844249,3015.0855024678,3005.53653113515,3124.8593125528,3202.50671416836,3181.88206204459,3150.09918424363,3190.96825940263,3228.74442418754,3276.4001392344,3227.42355897498,3294.73292885825,3375.38373092546,3418.87861863539,3355.04414164861,3445.54379024477,3511.19324414743,3573.39413614276
4,"WA-Female-Remanded",60.9390000305,61.0000000000388,52,49,43,53,53,57,68,72,76,61,54,64,56,74,84,74,67,71,59,65,75,69
4,"WA-Female-Sentenced",209.790000148918,210.961958610035,217.733870265047,190.83811603274,194.363805802106,193.771469354033,195.799696012634,204.363624695404,218.581409952696,215.98059926324,260.472545509369,261.341162387074,265.719267994137,211.839300631066,195.636574857095,214.349169325517,226.948091561786,230.327052546872,272.60370703892,301.250868888882,333.772541961675,316.03297218015,335.739549019589,334.521704460453
4,"WA-Male-Remanded",494.5050002475,494.999999999901,518,504,488,530,544,543,565,598,604,640,622,658,701,716,654,614,678,639,668,670,753,696
4,"WA-Male-Sentenced",2641.35600169113,2658.01882558834,2821.5308109322,2613.87873119027,2672.27037749192,2651.39363858527,2699.54870675225,2754.95824887434,2750.60636141473,2655.50099614181,2843.92444951709,2917.71172668764,2985.10536527292,2719.18290803944,2748.98409646318,2861.30218456555,3060.349895176,3097.03975884204,3227.79323665534,3695.85485851898,3813.16897942018,3789.02385530522,3641.8210765278,3610.10735755654
5,"ACT-Female-Remanded-ATSI",0,0.131981454790359,0.547350834767492,0.297574879665927,0.17140608977675,0.528455268265292,0.730714929196134,0.845910366049331,0.483798714502869,0.276745258463605,0.586285053584929,0.763344423258309,0.864626865595117,1.35053375840309,1.62848642840032,2.21545411559331,2.12324606007012,2.07050035656776,2.46829898613377,1.41193929501314,1.23564133901939,1.5627644642408,1.3219177522176,1.18414638055488
5,"ACT-Female-Remanded-Non-ATSI",1.998000001,1.99999999999569,3,1,4,3,5,8,6,4,3,4,4,8,5,6,7,8,4,3,6,5,10,8
5,"ACT-Female-Sentenced-ATSI",0,0,0,0,0,0,0,0,1,0,0,0,0,1,1,0,1,1,2,2,0,0,1,1
5,"ACT-Female-Sentenced-Non-ATSI",5.90781372880562,5.98067240000765,5.90781372880562,6.12638974241172,6.3460539776875,5.97134214649619,6.3460539776875,5.22191848411359,4.84720665292229,4.84720665292229,6.7207658088788,6.3460539776875,6.3460539776875,6.7207658088788,5.97134214649619,5.59663031530489,5.22191848411359,5.59663031530489,7.0954776400701,6.7207658088788,7.4701894712614,4.84720665292229,4.84720665292229,5.97134214649619
5,"ACT-Male-Remanded-ATSI",6.9930000035,7,7,9,9,12,9,8,7,6,11,7,7,10,12,12,14,17,12,11,14,17,16,19
5,"ACT-Male-Remanded-Non-ATSI",58.0646549412255,58.0962533867278,58.5256387780636,55.2005010871186,57.2713229960291,52.1015693914624,60.5867745661516,47.3429832618567,60.4439187377607,53.2563842854077,54.6729786883376,58.2888396639289,59.832871588405,60.1281796698586,62.527467676523,63.564149924964,71.3120228688771,66.9418568058037,48.4001438195775,55.8749738608383,55.5674568020777,62.890613412775,59.4431448341269,53.2565802926204
5,"ACT-Male-Sentenced-ATSI",4.9950000025,5.00000000000861,3,4,3,1,9,10,17,13,9,10,10,9,8,7,9,5,9,12,10,13,17,15
5,"ACT-Male-Sentenced-Non-ATSI",97.7980406439857,100.015262322641,102.496805799506,110.768617389054,120.694791296512,112.422979706964,100.015262322641,90.9162695741384,92.570631892048,91.7434507330932,85.9531826204095,85.1260014614546,86.7803637793643,86.7803637793643,79.3357333487709,64.4464724875843,59.4833855338554,49.5572116263976,81.8172768256354,82.6444579845902,88.4347260972739,89.2619072562287,98.3609000047317,110.768617389054
5,"NSW-Female-Remanded-ATSI",55.8333333333336,55.8333333333336,55.8333333333336,55.8333333333336,55.8333333333336,55.8333333333336,55.8333333333336,55.8333333333336,55.8333333333336,55.8333333333336,55.8333333333336,55.8333333333336,55.8333333333336,55.8333333333336,55.8333333333336,55.8333333333336,55.8333333333336,55.8333333333336,55.8333333333336,55.8333333333336,55.8333333333336,55.8333333333336,55.8333333333336,55.8333333333336
5,"NSW-Female-Remanded-Non-ATSI",130.8690000655,130.99999999997,138,133,124,136,141,149,154,159,155,148,143,140,144,152,153,171,177,164,156,153,163,144
5,"NSW-Female-Sentenced-ATSI",144.8550000725,145.000000000043,135,123,129,120,137,153,139,134,150,155,149,146,162,165,150,156,181,171,174,163,166,155
5,"NSW-Female-Sentenced-Non-ATSI",322.6770001615,322.999999999987,326,314,328,332,326,331,337,329,338,315,318,297,323,349,374,355,350,375,388,377,392,400
5,"NSW-Male-Remanded-ATSI",354.652052975933,350.663105656715,323.697158318588,333.69421101088,384.925365247189,384.227665061195,355.026157780225,365.686614514372,412.597004397546,416.73472193892,386.757992990233,398.768762765417,435.371113640374,439.521259533932,414.384494397123,427.811187532534,469.708011763549,469.134176240588,443.33511046018,456.388567058257,505.368877885328,502.699404940537,478.057796581887,480.912742785408
5,"NSW-Male-Remanded-Non-ATSI",1615.3830008085,1616.99999999997,1624,1520,1526,1576,1603,1666,1696,1765,1776,1782,1871,1899,1921,1909,1893,1985,1986,2011,1944,2047,2039,1928
5,"NSW-Male-Sentenced-ATSI",1238.77543539489,1255.43478260884,1238.4347826087,1264.4347826087,1258.4347826087,1293.4347826087,1347.4347826087,1376.4347826087,1387.4347826087,1390.4347826087,1392.4347826087,1396.4347826087,1375.4347826087,1358.4347826087,1397.4347826087,1478.4347826087,1456.4347826087,1455.4347826087,1571.4347826087,1607.4347826087,1619.4347826087,1592.4347826087,1604.4347826087,1601.4347826087
5,"NSW-Male-Sentenced-Non-ATSI",5150.844002578,5155.9999999996,5249,5291,5259,5215,5262,5210,5289,5289,5384,5365,5262,5263,5321,5440,5434,5415,5586,5555,5586,5429,5502,5504
5,"NT-Female-Remanded-ATSI",9.990000005,10.0000000000129,7,5,7,9,11,10,7,11,11,9,6,9,8,14,13,12,14,8,11,14,12,12
5,"NT-Female-Remanded-Non-ATSI",2.08625097727967,2.62861272254466,2.62861272254466,2.62861272254466,2.62861272254466,2.62861272254466,1.91216367435518,1.19571462616569,0.479265577976209,0.479265577976209,1.19571462616569,0.479265577976209,1.91216367435518,1.91216367435518,1.91216367435518,1.91216367435518,1.91216367435518,2.62861272254466,1.91216367435518,1.19571462616569,1.19571462616569,1.19571462616569,0.479265577976209,1.19571462616569
5,"NT-Female-Sentenced-ATSI",7.99293855030236,9.64415672084805,13.41793310226,14.1361798236026,14.0613733483837,14.9703872681034,15.4520498286357,15.2376287220526,14.6543422409637,18.575697544596,20.6537865299747,23.1652105436303,25.4362391731854,26.1697322513218,26.0884032806024,26.5153490731909,27.6817032481524,26.4196315247919,28.1010237310937,28.0519909845485,28.4960522468285,29.2014304810785,30.9853872905148,31.4607553757772
5,"NT-Female-Sentenced-Non-ATSI",5.41755092156359,4.68046342602612,4.05501065807341,4.05501065807341,4.68046342602612,4.05501065807341,5.93136896193155,8.4331800337424,7.80772726578969,6.55682172988426,6.55682172988426,5.30591619397883,4.68046342602612,5.30591619397883,5.93136896193155,5.93136896193155,5.30591619397883,7.18227449783697,6.55682172988426,7.80772726578969,6.55682172988426,6.55682172988426,6.55682172988426,6.55682172988426
5,"NT-Male-Remanded-ATSI",101.898000051,102.000000000013,99,94,96,119,121,135,150,130,139,127,137,167,155,163,169,227,206,184,178,202,181,190
5,"NT-Male-Remanded-Non-ATSI",44.9550000225,45.0000000000172,41,29,29,22,19,23,25,28,36,22,22,32,32,36,44,38,49,47,48,42,45,42
5,"NT-Male-Sentenced-ATSI",495.504000248,495.999999999871,526,529,490,517,530,481,493,521,565,553,523,537,556,578,594,645,647,633,655,651,689,651
5,"NT-Male-Sentenced-Non-ATSI",116.8830000585,116.999999999953,128,120,119,119,113,101,113,114,120,117,120,123,123,121,119,142,131,130,140,153,148,164
5,"QLD-Female-Remanded-ATSI",22.9770000115,22.9999999999871,26,24,22,20,22,24,30,31,31,33,24,34,39,39,28,29,30,31,26,33,37,35
5,"QLD-Female-Remanded-Non-ATSI",60.1774152488921,58.8436902782323,56.6269139204308,54.4101375626293,59.5826157308328,60.3215411834333,60.3215411834333,64.0161684464357,64.0161684464358,72.8832738776417,72.8832738776417,69.1886466146392,69.1886466146392,65.4940193516368,63.2772429938353,67.7107957094382,61.7993920886343,57.3658393730313,59.5826157308328,56.6269139204308,58.8436902782323,62.5383175412348,64.7550938990362,58.1047648256318
5,"QLD-Female-Sentenced-ATSI",70.9290000434229,70.9041457161383,70.4271534289685,72.8642328551395,81.3013122813069,81.9900740028047,85.8741588523348,92.1456931420558,90.1357671448605,89.1456931420558,96.8741588523348,84.814602869163,75.4370794261674,78.5728465710279,74.4172274317768,77.8741588523348,84.7185397130837,87.7185397130837,91.2913862841116,90.1357671448605,96.0198519943906,95.6986877186931,96.1556191392511,102.291386284112
5,"QLD-Female-Sentenced-Non-ATSI",201.798000101,201.999999999978,207,213,204,206,207,221,232,220,230,226,232,226,232,241,267,247,252,239,234,236,243,238
5,"QLD-Male-Remanded-ATSI",215.784000456691,224.775001273824,226.773002008681,232.767002667171,243.741288322855,272.184910306522,254.087633694451,253.971071247732,301.456606871214,281.340044424135,299.932499577641,324.049062024846,310.359330259095,329.4758927063,317.49517854126,271.51446437622,304.145491199645,284.54339312866,270.54339312866,227.426830681454,277.75723218811,293.106919529725,292.20419614197,288.70901760071
5,"QLD-Male-Remanded-Non-ATSI",795.942943441271,788.449794594535,796.011807171463,771.813366925292,764.251354348364,776.350574471449,821.722649933019,845.92109017919,844.408687663804,827.016058736869,855.751706529196,840.62768137534,814.160637356091,830.797065025333,827.772259994562,822.478851190712,797.524209686849,796.768008429156,801.305215975313,794.499404656077,796.768008429156,808.111027294548,799.792813459927,781.643983275299
5,"QLD-Male-Sentenced-ATSI",973.026000487,973.999999999854,1008,1030,1032,1081,1125,1137,1130,1100,1088,999,1011,1018,1087,1066,1069,1075,1170,1197,1177,1203,1235,1234
5,"QLD-Male-Sentenced-Non-ATSI",2938.07813928338,2949.24252952208,2946.4202141425,2958.17986155742,2933.71979493438,2936.54211031396,2936.07172441736,2932.30863724459,2950.18330131527,2947.83137183229,2951.59445900506,2938.89403979694,2929.48632186501,2887.62197706787,2918.66744624327,2933.24940903778,2973.23221024852,2950.65368721187,2986.40301535324,2941.71635517653,2909.25972831134,2899.8520103794,2934.66056672757,2901.73355396578
5,"SA-Female-Remanded-ATSI",12.9870000065,13.0000000000043,12,16,12,13,9,7,9,11,14,16,12,15,16,15,13,22,20,15,14,17,16,16
5,"SA-Female-Remanded-Non-ATSI",24.9755650913294,25.9351986399286,28.7090258159504,32.4193138559107,31.3875286693846,27.8727982698795,26.7409168562696,30.1576128831294,35.1488039945366,37.517034912154,36.7422042439762,35.7878530889381,41.5931854923813,45.9603615543197,44.491471353659,44.4503726349283,40.6976554128351,39.914288634684,33.8698768313343,36.8992754387552,39.4577821999556,38.0676945946863,36.6707664910543,36.3622316429777
5,"SA-Female-Sentenced-ATSI",12.400055252021,10.629928654815,10.629928654815,10.629928654815,15.8565547602054,14.985450409307,14.985450409307,16.7276591111038,15.8565547602054,15.8565547602054,15.8565547602054,14.1143460584086,15.8565547602054,14.1143460584086,13.2432417075102,11.5010330057134,12.3721373566118,12.3721373566118,12.3721373566118,14.1143460584086,14.985450409307,15.8565547602054,17.5987634620022,19.340972163799
5,"SA-Female-Sentenced-Non-ATSI",43.956000022,44,44,42,42,45,49,48,48,46,50,54,52,53,54,52,49,59,62,62,59,58,52,59
5,"SA-Male-Remanded-ATSI",112.891077750513,111.618940516227,106.855476289017,109.222935209122,108.951596678917,117.949095807111,118.350998522351,114.729575452396,122.068394934444,127.805421838592,143.154479794744,151.892241667179,146.141546955576,151.822058608842,158.277919173339,160.726372070746,160.851158856321,168.324408558193,182.271292132535,178.142418126603,174.719038510198,181.031419294645,184.767826204644,189.991903641607
5,"SA-Male-Remanded-Non-ATSI",372.6270001865,373.00000000006,359,375,392,381,412,411,404,415,436,421,410,429,421,464,427,420,456,468,439,440,479,443
5,"SA-Male-Sentenced-ATSI",166.833000129628,163.841439969541,151.394820003785,156.355970032175,168.42082074781,155.597924264642,171.334405949609,194.041323781996,188.03946647551,185.611818081602,207.221313001707,212.577567683917,211.294823037545,230.213338950365,239.065547642045,241.269083432558,235.649190695486,240.568338493785,246.576383495863,243.483677359009,254.838847510197,248.428886206264,248.686897794357,251.737912198922
5,"SA-Male-Sentenced-Non-ATSI",806.200522138869,814.521739130419,823.521739130425,808.521739130425,787.521739130425,799.521739130425,788.521739130425,810.521739130425,858.521739130425,870.521739130425,890.521739130425,901.521739130425,942.521739130425,952.521739130425,970.521739130425,1001.52173913042,1005.52173913043,970.521739130425,982.521739130425,978.521739130425,982.521739130425,955.521739130425,956.521739130425,992.521739130425
5,"TAS-Female-Remanded-ATSI",2.39703216385543,2.39703216385543,2.39703216385543,2.39703216385543,2.39703216385543,2.39703216385543,2.39703216385543,2.39703216385543,2.39703216385543,2.39703216385543,2.39703216385543,2.39703216385543,2.39703216385543,2.39703216385543,2.39703216385543,2.39703216385543,2.39703216385543,2.39703216385543,2.39703216385543,2.39703216385543,2.39703216385543,2.39703216385543,2.39703216385543,2.39703216385543
5,"TAS-Female-Remanded-Non-ATSI",7.45833333333333,7.45833333333333,7.45833333333333,7.45833333333333,7.45833333333333,7.45833333333333,7.45833333333333,7.45833333333333,7.45833333333333,7.45833333333333,7.45833333333333,7.45833333333333,7.45833333333333,7.45833333333333,7.45833333333333,7.45833333333333,7.45833333333333,7.45833333333333,7.45833333333333,7.45833333333333,7.45833333333333,7.45833333333333,7.45833333333333,7.45833333333333
5,"TAS-Female-Sentenced-ATSI",2.99700000367991,3.3615475476623,3.36934804328189,3.91846592073905,3.51915788349325,3.97819484878613,3.57388612611352,5.08167102287556,3.52234411357576,4.61957576711195,4.00186625172715,4.08364707847348,4.646626299067,3.61066330849778,4.6349192054162,4.89546556574294,4.48739299714134,4.52576439239591,6.45885892738281,5.43979791751456,5.13922988053264,4.55933520551116,5.50300296826038,6.3768831944459
5,"TAS-Female-Sentenced-Non-ATSI",20.9008085333738,19.8972249728081,19.4078808500374,20.5434011020251,19.5458192092788,20.9475101064819,22.6312898440207,20.4393375898471,23.8052058466896,19.8899168068698,20.3182793830406,21.0538187433357,23.049621848089,20.2435360123985,21.5568075803386,22.3462105508669,20.5727383635739,19.5307047817889,20.9544018634316,23.5641581260751,23.2787871108311,20.6042930957088,22.3239869337974,21.0511475399651
5,"TAS-Male-Remanded-ATSI",14.1983520380126,13.6904759292838,14.6934958823934,17.2010457651675,15.1950058589482,13.188965952729,14.6934958823934,16.1980258120578,14.6934958823934,14.1919859058386,10.6814160699549,13.188965952729,11.6844360230645,12.1859459996193,13.188965952729,13.188965952729,14.6934958823934,15.696515835503,16.6995357886127,15.1950058589482,14.1919859058386,13.6904759292838,14.1919859058386,15.696515835503
5,"TAS-Male-Remanded-Non-ATSI",92.9060750469625,97.900150049925,94.9022250488875,85.91030004485,89.3000000000833,94.3000000000187,91.299999999967,82.2999999999972,73.3000000000303,93.3000000000303,102.30000000003,86.3000000000303,83.3000000000303,100.30000000003,90.3000000000303,89.3000000000303,89.3000000000303,88.3000000000303,87.3000000000303,79.3000000000303,76.3000000000303,89.3000000000303,83.3000000000303,72.3000000000303
5,"TAS-Male-Sentenced-ATSI",44.6105200133963,44.3695823493375,45.7605009359579,44.8332218782109,47.6150590514517,41.5877451760967,40.6604661183497,41.5877451760967,42.5150242338436,44.8332218782109,45.7605009359579,46.2241404648313,48.5423381091987,45.7605009359579,45.7605009359579,45.7605009359579,45.7605009359579,43.905942820464,44.8332218782109,43.4423032915905,43.4423032915905,43.905942820464,45.7605009359579,44.3695823493375
5,"TAS-Male-Sentenced-Non-ATSI",343.65600025829,351.648000562879,337.662000731891,330.669000818247,338.849564324553,335.81603285564,317.77004106692,332.733996479865,333.917963625509,321.623990612851,353.71597418534,364.311995306426,329.779988266064,344.201989439457,349.045991786245,362.174019947692,319.706026988053,348.311995306426,321.064014080723,349.577998826606,326.018022294479,307.412053976107,311.660035201809,320.174019947692
5,"VIC-Female-Remanded-ATSI",3.99600000299679,3.63386281237146,3.15346626006772,3.69306747986331,5.57673313003417,4.57673313003417,4.42326686996583,4.15346626006835,2.57673313003417,2.42326686996583,3.42326686996583,3.57673313003417,3,3.84653373993165,5,5.84653373993165,6.57673313003417,6.42326686996583,6.57673313003417,6,7.26980060989748,7.30693252013669,6.26980060989748,7.57673313003417
5,"VIC-Female-Remanded-Non-ATSI",57.942000029,58.0000000000043,57,53,49,46,42,45,43,48,50,51,47,46,57,54,58,63,71,71,67,64,62,63
5,"VIC-Female-Sentenced-ATSI",11.988000006,11.9999999999957,13,15,12,8,8,11,10,11,12,13,10,11,10,10,11,11,12,10,13,19,20,18
5,"VIC-Female-Sentenced-Non-ATSI",183.816000092,184.000000000004,183,183,176,160,170,188,187,181,186,184,193,174,166,179,172,173,180,203,225,227,228,230
5,"VIC-Male-Remanded-ATSI",45.3333333333333,45.3333333333333,45.3333333333333,45.3333333333333,45.3333333333333,45.3333333333333,45.3333333333333,45.3333333333333,45.3333333333333,45.3333333333333,45.3333333333333,45.3333333333333,45.3333333333333,45.3333333333333,45.3333333333333,45.3333333333333,45.3333333333333,45.3333333333333,45.3333333333333,45.3333333333333,45.3333333333333,45.3333333333333,45.3333333333333,45.3333333333333
5,"VIC-Male-Remanded-Non-ATSI",552.453942614014,557.448979345339,560.205628971556,558.016315562104,565.698170911498,574.016315562104,572.758653080184,603.539507429532,664.319544092207,672.266111140436,671.97861641751,701.061881610287,715.122363778973,713.20562897175,729.789303007864,745.054014706699,747.872568200641,740.962882610333,737.728820839178,757.349376333213,751.425592309075,753.349376333213,740.72095393559,729.879617417556
5,"VIC-Male-Sentenced-ATSI",125.877782669804,129.782608695658,130.782608695646,149.782608695646,150.782608695646,154.782608695646,160.782608695646,159.782608695646,167.782608695646,162.782608695646,161.782608695646,170.782608695646,177.782608695646,177.782608695646,177.782608695646,195.782608695646,188.782608695646,188.782608695646,193.782608695646,184.782608695646,192.782608695646,211.782608695646,211.782608695646,209.782608695646
5,"VIC-Male-Sentenced-Non-ATSI",2560.46569989925,2620.43440088208,2679.40409899217,2655.45679419242,2634.11930835054,2682.5305913076,2800.78517117264,2857.17853525241,2843.41272704366,2964.48846069036,3035.99511360695,3008.59140094678,2977.85805378113,3017.15233341178,3044.65613301353,3084.13955844739,3043.60226923495,3106.36059190773,3177.40766965599,3229.31122840834,3164.06050381422,3237.88936861532,3298.69986919569,3362.17917567952
5,"WA-Female-Remanded-ATSI",33.966000017,34.0000000000431,24,28,19,29,31,29,36,40,43,22,23,37,28,34,36,40,31,35,32,43,48,39
5,"WA-Female-Remanded-Non-ATSI",29.6199842832739,28.3878014341893,28.9495932893616,25.0170503031551,26.7024258686722,26.7024258686722,25.5788421583275,28.9495932893616,31.1967607100511,31.1967607100511,31.7585525652234,35.1293036962576,30.6349688548787,28.3878014341893,28.9495932893616,35.69109555143,40.1854303928088,32.3203444203958,33.4439281307405,33.4439281307405,28.3878014341893,25.5788421583275,28.3878014341893,30.0731769997063
5,"WA-Female-Sentenced-ATSI",114.8850000575,115.000000000004,114,99,97,96,101,100,112,119,140,158,151,123,105,105,107,103,119,134,155,148,148,153
5,"WA-Female-Sentenced-Non-ATSI",94.905000062926,95.9182912688712,105.465858106281,102,93.0292644803544,98.9902451732152,92.0195096535696,104.465858106253,101,96.5146322401772,105.475612933038,103,117.951225866076,108.514632240177,90.5634063741012,104.475612933038,121.436593625899,131.446348452684,142.446348452684,165.407329145544,170.951225866076,179.456103279468,182.475612933038,182.990245173215
5,"WA-Male-Remanded-ATSI",188.8110000945,189.000000000013,186,178,181,214,213,196,217,233,239,271,240,259,291,279,264,260,274,247,267,271,291,261
5,"WA-Male-Remanded-Non-ATSI",305.694000153,305.999999999888,332,326,307,316,331,347,348,365,365,369,382,399,410,437,390,354,404,392,401,399,462,435
5,"WA-Male-Sentenced-ATSI",1055.9430005285,1056.99999999971,1125,1070,1049,1013,1052,1082,1094,1100,1156,1198,1223,1134,1106,1161,1255,1268,1288,1412,1491,1478,1425,1385
5,"WA-Male-Sentenced-Non-ATSI",1585.41300107603,1594.48769632279,1667.15777519857,1567.40427906539,1634.34750387852,1656.2978604673,1628.87589147196,1659.71098449767,1651,1549.66847286211,1664.15777519863,1702.03366667059,1752.59572093461,1623.6436511565,1655.97517829439,1675.14893023365,1764.28188372667,1825.76947287387,1934.6542093108,2236.3669069978,2290.41483721969,2319.71982946265,2240.09044185746,2243.38830232476
