,0,1,2,3,4,5,6
Aggregated,211394.5,203419.78,206876.06,221032.28,223378.36,223622.64,223042.53
de,16749.285,14861.818,15949.279,16448.588,16422.36,16391.99,16587.926
en,160857.0,158138.38,159691.36,168697.23,169944.5,170546.88,170119.73
es,26733.746,23591.004,24275.426,28588.395,29750.18,29379.045,29109.703
zh,7054.562,6828.586,6959.9653,7298.103,7261.3525,7304.7515,7225.1665
de-desktop,10352.724,8610.394,9137.315,10251.453,10092.604,10169.468,10200.379
de-mobileapp,448.07373,467.24136,465.5186,462.78336,470.7657,465.36237,470.70416
de-mobileweb,5948.488,5784.1855,6346.445,5734.355,5858.993,5757.162,5916.8413
en-desktop,80884.8,74436.38,75200.13,84484.04,85443.68,85915.664,85879.25
en-mobileapp,1720.3884,1729.6833,1728.8905,1710.9359,1713.4716,1719.7831,1699.205
en-mobileweb,78251.87,81972.29,82762.34,82502.3,82787.38,82911.42,82541.305
es-desktop,12662.908,9572.378,9996.227,14196.466,15132.371,14817.015,14630.76
es-mobileapp,175.00516,184.0003,185.0337,190.13875,184.31462,184.30807,184.42097
es-mobileweb,13895.836,13834.626,14094.168,14201.792,14433.489,14377.724,14294.522
zh-desktop,5105.247,4831.4883,4966.8247,5312.822,5277.651,5312.509,5220.477
zh-mobileapp,104.892815,107.743034,106.97983,108.20581,106.43251,106.94029,105.52529
zh-mobileweb,1844.4219,1889.3572,1886.1619,1877.0763,1877.2715,1885.3037,1899.1653
de-desktop-spider,10334.3125,8593.834,9122.4375,10235.054,10075.273,10150.929,10181.113
de-desktop-user,10354.069,8611.921,9138.845,10252.991,10094.143,10171.014,10201.912
de-mobileapp-user,448.07373,467.24136,465.5186,462.78336,470.7657,465.36237,470.70416
de-mobileweb-spider,5944.585,5779.8125,6341.7524,5729.2715,5853.792,5751.9473,5911.595
de-mobileweb-user,5948.488,5784.1855,6346.445,5734.355,5858.993,5757.162,5916.8413
en-desktop-spider,80536.97,74140.95,74640.83,84110.98,85066.85,85525.75,85505.86
en-desktop-user,80864.766,74416.08,75179.83,84463.74,85423.375,85895.37,85858.945
en-mobileapp-user,1720.3884,1729.6833,1728.8905,1710.9359,1713.4716,1719.7831,1699.205
en-mobileweb-spider,78044.36,81764.08,82554.336,82293.36,82580.195,82702.59,82334.06
en-mobileweb-user,78247.195,81967.35,82757.86,82497.766,82785.17,82907.17,82538.62
es-desktop-spider,12646.989,9557.359,9980.725,14180.494,15117.336,14801.277,14615.373
es-desktop-user,12663.185,9573.772,9997.978,14198.315,15134.545,14818.684,14632.812
es-mobileapp-user,175.00516,184.0003,185.0337,190.13875,184.31462,184.30807,184.42097
es-mobileweb-spider,13893.661,13832.104,14091.786,14199.428,14431.0625,14375.369,14292.113
es-mobileweb-user,13895.836,13834.626,14094.168,14201.792,14433.489,14377.724,14294.522
zh-desktop-spider,5081.748,4809.886,4945.4805,5289.7524,5255.411,5290.3003,5196.917
zh-desktop-user,5101.2114,4827.116,4962.551,5308.4565,5273.3706,5308.1494,5216.1914
zh-mobileapp-user,104.892815,107.743034,106.97983,108.20581,106.43251,106.94029,105.52529
zh-mobileweb-spider,1837.4086,1882.3441,1879.1489,1870.0634,1870.2585,1878.2908,1892.1523
zh-mobileweb-user,1842.96,1887.8619,1884.6812,1875.6877,1875.7615,1883.7935,1897.6553
de-desktop-spider-23andMe,-1.3459053,-1.527482,-1.5294962,-1.538868,-1.539206,-1.5461955,-1.5334334
de-desktop-spider-500px,-1.5832868,-1.3920369,-1.1874313,-1.3150125,-1.5876131,-1.7734632,-1.7655997
de-desktop-spider-Badoo,0.6026392,0.7701211,0.7840042,0.7851548,0.7852502,0.7852583,0.78525877
de-desktop-spider-CouchSurfing,-1.4145005,-1.2913213,-1.2852194,-1.2776241,-1.2771845,-1.2767155,-1.2766845
de-desktop-spider-DeviantArt,-2.2031696,-2.460044,-2.8900266,-2.6519473,-2.9686794,-2.5305662,-2.811876
de-desktop-spider-Facebook,38.15186,39.446285,39.5694,39.574333,39.575108,39.567856,39.581306
de-desktop-spider-Flickr,15.516479,15.516479,15.516479,15.516479,15.516479,15.516479,15.516479
de-desktop-spider-Foursquare,-0.7772119,0.38336802,-0.6392667,-0.63691473,-0.64134693,-0.11778307,-0.6751306
de-desktop-spider-Google+,5.4300175,5.906827,6.226616,6.4410934,6.584939,6.6814146,6.7461185
de-desktop-spider-Imgur,-1.1313231,-1.1313231,-1.1313231,-1.1313231,-1.1313231,-1.1313231,-1.1313231
de-desktop-spider-Instagram,16.225555,16.044024,17.09182,19.010258,17.068262,21.009384,15.652246
de-desktop-spider-Kickstarter,-0.19959736,-0.84664464,-1.5528677,-1.3236978,-1.1495035,-1.7853746,-1.7735994
de-desktop-spider-Last.fm,0.76409626,1.1792722,1.4519377,1.6310086,1.7486134,1.8258486,1.8765731
de-desktop-spider-LinkedIn,3.5861888,3.6706042,4.7897506,4.39916,3.5637832,3.680056,3.683269
de-desktop-spider-LiveJournal,-1.685261,-1.7433798,-2.1002831,-1.6755233,-1.9121048,-2.1055603,-2.2517607
de-desktop-spider-MyHeritage,-1.5159683,-1.5880907,-1.8189499,-1.6356144,-1.8303671,-1.9464033,-1.8331828
de-desktop-spider-Myspace,2.0898194,2.29115,2.4613242,2.605163,2.7267408,2.829505,2.9163651
de-desktop-spider-Pinterest,2.350967,3.0151496,3.282699,3.4051528,3.4709492,3.5120044,3.54046
de-desktop-spider-Pixabay,-1.107909,-0.8448851,-1.3496611,-0.8626685,-1.0919576,-0.49457288,-0.39020634
de-desktop-spider-Quora,1.2412362,1.2412362,1.2412362,1.2412362,1.2412362,1.2412362,1.2412362
de-desktop-spider-Ravelry,-1.6098564,-1.7908039,-2.1586733,-1.8421476,-1.8139732,-2.0120206,-1.6102583
de-desktop-spider-Reddit,1.1360579,1.0964432,0.7708101,0.903944,0.18597126,0.5962844,1.1105337
de-desktop-spider-Shutterfly,-2.8884153,-2.420338,-2.1110497,-3.2863822,-2.9356785,-3.1273232,-3.0999112
de-desktop-spider-Skype,11.019002,11.906448,12.219593,12.33009,12.36908,12.382837,12.3876915
de-desktop-spider-Snapchat,13.036541,2.7835884,11.466328,5.4567738,15.740143,11.032283,2.8492727
de-desktop-spider-SoundCloud,1.5236869,0.87842035,1.372045,0.8782344,1.344626,0.95667887,1.0254683
de-desktop-spider-StumbleUpon,-2.5207884,-2.3499134,-2.3656123,-2.5235791,-2.367546,-2.8362455,-2.36757
de-desktop-spider-Tagged,-1.0428066,-1.795331,-2.0910485,-1.9941366,-2.615648,-2.789267,-2.3519533
de-desktop-spider-Tumblr,4.718414,4.878712,4.774984,4.724277,4.6858277,4.6515517,4.6210313
de-desktop-spider-Twitter,26.607103,26.811373,26.999918,27.17394,27.334564,27.482822,27.61966
de-desktop-spider-Viadeo,-2.1552656,-2.1387987,-2.1387987,-2.1387987,-2.1387987,-2.1387987,-2.1387987
de-desktop-spider-Viber,2.967206,2.967206,2.967206,2.967206,2.967206,2.967206,2.967206
de-desktop-spider-WeChat,1.4688549,1.5389075,1.5389075,1.5389075,1.5389075,1.5389075,1.5389075
de-desktop-spider-WhatsApp,17.684296,18.463066,18.650162,18.69511,18.70591,18.708504,18.70913
de-desktop-spider-Xanga,-2.9274344,-2.7743945,-3.2408762,-3.239266,-3.0405092,-2.8601038,-3.2449417
de-desktop-spider-Yelp,-2.8505332,-2.8505332,-2.8505332,-2.8505332,-2.8505332,-2.8505332,-2.8505332
de-desktop-spider-YouTube,46.08818,37.84921,34.96654,33.95795,33.60506,33.48159,33.438393
de-desktop-spider-Zynga,-0.9863174,-0.8053992,-0.64755106,-0.50983167,-0.38967323,-0.28483772,-0.19337082
de-desktop-user-23andMe,21.16364,18.081915,19.78864,21.409246,22.957914,27.197739,20.829779
de-desktop-user-500px,10.689466,7.4139247,10.115129,11.700354,11.328615,11.441914,8.968075
de-desktop-user-Badoo,48.69845,46.67402,47.74907,47.500122,48.68621,54.586823,52.5393
de-desktop-user-CouchSurfing,86.604324,78.20708,96.59699,92.65612,87.58641,89.7539,92.780396
de-desktop-user-DeviantArt,18.703629,18.347824,18.129982,17.996605,17.914948,17.864948,17.834335
de-desktop-user-Facebook,2620.3667,2145.0283,2227.9883,1982.8773,1826.528,1925.3248,2213.68
de-desktop-user-Flickr,122.80421,83.74139,98.41364,151.6975,127.10027,145.07104,116.89332
de-desktop-user-Foursquare,24.62155,14.180124,17.34777,21.62155,35.31518,35.203796,24.351133
de-desktop-user-Google+,105.28277,61.58991,64.00566,111.62425,114.43145,117.2868,101.10734
de-desktop-user-Imgur,24.96706,23.931503,25.294024,26.371046,28.756275,27.491617,25.987635
de-desktop-user-Instagram,895.84827,554.2087,728.1304,1160.5126,1194.1095,1196.0131,1099.2233
de-desktop-user-Kickstarter,13.385373,13.464189,13.786284,13.963052,13.876122,13.8259535,13.678174
de-desktop-user-Last.fm,28.519611,28.074436,28.03358,28.031086,28.031036,28.031048,28.031052
de-desktop-user-LinkedIn,562.1462,444.3155,437.3917,603.78406,519.79114,512.9606,472.36737
de-desktop-user-LiveJournal,1.8689756,2.150764,2.150764,2.150764,2.150764,2.150764,2.150764
de-desktop-user-MyHeritage,19.557959,15.585995,16.377449,18.186872,20.703169,19.86934,18.144814
de-desktop-user-Myspace,92.43161,96.49166,97.672165,98.01541,98.11521,98.14423,98.152664
de-desktop-user-Pinterest,585.4987,512.1429,579.25146,715.5782,677.5583,659.8237,651.2384
de-desktop-user-Pixabay,26.767715,24.91061,25.23219,28.461187,28.351545,28.673079,28.713018
de-desktop-user-Quora,29.69711,26.180899,25.158445,30.286884,28.813503,42.153557,32.44429
de-desktop-user-Ravelry,2.6366167,2.6366167,2.6366167,2.6366167,2.6366167,2.6366167,2.6366167
de-desktop-user-Reddit,222.19601,233.41794,236.75958,237.75461,238.05093,238.13916,238.16544
de-desktop-user-Shutterfly,0.26556826,0.2521782,1.545011,0.18250608,0.9958911,0.6666026,0.59911823
de-desktop-user-Skype,465.91324,465.91324,465.91324,465.91324,465.91324,465.91324,465.91324
de-desktop-user-Snapchat,590.8225,531.7449,531.58435,565.2616,573.38293,560.0166,556.62683
de-desktop-user-SoundCloud,159.0987,133.51387,128.28426,140.77124,151.57903,157.00275,147.91806
de-desktop-user-StumbleUpon,4.0838513,3.637998,4.8915,5.270409,5.376529,4.932792,4.5566897
de-desktop-user-Tagged,-1.057584,-1.2533939,-1.3623073,-1.5238817,-1.4160063,-1.0880146,-1.516655
de-desktop-user-Tumblr,263.93353,206.75708,219.32465,251.09879,248.38446,289.5117,252.74516
de-desktop-user-Twitter,576.0786,461.7012,491.75076,548.78864,563.0266,539.97546,567.25684
de-desktop-user-Viadeo,0.25635386,0.32516336,0.784842,0.67413855,0.98327446,1.3354836,0.6400833
de-desktop-user-Viber,49.86525,50.56483,55.725975,55.363457,57.184597,56.52345,52.385826
de-desktop-user-WeChat,102.85928,99.633194,99.95073,107.74516,103.14244,106.6304,101.09736
de-desktop-user-WhatsApp,950.7798,715.0908,820.161,1071.4104,1105.003,1088.8488,1120.7474
de-desktop-user-Xanga,-0.5857899,-0.57859826,-0.54475236,-0.56079507,-0.5633831,-0.60352755,-0.54153275
de-desktop-user-Yelp,5.4763284,5.4763284,5.4763284,5.4763284,5.4763284,5.4763284,5.4763284
de-desktop-user-YouTube,1419.805,1301.392,1305.8885,1423.5635,1446.5342,1405.3018,1382.7847
de-desktop-user-Zynga,18.410923,16.560015,14.878143,16.399109,17.329878,18.539541,19.265802
de-mobileapp-user-23andMe,4.2929826,4.2929826,4.2833066,4.2881446,4.2833066,4.2978206,4.2833066
de-mobileapp-user-500px,3.536577,3.593132,3.473003,3.473003,3.473003,3.473003,3.473003
de-mobileapp-user-Badoo,6.73822,6.7401896,6.7440834,6.744092,6.73676,6.744092,6.740427
de-mobileapp-user-CouchSurfing,6.06452,6.2026935,6.203314,6.2039347,6.204555,6.2051754,6.2057962
de-mobileapp-user-DeviantArt,3.6423287,3.6423287,3.6423287,3.6423287,3.6423287,3.6423287,3.6423287
de-mobileapp-user-Facebook,40.24343,39.86492,38.462727,44.030464,44.429214,44.204235,45.542572
de-mobileapp-user-Flickr,6.9784513,7.034168,6.73302,6.672614,6.6930947,6.9016194,6.6785574
de-mobileapp-user-Foursquare,4.00307,4.00307,4.00307,4.00307,4.00307,4.00307,4.00307
de-mobileapp-user-Google+,7.483058,7.26367,7.26367,7.26367,7.26367,7.26367,7.26367
de-mobileapp-user-Imgur,3.9818325,4.105362,4.1139464,4.1216865,4.1286654,4.1349583,4.1406326
de-mobileapp-user-Instagram,56.24012,59.275005,57.57801,56.835247,56.565292,57.213505,58.802364
de-mobileapp-user-Kickstarter,3.9860418,3.9860418,3.9860418,3.9860418,3.9860418,3.9860418,3.9860418
de-mobileapp-user-Last.fm,4.816308,4.804766,4.804766,4.804766,4.804766,4.804766,4.804766
de-mobileapp-user-LinkedIn,17.058523,18.967175,18.967175,18.967175,18.967175,18.967175,18.967175
de-mobileapp-user-MyHeritage,4.354485,4.6426096,4.6677074,4.198548,4.4260845,4.2781854,4.46171
de-mobileapp-user-Myspace,8.605422,9.109335,9.192131,9.258629,9.36888,9.206507,9.152331
de-mobileapp-user-Pinterest,20.003366,28.600697,25.00949,17.976217,24.87028,17.46794,20.357439
de-mobileapp-user-Quora,4.0496025,3.4561214,4.449494,3.7345388,4.4565725,4.5156946,4.6415415
de-mobileapp-user-Reddit,18.312761,16.690825,17.964848,17.63699,17.471655,17.38828,17.346235
de-mobileapp-user-Skype,12.248633,12.442374,12.442374,12.442374,12.442374,12.442374,12.442374
de-mobileapp-user-Snapchat,52.750935,54.696148,56.13087,57.426895,58.597614,59.65517,60.61048
de-mobileapp-user-SoundCloud,7.424922,8.5402775,8.432684,8.922119,8.966719,8.851825,8.898445
de-mobileapp-user-Tumblr,15.894607,15.894607,15.894607,15.894607,15.894607,15.894607,15.894607
de-mobileapp-user-Twitter,23.552275,27.455881,26.934221,28.12689,27.907257,28.339954,28.134958
de-mobileapp-user-Viber,6.5050015,6.5050015,6.5050015,6.5050015,6.5050015,6.5050015,6.5050015
de-mobileapp-user-WeChat,8.0167055,7.4806395,7.7561717,7.2637625,6.913184,7.1690836,6.2259884
de-mobileapp-user-WhatsApp,41.927513,42.671936,44.645115,42.860233,42.475883,42.517605,42.26365
de-mobileapp-user-Yelp,4.220527,4.220527,4.220527,4.220527,4.220527,4.220527,4.220527
de-mobileapp-user-YouTube,47.75767,47.759243,47.711872,47.711872,47.711872,47.711872,47.711872
de-mobileapp-user-Zynga,3.3838634,3.2996893,3.303042,3.5679317,3.3562644,3.3562663,3.3033438
de-mobileweb-spider-Badoo,-2.9119036,-2.9229534,-2.9626327,-2.9608903,-2.95779,-2.9579957,-2.9582365
de-mobileweb-spider-CouchSurfing,-3.0784693,-3.209736,-3.2098455,-3.0322423,-3.0421543,-3.1006446,-3.1120863
de-mobileweb-spider-Facebook,15.688992,15.704552,15.413481,15.986296,15.87763,15.567991,15.518381
de-mobileweb-spider-Flickr,-2.6618814,-2.607501,-2.6594782,-2.5557754,-2.5952377,-2.5828075,-2.5907545
de-mobileweb-spider-Foursquare,-3.0511541,-3.0046318,-3.0139165,-3.024841,-3.0085382,-2.986497,-3.056118
de-mobileweb-spider-Google+,-2.973612,-2.8966517,-2.812956,-2.7106805,-2.677052,-2.639222,-2.6007347
de-mobileweb-spider-Instagram,-1.5568938,-1.600083,-1.6105456,-1.61308,-1.6136941,-1.6138428,-1.6138788
de-mobileweb-spider-Kickstarter,-3.2698088,-3.218444,-3.212225,-3.0905564,-3.218444,-3.2216852,-3.0664816
de-mobileweb-spider-Last.fm,-2.914553,-2.5091457,-2.9029915,-2.953495,-2.933014,-2.887033,-2.8305457
de-mobileweb-spider-LinkedIn,-2.5787034,-2.5787034,-2.5787034,-2.5787034,-2.5787034,-2.5787034,-2.5787034
de-mobileweb-spider-Myspace,-2.598903,-2.881575,-2.6690874,-2.7353313,-2.8231905,-2.8596058,-2.6364121
de-mobileweb-spider-Pinterest,-2.237434,-2.1839838,-2.136826,-2.0952191,-2.0585105,-2.026123,-1.997548
de-mobileweb-spider-Pixabay,-3.0973973,-3.0973973,-3.0973973,-3.0973973,-3.0973973,-3.0973973,-3.0973973
de-mobileweb-spider-Reddit,-2.4746678,-2.3596578,-2.3705182,-2.2506251,-2.4207273,-2.4096282,-2.3701587
de-mobileweb-spider-Skype,-2.6874533,-2.4918778,-2.3994627,-2.3269348,-2.2544925,-2.1909394,-2.2599487
de-mobileweb-spider-Snapchat,-2.505478,-2.6993036,-2.237662,-2.2218761,-2.2677774,-2.3049355,-2.1952367
de-mobileweb-spider-SoundCloud,-2.5970767,-2.607047,-2.7115955,-2.7129517,-2.711582,-2.5969357,-2.7112374
de-mobileweb-spider-Tumblr,-3.0392728,-2.9906697,-2.9285097,-2.8737044,-2.8244698,-2.7802887,-2.7406397
de-mobileweb-spider-Twitter,-1.3285899,-1.5973194,-1.8073604,-1.520599,-1.6740395,-1.5771996,-2.1746006
de-mobileweb-spider-Viber,-3.0687666,-2.9762936,-2.897572,-2.8305569,-2.7735076,-2.7249417,-2.6835978
de-mobileweb-spider-WeChat,-2.6216893,-2.6216893,-2.6216893,-2.6216893,-2.6216893,-2.6216893,-2.6216893
de-mobileweb-spider-WhatsApp,-1.2498803,-1.1244514,-1.1738939,-0.8683312,-0.7647054,-0.70135427,-0.5872171
de-mobileweb-spider-YouTube,7.576586,7.576586,7.576586,7.576586,7.576586,7.576586,7.576586
de-mobileweb-spider-Zynga,-3.2801142,-3.2554564,-3.235466,-3.2192597,-3.206121,-3.1954694,-3.186834
de-mobileweb-user-23andMe,19.289303,19.347052,19.758516,19.758516,19.758516,19.758516,19.758516
de-mobileweb-user-500px,8.152389,8.899605,10.222198,10.047014,8.513419,8.572546,8.550986
de-mobileweb-user-Badoo,65.9401,68.84544,60.886055,59.35493,65.68451,66.48621,62.693184
de-mobileweb-user-CouchSurfing,89.50452,92.2574,99.2734,96.20678,101.52354,102.344696,95.881905
de-mobileweb-user-DeviantArt,6.9642076,6.8766823,7.4146404,6.9249363,6.9653273,6.3379593,7.2440853
de-mobileweb-user-Facebook,839.1217,566.58594,749.3616,626.78345,708.99023,653.8584,690.8325
de-mobileweb-user-Flickr,31.856833,38.70051,40.41466,36.496605,34.53757,36.74148,33.802937
de-mobileweb-user-Foursquare,15.214496,13.244155,14.490354,13.804603,14.583409,13.725234,13.087634
de-mobileweb-user-Google+,55.79281,52.805332,51.573303,52.15564,52.331177,50.671482,54.544193
de-mobileweb-user-Imgur,14.4944105,14.494977,14.495347,14.495589,14.495748,14.495852,14.495921
de-mobileweb-user-Instagram,980.18555,1022.1194,1212.32,902.01294,908.12317,868.09924,960.8011
de-mobileweb-user-Kickstarter,10.833288,11.338739,11.731133,10.651206,11.390209,10.482914,11.381048
de-mobileweb-user-Last.fm,9.525054,9.787807,9.737287,8.4283905,8.88151,8.940653,9.540415
de-mobileweb-user-LinkedIn,297.74573,274.5217,276.13568,285.8537,292.42218,305.80365,308.47653
de-mobileweb-user-LiveJournal,-2.3056307,-2.3489153,-2.3289404,-2.3320594,-2.33842,-2.331251,-2.2483702
de-mobileweb-user-MyHeritage,5.1276226,3.5765197,7.962966,4.0292406,5.086322,3.918174,3.2805378
de-mobileweb-user-Myspace,66.062454,70.27585,70.27585,70.27585,70.27585,70.27585,70.27585
de-mobileweb-user-Pinterest,314.23114,374.37924,517.88324,368.10983,352.58627,327.7031,344.20877
de-mobileweb-user-Pixabay,6.4535484,2.2089643,4.961013,4.6252174,4.596197,4.9669037,4.6870728
de-mobileweb-user-Quora,20.27291,13.409951,11.084629,10.296758,10.02981,9.939363,9.908716
de-mobileweb-user-Ravelry,0.74296737,0.74296737,0.74296737,0.74296737,0.74296737,0.74296737,0.74296737
de-mobileweb-user-Reddit,113.27831,123.89438,128.06651,132.99408,135.9845,137.7075,138.94499
de-mobileweb-user-Shutterfly,0.7263522,2.984655,0.8360348,2.7449775,2.9977522,3.0940194,2.967586
de-mobileweb-user-Skype,83.24235,87.94702,82.95383,81.84053,87.16168,83.42101,83.270615
de-mobileweb-user-Snapchat,738.79584,709.6555,709.6555,709.6555,709.6555,709.6555,709.6555
de-mobileweb-user-SoundCloud,104.27533,105.51833,101.14222,93.84748,102.257675,101.69803,107.57482
de-mobileweb-user-StumbleUpon,-2.017272,-2.017272,-2.017272,-2.017272,-2.017272,-2.017272,-2.017272
de-mobileweb-user-Tagged,1.2208898,1.5841486,1.5976532,2.0551088,1.5734465,1.9871242,1.4188879
de-mobileweb-user-Tumblr,176.58153,171.3472,178.0652,163.2677,166.02121,174.63231,172.0284
de-mobileweb-user-Twitter,306.02097,343.19128,361.2558,365.39954,368.4223,375.52786,376.87875
de-mobileweb-user-Viadeo,-1.8323958,-1.7747947,-1.603972,-1.8390654,-1.8388661,-1.7968205,-1.815021
de-mobileweb-user-Viber,68.610535,68.24554,70.24926,68.59457,67.625046,67.441154,69.26561
de-mobileweb-user-WeChat,62.111526,65.32077,66.081795,66.26226,66.30506,66.31521,66.31762
de-mobileweb-user-WhatsApp,521.27924,519.38055,534.67426,523.5954,536.64624,528.71234,541.17633
de-mobileweb-user-Xanga,-2.8387735,-2.8387735,-2.8387735,-2.8387735,-2.8387735,-2.8387735,-2.8387735
de-mobileweb-user-Yelp,10.64365,10.64365,10.64365,10.64365,10.64365,10.64365,10.64365
de-mobileweb-user-YouTube,937.8095,942.6825,942.6825,942.6825,942.6825,942.6825,942.6825
de-mobileweb-user-Zynga,9.893493,10.505158,10.864693,11.076023,11.200242,11.273257,11.316175
en-desktop-spider-23andMe,20.025677,20.304739,20.303862,20.299778,20.299631,20.296585,20.302147
en-desktop-spider-43_Things,10.79814,11.13118,11.13118,11.13118,11.13118,11.13118,11.13118
en-desktop-spider-500px,15.346237,15.411264,15.4202175,15.421453,15.421623,15.421646,15.421648
en-desktop-spider-ASmallWorld,1.9080195,1.9055638,1.905508,1.9055071,1.9055071,1.9055071,1.9055071
en-desktop-spider-Academia.edu,12.678443,12.341529,12.341529,12.341529,12.341529,12.341529,12.341529
en-desktop-spider-Ancestry.com,33.32815,34.597477,34.596207,34.590298,34.59008,34.589363,34.593723
en-desktop-spider-AngelList,2.7873898,3.783607,4.6495495,4.1507187,4.7016935,4.6428246,4.673702
en-desktop-spider-Badoo,36.56285,35.633022,35.633022,35.633022,35.633022,35.633022,35.633022
en-desktop-spider-BlackPlanet,1.9934821,2.401966,2.4009914,2.3964567,2.3962936,2.392912,2.399086
en-desktop-spider-CafeMom,1.6935277,2.1363735,2.3535929,2.3490376,2.3488731,2.3454757,2.3516788
en-desktop-spider-Care2,1.7024689,2.4997258,1.5576963,4.062185,2.151157,2.6647954,2.2035508
en-desktop-spider-CaringBridge,-1.3238602,-1.3486958,-1.3486071,-1.3486934,-1.348691,-1.348691,-1.348691
en-desktop-spider-Cellufun,-1.7179441,-1.7122164,-1.71309,-1.7171507,-1.7172971,-1.7203255,-1.7147956
en-desktop-spider-Classmates.com,5.9845304,5.9884186,5.9878263,5.9850693,5.9849696,5.982914,5.9866686
en-desktop-spider-CouchSurfing,14.311586,14.647661,14.924389,15.152248,15.339869,15.49436,15.621569
en-desktop-spider-DeviantArt,24.998062,27.55195,27.550787,27.545374,27.545177,27.541142,27.548513
en-desktop-spider-Doximity,0.44363403,0.44363403,0.44363403,0.44363403,0.44363403,0.44363403,0.44363403
"en-desktop-spider-English,_baby!",-1.3914065,-1.1396723,-0.92699194,-0.74730635,-0.59549713,-0.46723938,-0.35887957
en-desktop-spider-Facebook,1616.3806,1979.7654,2120.1829,2174.4424,2195.409,2203.511,2206.6416
en-desktop-spider-Facebook_Messenger,96.41203,104.73318,110.47535,112.86544,114.13025,114.72131,115.01965
en-desktop-spider-Flickr,97.98059,93.15964,95.398,99.134315,98.840805,96.37983,94.060974
en-desktop-spider-Flixster,13.562216,14.688862,14.984259,15.050255,15.067037,15.068225,15.074474
en-desktop-spider-Fotki,7.322253,7.6348476,7.655111,7.6512213,7.6511316,7.6471148,7.654464
en-desktop-spider-Fotolog,0.9756098,6.580696,4.5946665,1.4433618,2.0779939,2.0453587,1.1392612
en-desktop-spider-Foursquare,31.80688,34.447487,34.958256,35.057053,35.076164,35.07986,35.080574
en-desktop-spider-Funny_or_Die,22.752623,22.758183,22.757336,22.753395,22.753252,22.750313,22.75568
en-desktop-spider-Gaia_Online,8.2939205,12.893649,12.227882,13.814833,16.496931,18.953474,21.075531
en-desktop-spider-GirlsAskGuys,-1.8440514,0.057587147,-0.84294176,-0.4278407,-0.5059018,-1.35221,-1.2071972
en-desktop-spider-GoFundMe,18.04203,19.073193,19.252506,19.283688,19.289112,19.290054,19.290218
en-desktop-spider-Goodreads,47.271065,44.83791,44.83791,44.83791,44.83791,44.83791,44.83791
en-desktop-spider-Google+,93.58234,93.5908,93.58951,93.58351,93.58329,93.57882,93.58699
en-desktop-spider-Habbo,17.711151,18.263397,18.629356,18.87187,19.03258,19.139078,19.209652
en-desktop-spider-Imgur,25.295137,25.615871,22.312775,24.923872,24.371983,24.996567,24.435047
en-desktop-spider-Instagram,259.48654,269.96564,273.56268,274.79745,275.22128,275.3668,275.41672
en-desktop-spider-Italki,0.085383415,-0.3278556,-0.3278556,-0.16256046,-0.24520826,-0.24520826,-0.16256046
en-desktop-spider-Kickstarter,62.144985,62.144985,62.144985,62.144985,62.144985,62.144985,62.144985
en-desktop-spider-Kiwibox,-1.4368477,-1.0025811,-0.6429601,-0.5525403,-0.49809742,-0.48331022,-0.468956
en-desktop-spider-Last.fm,55.963245,53.348766,51.47888,50.14153,49.185055,48.500973,48.01172
en-desktop-spider-LinkedIn,118.02331,128.64742,128.6403,128.34091,130.68889,129.51636,129.37628
en-desktop-spider-LiveJournal,34.247932,34.336372,34.3806,33.142426,34.336372,34.29216,34.07106
en-desktop-spider-MeetMe,10.688238,11.672041,11.672041,11.672041,11.672041,11.672041,11.672041
en-desktop-spider-Meetup_(website),6.035453,11.162817,7.2201653,10.682692,7.635458,10.312069,7.9610786
en-desktop-spider-Minds,11.66194,7.4071627,11.597429,10.933632,9.094143,8.854853,8.78196
en-desktop-spider-MocoSpace,3.561823,3.38443,4.111356,2.9123306,3.5426502,3.1929073,4.5550375
en-desktop-spider-MyHeritage,6.237431,6.172522,6.172522,6.172522,6.172522,6.172522,6.172522
en-desktop-spider-MyMFB,-3.024158,-2.6986713,-3.1163137,-3.5543268,-2.9889388,-3.1002438,-3.3921893
en-desktop-spider-Myspace,66.98503,69.7669,74.14005,77.18204,77.921295,78.77762,80.905205
en-desktop-spider-Nexopia,2.3178387,2.0550041,2.4363275,2.3566756,2.4711652,2.4687433,2.3585587
en-desktop-spider-Nextdoor,15.985499,14.993046,14.867846,14.848209,14.846131,14.8427925,14.848424
en-desktop-spider-Path_(social_network),8.8932705,8.998999,8.974131,9.207642,9.315678,9.361612,9.405328
en-desktop-spider-Photobucket,13.335502,12.266862,12.394755,12.390308,12.390148,12.386831,12.392887
en-desktop-spider-Pinboard_(website),-0.85553074,1.0360141,1.0350571,1.0306053,1.0304441,1.0271235,1.0331869
en-desktop-spider-Pinterest,160.39725,164.32321,165.98447,166.6874,166.98483,167.11069,167.16394
en-desktop-spider-Pixabay,11.772328,11.666968,11.574731,11.493981,11.423291,11.361403,11.307225
en-desktop-spider-PlentyOfFish,9.814509,10.931889,11.375393,11.641697,11.851088,12.033663,12.197817
en-desktop-spider-Plurk,7.702576,7.702576,7.702576,7.702576,7.702576,7.702576,7.702576
en-desktop-spider-Product_Hunt,1.4865994,2.1899538,2.6117988,2.864231,3.0179949,3.1089945,3.1684237
en-desktop-spider-Quora,47.179844,47.761078,48.421024,48.479458,49.512466,49.73273,49.84772
en-desktop-spider-Ravelry,12.612619,12.952171,13.060167,13.102234,13.116795,13.122187,13.124107
en-desktop-spider-Reddit,186.88858,197.73656,203.99078,207.59567,209.67694,210.8751,211.57216
en-desktop-spider-ReverbNation,3.781004,4.890148,4.890148,4.890148,4.890148,4.890148,4.890148
en-desktop-spider-Ryze,-0.6633172,-0.09160948,-0.93268776,-0.060180187,-1.0308919,-0.6573291,-0.40541124
en-desktop-spider-Shutterfly,18.989204,15.973551,12.503704,14.896353,13.421593,15.362116,18.11479
en-desktop-spider-Skype,395.60675,415.86533,419.1162,422.13602,424.9411,427.54678,429.96722
en-desktop-spider-Skyrock_(social_network_site),-1.1503882,-1.0065541,-0.98363876,-0.98332644,-0.9827666,-0.98544407,-0.9803176
en-desktop-spider-Snapchat,136.03421,135.30948,129.79669,135.20618,130.41815,129.09076,129.4064
en-desktop-spider-Snapfish,2.6713967,2.5089288,2.5089288,2.5089288,2.5089288,2.5089288,2.5089288
en-desktop-spider-Solaborate,3.3554735,3.7538872,4.061908,4.300774,4.4913015,4.638282,4.76116
en-desktop-spider-SoundCloud,51.60492,42.998634,43.7811,51.20168,51.35222,48.683743,47.655872
en-desktop-spider-StumbleUpon,15.836091,15.894459,15.893568,15.889423,15.889274,15.886183,15.891827
en-desktop-spider-Tagged,27.827084,28.334389,28.27856,28.27856,28.27856,28.27856,28.27856
en-desktop-spider-Tinder_(app),31.18851,33.53811,33.53729,33.533466,33.533325,33.530476,33.535683
en-desktop-spider-Tout,2.1596932,2.215485,2.2645783,2.308311,2.347278,2.3819985,2.4129357
en-desktop-spider-TravBuddy.com,-3.1590786,-3.1538553,-3.1546512,-3.1583548,-3.1584883,-3.16125,-3.156207
en-desktop-spider-Tumblr,121.28912,162.04285,190.06981,215.57323,229.32307,241.67892,250.83237
en-desktop-spider-Twitter,705.65906,772.9975,796.6706,804.9916,807.9177,808.9466,809.30927
en-desktop-spider-Twoo.com,-0.38047934,-0.38047934,-0.38047934,-0.38047934,-0.38047934,-0.38047934,-0.38047934
en-desktop-spider-Untappd,7.8955607,8.464563,8.180061,8.108936,8.393436,8.535688,8.535688
en-desktop-spider-Uplike,-2.425189,-2.4392385,-2.0303535,-1.7368813,-1.8586512,-2.1351597,-1.880815
en-desktop-spider-VK_(social_networking),58.274193,63.58812,64.97731,65.33625,65.43151,65.45253,65.466354
en-desktop-spider-Vampirefreaks.com,1.5801563,3.5056305,5.644904,1.6027293,1.6795883,1.8365574,2.1312366
en-desktop-spider-Viadeo,8.317606,7.7201567,8.826632,8.582979,9.340773,8.805723,8.763581
en-desktop-spider-Viber,21.798466,23.474554,23.979137,24.322933,24.621746,24.891062,25.13491
en-desktop-spider-Vine_(service),31.44688,29.103642,29.103642,29.103642,29.103642,29.103642,29.103642
en-desktop-spider-WAYN_(website),1.141036,1.2684369,1.2684369,1.2684369,1.2684369,1.2684369,1.2684369
en-desktop-spider-WeChat,85.55139,87.51628,89.14047,90.48306,91.59286,92.51023,93.26854
en-desktop-spider-We_Heart_It,6.935936,7.0938993,8.876738,8.282533,8.969121,8.565173,8.8958435
en-desktop-spider-WhatsApp,168.57307,167.08665,166.44313,166.16246,166.04298,165.98882,165.97165
en-desktop-spider-Xanga,19.374748,17.340906,18.720413,17.781475,18.413017,17.981928,18.277857
en-desktop-spider-Xing_Technology,-3.7824693,-1.7159052,-2.576408,-2.7244184,-2.7941103,-3.5830383,-2.0790744
en-desktop-spider-Yelp,51.31431,51.75959,52.1433,52.473946,52.758873,53.004395,53.215965
en-desktop-spider-YouTube,620.95404,661.0661,690.0112,710.89825,725.97046,736.8467,744.695
en-desktop-spider-Zynga,261.1867,234.54955,211.86838,192.55563,176.1111,162.1088,150.18602
en-desktop-user-23andMe,533.12555,483.3025,497.2337,532.7505,555.69226,516.612,521.74524
en-desktop-user-43_Things,56.27858,56.46007,56.41496,56.266186,56.362907,56.348236,56.345657
en-desktop-user-500px,72.93972,70.81988,67.55549,82.53601,86.01549,88.83885,78.398415
en-desktop-user-ASmallWorld,41.04318,36.679264,34.95296,51.4989,39.575516,37.981518,42.02049
en-desktop-user-Academia.edu,273.95572,197.75238,196.38951,239.03056,254.53226,254.2059,265.57376
en-desktop-user-Ancestry.com,360.8784,305.57977,319.60925,334.64804,350.5382,340.82944,339.15097
en-desktop-user-AngelList,161.08139,84.91077,105.185,195.587,182.21297,172.89046,166.76309
en-desktop-user-Badoo,230.2545,225.28555,250.46176,296.77008,268.44254,258.30685,287.84277
en-desktop-user-BlackPlanet,31.45774,39.31246,39.31187,39.309116,39.309017,39.306965,39.310715
en-desktop-user-CafeMom,16.277649,16.469185,16.625809,20.509956,19.06646,19.484837,20.41201
en-desktop-user-Care2,18.557583,15.462405,17.408703,20.308212,20.374317,17.643993,19.790077
en-desktop-user-CaringBridge,27.302677,25.166706,20.818562,26.218084,28.81184,27.873013,25.932505
en-desktop-user-Cellufun,-1.4393253,-1.501925,-1.50282,-1.5069804,-1.5071316,-1.5102348,-1.5045676
en-desktop-user-Classmates.com,70.63208,65.02489,63.26341,69.498825,67.785736,73.337326,72.22136
en-desktop-user-CouchSurfing,180.99991,171.35854,193.73557,222.77054,245.70944,236.72224,226.05028
en-desktop-user-DeviantArt,240.98328,234.18835,238.83144,247.01967,255.44846,253.48462,257.32614
en-desktop-user-Doximity,37.04288,16.729643,19.629078,42.038124,45.210308,40.386833,39.61564
"en-desktop-user-English,_baby!",3.046114,2.7527332,1.9898543,2.7585592,2.9955444,3.1354074,3.1111774
en-desktop-user-Facebook,15488.465,14411.134,13871.062,16459.209,16838.309,16787.111,16927.494
en-desktop-user-Facebook_Messenger,657.8498,543.68256,561.1934,718.22363,721.4778,724.7423,705.1884
en-desktop-user-Flickr,599.249,471.2309,478.49414,640.3488,708.7612,712.6108,733.7364
en-desktop-user-Flixster,24.776642,48.79925,88.450096,49.54037,83.88226,95.2442,91.15165
en-desktop-user-Fotki,38.403896,37.322887,37.06136,37.002716,36.989403,36.986385,36.985706
en-desktop-user-Fotolog,20.43332,17.272633,16.64983,21.475716,19.988558,18.318808,19.87553
en-desktop-user-Foursquare,269.41605,176.43343,197.4375,325.12927,323.44498,316.8231,279.04395
en-desktop-user-Funny_or_Die,263.51285,239.68375,232.27826,229.9768,229.26158,229.0393,228.97023
en-desktop-user-Gaia_Online,121.98488,113.820404,112.17265,112.33518,109.486206,112.934586,113.145905
en-desktop-user-GirlsAskGuys,13.253783,10.342767,8.288609,10.125178,10.281877,11.767159,11.879714
en-desktop-user-GoFundMe,242.24574,140.24138,165.54778,306.13373,295.0928,262.49033,290.60886
en-desktop-user-Goodreads,217.5521,178.53111,174.30467,236.8859,238.20738,246.59956,224.85718
en-desktop-user-Google+,1086.552,835.3303,834.07684,859.9694,872.49036,868.2739,929.3628
en-desktop-user-Habbo,177.79782,183.20273,186.52936,188.576,189.83978,190.61566,191.10133
en-desktop-user-Imgur,286.10376,280.23138,284.1633,297.08353,316.73273,304.20654,300.34253
en-desktop-user-Instagram,3938.996,3045.4062,3388.4656,4214.788,4480.8022,4366.38,4184.7373
en-desktop-user-Italki,22.992836,22.997463,22.657017,22.179241,23.589237,21.71154,22.861832
en-desktop-user-Kickstarter,610.80664,507.8149,528.06006,621.22437,629.9112,640.40027,611.65424
en-desktop-user-Kiwibox,11.785078,10.191956,10.47596,11.149944,11.034277,11.26195,11.375879
en-desktop-user-Last.fm,250.3002,252.70294,252.9661,256.114,255.55032,250.67313,250.70615
en-desktop-user-LinkedIn,2045.3756,1939.6384,1907.4952,1907.49,1907.4899,1907.486,1907.493
en-desktop-user-LiveJournal,128.30511,123.08683,122.295006,135.19218,129.1611,126.39483,130.85716
en-desktop-user-MeetMe,94.31234,85.36193,77.42401,94.548,93.92936,97.131874,97.41976
en-desktop-user-Meetup_(website),178.13116,171.18246,171.17334,175.8657,178.7655,182.78299,182.26328
en-desktop-user-Minds,66.60639,70.56897,72.912155,74.29774,75.117065,75.601555,75.88805
en-desktop-user-MocoSpace,12.948011,12.334207,11.255848,12.644011,11.826638,13.736239,13.056137
en-desktop-user-MyHeritage,96.75149,89.949524,88.764366,95.55829,97.68979,94.9602,98.75294
en-desktop-user-MyMFB,-2.5062463,-2.4953012,-2.3089588,-2.1191788,-1.9279747,-2.4988375,-2.1929429
en-desktop-user-Myspace,875.49365,573.6381,593.74884,899.68054,986.5222,873.1927,929.5809
en-desktop-user-Nexopia,21.135439,18.741371,17.922062,21.191721,20.37314,19.879044,21.685139
en-desktop-user-Nextdoor,383.35117,344.4852,330.19083,383.26816,416.70856,406.58817,372.91687
en-desktop-user-Path_(social_network),180.82707,169.21326,167.10228,189.34274,185.69173,181.37901,184.67476
en-desktop-user-Photobucket,92.82182,73.23301,73.70299,79.4417,83.45937,80.614746,88.30986
en-desktop-user-Pinboard_(website),63.424862,60.675655,59.818806,59.55176,59.468525,59.442585,59.434505
en-desktop-user-Pinterest,1898.9728,1445.2115,1550.4288,2134.3564,1959.2886,2023.5126,2189.018
en-desktop-user-Pixabay,71.765884,60.45731,64.10706,75.10368,75.55057,76.708405,71.41375
en-desktop-user-PlentyOfFish,136.09341,141.21242,145.0575,147.09605,147.98853,147.67616,148.01175
en-desktop-user-Plurk,51.878788,42.32704,41.55385,47.32904,46.70598,48.86948,49.84088
en-desktop-user-Product_Hunt,29.45941,31.067873,31.083036,36.438053,37.51194,33.738403,30.603453
en-desktop-user-Quora,788.3551,561.33453,567.97626,853.89246,916.06024,870.0656,861.48004
en-desktop-user-Ravelry,20.473576,20.69991,20.90722,21.100506,21.289587,21.465942,21.645084
en-desktop-user-Reddit,2160.047,2466.9312,2507.7993,2507.7952,2507.795,2507.7917,2507.7976
en-desktop-user-ReverbNation,25.84872,20.742432,23.169743,26.893732,28.890991,26.829538,30.864079
en-desktop-user-Ryze,8.197584,5.891165,5.994005,7.5816956,6.853648,6.9893885,7.4973764
en-desktop-user-Shutterfly,147.34013,77.894554,77.796074,140.0567,146.7005,137.34192,139.68547
en-desktop-user-Skype,2743.513,2743.513,2743.513,2743.513,2743.513,2743.513,2743.513
en-desktop-user-Skyrock_(social_network_site),8.208207,6.1043634,6.8759212,7.78948,8.029523,7.1273317,6.544384
en-desktop-user-Snapchat,2491.7935,2383.4849,2705.4478,3369.5703,3317.5054,3265.9888,3297.2207
en-desktop-user-Snapfish,55.931145,54.507675,55.465065,64.09691,67.90737,59.098972,60.605526
en-desktop-user-Solaborate,15.987346,19.797165,16.916985,18.840052,17.208893,18.412727,17.773357
en-desktop-user-SoundCloud,680.5041,516.91376,508.2852,693.2519,741.49274,747.76294,758.7908
en-desktop-user-StumbleUpon,499.91693,380.15286,382.05182,475.5387,500.58838,956.43066,590.26447
en-desktop-user-Tagged,128.65929,118.29654,107.90725,119.77037,120.61685,117.34219,119.906235
en-desktop-user-Tinder_(app),1280.0234,1209.3826,1292.1846,1375.1857,1351.6843,1333.0033,1324.1338
en-desktop-user-Tout,21.33744,21.348284,21.522335,22.197731,24.294203,22.065145,22.79004
en-desktop-user-TravBuddy.com,2.4822836,1.7864513,1.8354526,1.8354526,1.9089541,1.7619505,1.9334545
en-desktop-user-Tumblr,1157.0305,884.6166,930.3161,1222.0304,1252.327,1295.5404,1242.0929
en-desktop-user-Twitter,4645.0513,4090.0803,3864.7122,4047.793,4026.7788,4367.554,4474.902
en-desktop-user-Twoo.com,109.54442,93.25967,95.31849,97.02792,96.52518,94.839066,106.11865
en-desktop-user-Untappd,34.469357,28.986881,28.778717,33.192745,31.524067,31.219265,33.351967
en-desktop-user-Uplike,1.8931675,1.7545085,1.3898201,1.8072567,1.7584982,1.3011956,2.0814896
en-desktop-user-VK_(social_networking),2069.8633,2069.8672,2069.8667,2069.8638,2069.8638,2069.8616,2069.8655
en-desktop-user-Vampirefreaks.com,13.8294735,14.805308,14.852634,14.665577,14.520903,14.447552,14.428658
en-desktop-user-Viadeo,52.19899,44.8624,43.734287,53.465435,57.311836,50.163845,50.7247
en-desktop-user-Viber,392.55093,295.9255,321.6246,454.1683,469.7424,451.7034,449.00262
en-desktop-user-Vine_(service),1095.4578,1023.9004,1009.7123,999.34326,991.7653,986.22723,982.1799
en-desktop-user-WAYN_(website),191.25174,190.84402,190.89102,209.15193,206.96834,199.82256,197.28104
en-desktop-user-WeChat,1058.3619,595.6332,655.14575,1229.2241,1268.2128,1296.8591,1213.5432
en-desktop-user-We_Heart_It,56.638042,54.131638,54.195347,68.08823,66.65233,63.21895,57.782753
en-desktop-user-WhatsApp,3205.7761,2480.9053,2324.7268,3332.5327,3333.7158,3369.7302,3513.9429
en-desktop-user-Xanga,86.420586,75.32549,85.2749,89.2933,94.21612,98.62496,91.88924
en-desktop-user-Xing_Technology,0.96488,0.7562356,0.5922036,1.4293561,0.21145344,0.44416237,1.2837896
en-desktop-user-Yelp,465.76648,293.56354,299.2915,460.86914,480.08615,517.90137,519.59064
en-desktop-user-YouTube,15466.59,15466.596,15466.595,15466.591,15466.591,15466.588,15466.593
en-desktop-user-Zynga,347.8275,295.4269,559.3036,373.06473,376.8313,389.91678,373.3934
en-mobileapp-user-23andMe,17.073278,19.944113,22.02747,20.005745,19.706312,20.850386,18.314114
en-mobileapp-user-500px,3.882358,3.882358,3.882358,3.882358,3.882358,3.882358,3.882358
en-mobileapp-user-ASmallWorld,2.8088162,2.8088162,2.8088162,2.8088162,2.8088162,2.8088162,2.8088162
en-mobileapp-user-Academia.edu,3.7772155,3.745685,3.8548045,3.7059326,3.6597953,3.527022,3.535006
en-mobileapp-user-Ancestry.com,16.394457,15.877584,17.633583,14.969225,17.187172,16.729206,14.918325
en-mobileapp-user-AngelList,3.8382115,3.8578482,4.118988,3.792766,4.818555,4.3949804,4.1724324
en-mobileapp-user-Badoo,9.137582,9.539374,9.568095,9.568693,9.568544,9.568521,9.568518
en-mobileapp-user-BlackPlanet,2.2606945,2.694735,2.8886786,2.7288294,2.8605778,2.75199,2.8414888
en-mobileapp-user-CafeMom,2.907538,2.567492,2.8649309,2.6047604,2.8323321,2.6332746,2.8073907
en-mobileapp-user-Classmates.com,3.0267735,2.864225,3.0658479,3.1980293,3.171317,3.0716455,3.1211762
en-mobileapp-user-CouchSurfing,6.147217,6.1400414,5.8782816,6.4866276,5.863143,6.0694165,6.069275
en-mobileapp-user-DeviantArt,5.6116896,5.6242065,5.6242065,5.6242065,5.6242065,5.6242065,5.6242065
en-mobileapp-user-Doximity,2.7704024,2.7854042,2.7849529,2.8022404,2.784966,2.7676923,2.784966
en-mobileapp-user-Facebook,210.72173,214.82748,219.22372,215.89659,209.26541,216.49655,204.6489
en-mobileapp-user-Facebook_Messenger,16.396633,14.428417,15.487518,16.213934,16.54496,15.223745,15.800377
en-mobileapp-user-Flickr,11.298416,11.803324,11.342404,11.167388,11.624702,12.239328,11.923235
en-mobileapp-user-Flixster,4.1443887,4.3611317,3.9724693,4.0275106,4.343707,4.14848,4.2087793
en-mobileapp-user-Foursquare,8.690538,8.690538,8.690538,8.690538,8.690538,8.690538,8.690538
en-mobileapp-user-Funny_or_Die,11.589986,10.891672,10.845642,10.803169,10.76398,10.7278185,10.694452
en-mobileapp-user-Gaia_Online,4.9634533,4.4480696,4.4480696,4.4480696,4.4480696,4.4480696,4.4480696
en-mobileapp-user-GoFundMe,8.387916,8.357935,8.064686,8.627732,8.379675,8.282836,8.505993
en-mobileapp-user-Goodreads,7.5319405,7.3690796,7.3905535,7.3248405,7.8316717,8.02592,7.417037
en-mobileapp-user-Google+,12.879778,12.638292,12.570877,12.642513,12.609558,12.583225,12.583225
en-mobileapp-user-Habbo,5.4541845,5.579529,5.5923967,5.5937176,5.593853,5.5938673,5.5938683
en-mobileapp-user-Imgur,10.94747,11.318654,11.355322,11.358944,11.359302,11.359338,11.359341
en-mobileapp-user-Instagram,126.10978,127.29997,127.29997,127.29997,127.29997,127.29997,127.29997
en-mobileapp-user-Italki,2.5867584,2.524687,2.5749795,2.599774,2.5873983,2.594901,2.6388955
en-mobileapp-user-Kickstarter,16.66592,15.864265,16.789173,17.245872,16.5922,16.93443,16.840876
en-mobileapp-user-Last.fm,5.630369,5.730932,5.730932,5.730932,5.730932,5.730932,5.7221045
en-mobileapp-user-LinkedIn,38.627914,41.54152,40.40766,40.380753,41.779762,39.24655,38.223824
en-mobileapp-user-LiveJournal,4.3932056,4.3932056,4.3932056,4.3932056,4.3932056,4.3932056,4.3932056
en-mobileapp-user-MeetMe,4.158784,4.158784,4.158784,4.158784,4.158784,4.158784,4.158784
en-mobileapp-user-Meetup_(website),5.2340183,5.0540686,4.8741198,5.2340183,5.114052,5.114052,5.2340183
en-mobileapp-user-Minds,3.8503265,3.8437765,3.9778113,4.2101917,3.8055055,3.784583,3.9319823
en-mobileapp-user-MocoSpace,2.6819785,2.9154377,2.795532,2.6828034,2.7099302,2.7047606,2.9864872
en-mobileapp-user-MyHeritage,3.472361,4.058585,4.035067,4.4102044,3.4958794,3.612893,4.011549
en-mobileapp-user-Myspace,49.980206,52.99828,49.166767,50.258953,49.294724,50.46289,48.347034
en-mobileapp-user-Nexopia,2.827966,2.827966,2.827966,2.827966,2.827966,2.827966,2.827966
en-mobileapp-user-Nextdoor,7.660565,7.409619,7.2430124,7.1323996,7.058962,7.0102053,6.977835
en-mobileapp-user-Path_(social_network),3.873251,3.9944887,4.0126443,4.015363,4.0157704,4.0158315,4.0158405
en-mobileapp-user-Photobucket,3.0527236,3.14226,3.14226,3.14226,3.14226,3.14226,3.14226
en-mobileapp-user-Pinboard_(website),2.747636,2.782326,2.866739,3.0537806,3.0537806,3.0537806,3.0537806
en-mobileapp-user-Pinterest,33.02309,32.226685,32.63803,31.43871,32.755447,32.673477,31.897419
en-mobileapp-user-PlentyOfFish,7.8917546,7.888582,7.885605,7.882809,7.880185,7.8777213,7.8754096
en-mobileapp-user-Plurk,2.1821864,2.1437373,2.1611228,2.3159444,2.2425954,2.1584885,2.147657
en-mobileapp-user-Product_Hunt,2.6325917,2.6815603,2.6815603,2.6815603,2.6815603,2.6815603,2.6815603
en-mobileapp-user-Quora,28.510624,28.078993,27.647177,26.662735,27.500357,27.559467,27.111767
en-mobileapp-user-Reddit,75.27651,78.311584,79.32047,79.65584,79.76732,79.80437,79.8167
en-mobileapp-user-ReverbNation,2.7149568,2.7149568,2.7149568,2.7149568,2.7149568,2.7149568,2.7149568
en-mobileapp-user-Shutterfly,4.5085125,4.684212,4.7576957,4.7890296,4.8022537,4.807866,4.8102403
en-mobileapp-user-Skype,25.531986,26.154343,26.447002,26.584625,26.649345,26.67978,26.694088
en-mobileapp-user-Snapchat,138.32137,138.93762,139.22731,139.3635,139.42752,139.45761,139.47176
en-mobileapp-user-Snapfish,2.7294312,2.727582,2.7050555,2.7283382,2.722333,2.7292998,2.7218227
en-mobileapp-user-SoundCloud,14.332913,14.557157,16.006308,14.690672,13.810446,14.971736,14.33323
en-mobileapp-user-StumbleUpon,9.458662,8.324293,8.353591,9.066723,8.34572,12.671087,10.364269
en-mobileapp-user-Tagged,3.9768987,3.9542103,3.9337099,3.915186,3.8984475,3.8833234,3.8696573
en-mobileapp-user-Tinder_(app),72.22162,74.68544,76.75007,75.373955,77.88496,76.534836,75.33173
en-mobileapp-user-Tout,3.7411249,3.9476714,3.9216368,3.9437199,3.9422941,3.9447532,3.9447656
en-mobileapp-user-Tumblr,41.948414,40.929222,41.04694,39.54607,41.835953,40.031567,41.577816
en-mobileapp-user-Twitter,93.8669,101.71758,95.62332,91.8797,93.44679,94.75271,94.49153
en-mobileapp-user-Untappd,4.0587215,3.9790697,4.154822,3.9790697,3.9790697,4.154822,3.8911939
en-mobileapp-user-VK_(social_networking),14.556049,15.343754,14.82777,16.101048,15.424494,15.259155,15.207331
en-mobileapp-user-Vampirefreaks.com,2.6675963,2.6675963,2.6675963,2.6675963,2.6675963,2.6675963,2.6675963
en-mobileapp-user-Viadeo,2.3821034,2.4176636,2.4462147,2.469138,2.487543,2.5023203,2.514185
en-mobileapp-user-Viber,14.227383,14.8680315,14.280177,15.067255,14.8582,15.400813,15.457251
en-mobileapp-user-Vine_(service),52.313297,48.439213,46.293304,45.104652,44.446243,44.081547,43.879536
en-mobileapp-user-WAYN_(website),5.696328,5.696328,5.696328,5.696328,5.696328,5.696328,5.696328
en-mobileapp-user-WeChat,25.237118,27.641289,26.904821,26.86994,26.608036,26.800245,27.27509
en-mobileapp-user-We_Heart_It,2.914168,2.8560953,2.8560953,2.8997393,2.8560953,2.9578118,2.8124514
en-mobileapp-user-WhatsApp,150.31625,133.5319,131.11679,125.28243,126.84814,123.7657,125.759926
en-mobileapp-user-Xanga,3.9715023,3.8819242,4.2126317,4.040692,4.072489,3.9825172,4.045828
en-mobileapp-user-Yelp,15.849818,15.849818,15.849818,15.849818,15.849818,15.849818,15.849818
en-mobileapp-user-YouTube,176.45435,179.82376,181.04547,181.48848,181.64911,181.70732,181.72845
en-mobileapp-user-Zynga,10.67774,10.435166,10.435166,10.435166,10.435166,10.435166,10.435166
en-mobileweb-spider-23andMe,4.668374,4.9318404,4.4849615,4.536837,2.2139993,4.2384453,2.6887298
en-mobileweb-spider-43_Things,3.2962947,0.90224266,0.47929382,1.2999525,3.9963155,3.582415,0.81893253
en-mobileweb-spider-500px,-5.2863874,-5.2809334,-5.2817645,-5.285631,-5.2857714,-5.288655,-5.283389
en-mobileweb-spider-ASmallWorld,-5.4384627,-5.4344373,-5.4350505,-5.437905,-5.438008,-5.4401364,-5.4362493
en-mobileweb-spider-Academia.edu,-3.8321342,-3.5929856,-3.5426924,-3.5426924,-3.5426924,-3.5426924,-3.5426924
en-mobileweb-spider-Ancestry.com,-1.2032909,-0.67548037,-1.5811243,-1.3772564,-1.6291742,-1.5578566,-1.62568
en-mobileweb-spider-AngelList,-4.8447046,-4.6982045,-4.570163,-4.4582534,-4.360444,-4.2749586,-4.200244
en-mobileweb-spider-Badoo,-1.5596457,-1.4121952,-1.4121952,-1.4121952,-1.4121952,-1.4121952,-1.4121952
en-mobileweb-spider-BlackPlanet,-4.9534893,-4.9534893,-4.9534893,-4.9534893,-4.9534893,-4.9534893,-4.9534893
en-mobileweb-spider-CafeMom,-5.8009205,-5.7406197,-5.7254295,-5.7254295,-5.7254295,-5.7254295,-5.7254295
en-mobileweb-spider-Care2,-5.0328794,-5.0647225,-4.9160604,-4.9960356,-5.0481634,-5.110253,-5.134512
en-mobileweb-spider-CaringBridge,-4.8955617,-4.633441,-4.574071,-4.5606236,-4.5575776,-4.556888,-4.5567317
en-mobileweb-spider-Cellufun,-5.6412315,-5.61667,-5.5732346,-5.5199094,-5.460231,-5.410233,-5.3630323
en-mobileweb-spider-Classmates.com,-4.4843655,-4.337867,-4.50731,-4.3898773,-4.524928,-4.526438,-4.396357
en-mobileweb-spider-CouchSurfing,-5.113716,-4.736532,-4.572529,-4.501219,-4.4702125,-4.456731,-4.4508686
en-mobileweb-spider-DeviantArt,1.2876163,3.248149,3.2680702,3.2845526,3.3052578,3.322854,3.34968
en-mobileweb-spider-Doximity,-5.3515325,-5.351136,-5.4002233,-5.413726,-5.4231825,-5.427369,-5.4296284
"en-mobileweb-spider-English,_baby!",-4.999809,-5.12903,-5.037443,-4.8782516,-4.878439,-4.95929,-4.9685197
en-mobileweb-spider-Facebook,84.1612,84.79162,84.79107,84.7885,84.78841,84.78648,84.789986
en-mobileweb-spider-Facebook_Messenger,-0.6536999,-0.24496794,-0.09525967,0.014951229,0.075124264,0.109595776,0.1376667
en-mobileweb-spider-Flickr,0.25075865,0.27942085,0.448349,0.6183219,0.4719844,0.21551609,0.06450796
en-mobileweb-spider-Flixster,-3.6381075,-3.667504,-3.7321944,-3.7391386,-3.7239444,-3.7417,-3.7074127
en-mobileweb-spider-Fotki,-5.9145017,-5.8890357,-5.8850355,-5.884407,-5.8843083,-5.8842926,-5.88429
en-mobileweb-spider-Fotolog,-5.3477173,-5.3312793,-5.3210783,-5.3146925,-5.307646,-5.3035803,-5.2956276
en-mobileweb-spider-Foursquare,-3.1351929,-2.9452686,-2.825796,-2.9453597,-3.1630046,-2.801367,-3.0198407
en-mobileweb-spider-Funny_or_Die,-2.2277923,-1.69737,-1.303288,-1.0379791,-0.848968,-0.7186537,-0.6270957
en-mobileweb-spider-Gaia_Online,-4.569705,-4.6826487,-4.705332,-4.7098875,-4.7108026,-4.710986,-4.711023
en-mobileweb-spider-GirlsAskGuys,-5.525571,-5.443564,-5.385262,-5.343591,-5.309905,-5.2865224,-5.263119
en-mobileweb-spider-GoFundMe,-4.049912,-4.0104647,-3.7116292,-3.6231065,-3.552029,-3.5186117,-3.498299
en-mobileweb-spider-Goodreads,-2.0199265,-1.7086806,-1.4433603,-1.2164073,-1.0184293,-0.84760046,-0.69885635
en-mobileweb-spider-Google+,0.7601366,2.219139,3.0267782,2.198843,1.6788688,1.9347215,1.7180586
en-mobileweb-spider-Habbo,-4.687689,-4.630066,-4.613484,-4.608712,-4.607339,-4.606944,-4.60683
en-mobileweb-spider-Imgur,-1.5034056,-1.8745522,-1.8774219,-1.879365,-1.8806806,-1.8815718,-1.8821754
en-mobileweb-spider-Instagram,19.46802,19.46802,19.46802,19.46802,19.46802,19.46802,19.46802
en-mobileweb-spider-Italki,-4.6337857,-4.8462076,-4.882566,-4.8417354,-4.9711785,-5.082732,-4.777443
en-mobileweb-spider-Kickstarter,-1.1454816,-1.20509,-1.2245045,-1.2308278,-1.2328873,-1.2335582,-1.233777
en-mobileweb-spider-Kiwibox,-5.957199,-6.024885,-6.047662,-6.065529,-6.066569,-6.0574765,-6.040814
en-mobileweb-spider-Last.fm,-2.3726203,-2.1135783,-1.9809642,-2.0391037,-1.9970171,-1.8266716,-1.9384813
en-mobileweb-spider-LinkedIn,0.7427292,2.4870377,2.366887,3.8669496,4.709953,3.6078372,3.143056
en-mobileweb-spider-LiveJournal,4.1190696,8.158666,2.1496854,7.755584,8.886974,6.7789574,3.4344382
en-mobileweb-spider-MeetMe,-5.6467724,-5.5628114,-5.549183,-5.5501943,-5.549844,-5.552476,-5.547494
en-mobileweb-spider-Meetup_(website),-2.578015,-2.567379,-2.5583363,-2.550649,-2.5441134,-2.538557,-2.5338335
en-mobileweb-spider-Minds,-4.267569,-4.167766,-4.479295,-4.1869583,-4.4257874,-3.964806,-4.1900735
en-mobileweb-spider-MocoSpace,-4.725765,-4.725765,-4.725765,-4.725765,-4.725765,-4.725765,-4.725765
en-mobileweb-spider-MyHeritage,-4.7784595,-4.523398,-4.3938384,-4.30739,-4.2565117,-4.22486,-4.2056556
en-mobileweb-spider-MyMFB,-5.6966667,-5.69631,-5.7413244,-5.699387,-5.700081,-5.698598,-5.56242
en-mobileweb-spider-Myspace,0.33919048,0.44826412,0.07777977,0.07156706,0.021745205,0.01812172,0.011265278
en-mobileweb-spider-Nexopia,-4.7020764,-4.6976714,-4.698343,-4.701466,-4.701579,-4.7039084,-4.699655
en-mobileweb-spider-Nextdoor,-4.25811,-3.8326924,-4.130024,-3.9150932,-3.821717,-3.8260412,-3.573219
en-mobileweb-spider-Path_(social_network),-3.8000503,-3.9169068,-4.0532084,-4.1331453,-4.1836023,-4.2179832,-4.2334547
en-mobileweb-spider-Photobucket,-4.347769,-3.923089,-4.069036,-3.9684844,-4.1741023,-4.03178,-3.8119543
en-mobileweb-spider-Pinboard_(website),-5.219317,-5.126911,-5.067619,-5.029922,-5.0006266,-4.983334,-4.962899
en-mobileweb-spider-Pinterest,-0.74944353,-0.28326416,-0.12716198,-0.07816076,-0.059963226,-0.057203293,-0.048629284
en-mobileweb-spider-Pixabay,-4.437337,-4.5613008,-4.478445,-4.411357,-4.357036,-4.313053,-4.27744
en-mobileweb-spider-PlentyOfFish,-4.581661,-4.6024857,-3.9252982,-3.8717718,-3.5567443,-3.9948854,-3.9825537
en-mobileweb-spider-Plurk,-4.3582754,-4.282686,-4.2285376,-4.213173,-4.206898,-4.204731,-4.2039256
en-mobileweb-spider-Product_Hunt,-4.9239874,-4.9555573,-4.670746,-4.9893837,-5.008357,-4.4648457,-4.9978685
en-mobileweb-spider-Quora,-0.94628,-1.1191487,-1.2756395,-1.2789121,-1.2790298,-1.2814708,-1.2770138
en-mobileweb-spider-Ravelry,-4.9276943,-4.845881,-4.778055,-4.7218256,-4.675209,-4.636563,-4.6045237
en-mobileweb-spider-Reddit,8.700909,7.5992007,12.688753,11.07312,10.999313,11.6526375,13.316509
en-mobileweb-spider-ReverbNation,-4.4502993,-4.4658384,-4.690636,-4.589363,-4.738539,-4.6214857,-4.7444754
en-mobileweb-spider-Ryze,-5.1770825,-5.206188,-5.227152,-5.2422514,-5.2531276,-5.260961,-5.2666035
en-mobileweb-spider-Shutterfly,-4.7707877,-4.502509,-4.3080287,-4.1670456,-4.064844,-3.9907558,-3.9370475
en-mobileweb-spider-Skype,2.5989723,2.6213102,2.731391,2.752946,2.8486962,2.974598,3.0039673
en-mobileweb-spider-Skyrock_(social_network_site),-5.468195,-5.2966013,-5.416995,-5.3017,-5.3417745,-5.3060517,-5.4446325
en-mobileweb-spider-Snapchat,3.749412,5.455996,4.4955745,5.4150386,4.534785,5.3775,4.570723
en-mobileweb-spider-Snapfish,-4.882889,-4.8189507,-4.768591,-4.7276683,-4.688695,-4.6573544,-4.622264
en-mobileweb-spider-Solaborate,-5.6878386,-5.5594544,-5.4340997,-5.3469677,-5.3494945,-5.2275863,-5.1886635
en-mobileweb-spider-SoundCloud,-1.8433256,-1.645359,-1.661233,-1.661233,-1.661233,-1.661233,-1.661233
en-mobileweb-spider-StumbleUpon,-4.7164545,-4.6677723,-4.690828,-4.7384324,-4.7160363,-4.6955013,-4.736912
en-mobileweb-spider-Tagged,-1.7238927,-1.2326336,-1.705296,-1.9836733,-2.2387385,-1.3835654,-1.8357606
en-mobileweb-spider-Tinder_(app),-1.3937497,-0.9084711,-0.63839865,-1.5190573,-0.83063364,-1.3347926,-1.2207589
en-mobileweb-spider-Tout,0.38109112,-2.6381495,-5.37303,-2.682793,1.6048045,-0.29657602,-2.4620123
en-mobileweb-spider-Tumblr,4.6055617,4.7857537,4.927025,5.0387106,5.1341114,5.212132,5.279666
en-mobileweb-spider-Twitter,22.11731,23.136993,23.768332,24.158539,24.403759,24.553928,24.654068
en-mobileweb-spider-Twoo.com,-4.847348,-4.7993784,-4.895318,-4.7993784,-4.7993784,-4.7993784,-4.7993784
en-mobileweb-spider-Untappd,-5.373164,-5.4435725,-5.3607807,-5.1891766,-5.2184353,-5.1778097,-5.1381435
en-mobileweb-spider-Uplike,-5.36097,-5.3503413,-5.411624,-5.5152364,-5.542238,-5.445654,-5.4440217
en-mobileweb-spider-VK_(social_networking),2.4471602,2.5133996,2.2962537,2.507687,2.9454198,3.2103114,2.674727
en-mobileweb-spider-Vampirefreaks.com,-5.6129913,-5.643482,-5.591781,-5.6172867,-5.5760565,-5.5973263,-5.564416
en-mobileweb-spider-Viadeo,-4.837579,-4.7497063,-4.8876724,-4.8584766,-4.8584766,-4.8584766,-4.8584766
en-mobileweb-spider-Viber,-3.8095558,-3.505721,-3.3367658,-2.8715708,-3.0462072,-2.6684556,-2.8798854
en-mobileweb-spider-Vine_(service),-3.3033679,-3.045244,-2.933662,-2.8854277,-2.8645768,-2.8555634,-2.8516672
en-mobileweb-spider-WAYN_(website),-4.180294,-4.5693603,-4.569881,-4.5723004,-4.572388,-4.574192,-4.5708976
en-mobileweb-spider-WeChat,1.0009656,1.0009656,1.0009656,1.0009656,1.0009656,1.0009656,1.0009656
en-mobileweb-spider-We_Heart_It,-4.136595,-4.1981754,-4.2486525,-4.2866793,-4.2866793,-4.2866793,-4.2866793
en-mobileweb-spider-WhatsApp,7.2961016,8.289451,8.289451,8.289451,8.289451,8.289451,8.289451
en-mobileweb-spider-Xanga,-5.155143,-5.0011225,-4.8758307,-4.7730546,-4.684766,-4.6127157,-4.5469737
en-mobileweb-spider-Xing_Technology,-5.6774287,-5.6814604,-5.6778913,-5.681051,-5.6782537,-5.68073,-5.678538
en-mobileweb-spider-Yelp,0.071195126,-0.5468292,-0.6781044,-0.71021795,-0.7160468,-0.72094727,-0.7143936
en-mobileweb-spider-YouTube,94.563156,90.73073,90.73073,90.73073,90.73073,90.73073,90.73073
en-mobileweb-spider-Zynga,-3.4623613,-3.4623613,-3.4623613,-3.4623613,-3.4623613,-3.4623613,-3.4623613
en-mobileweb-user-23andMe,554.96515,629.62317,665.82874,600.054,572.80316,554.9748,580.41296
en-mobileweb-user-43_Things,10.657587,11.755251,11.363129,11.402744,11.317242,11.267998,11.208248
en-mobileweb-user-500px,27.281576,27.79267,27.643827,28.08444,27.70709,27.723085,28.136671
en-mobileweb-user-ASmallWorld,26.292889,24.95693,24.705555,24.470314,24.257124,24.057478,23.882065
en-mobileweb-user-Academia.edu,96.25189,86.96409,86.785645,86.0148,91.17337,90.74987,93.639496
en-mobileweb-user-Ancestry.com,252.13641,236.64368,264.33563,230.82002,250.54086,228.5274,228.4385
en-mobileweb-user-AngelList,74.48341,49.623367,56.351685,60.102146,71.25084,66.97049,82.02606
en-mobileweb-user-Badoo,424.50363,435.40808,463.1676,442.98932,433.3342,409.1894,411.91977
en-mobileweb-user-BlackPlanet,29.554037,28.130934,27.871084,27.871084,27.871084,27.871084,27.871084
en-mobileweb-user-CafeMom,16.125612,16.14213,17.626854,17.167658,17.409853,16.444134,16.473251
en-mobileweb-user-Care2,1.6460023,1.7069049,1.7615161,1.8104868,1.8543983,1.8937745,1.9290833
en-mobileweb-user-CaringBridge,12.1397915,11.53964,11.452961,11.449202,11.458065,11.46814,11.477638
en-mobileweb-user-Cellufun,-1.4718571,-1.4361181,-1.4040179,-1.3751864,-1.3492908,-1.3260322,-1.3051419
en-mobileweb-user-Classmates.com,47.118378,47.14688,47.146343,47.143845,47.143753,47.14189,47.145294
en-mobileweb-user-CouchSurfing,265.25513,263.1592,269.53894,265.09143,260.4198,262.126,265.0937
en-mobileweb-user-DeviantArt,154.36684,160.36578,163.06581,165.58096,162.51836,164.97371,159.9578
en-mobileweb-user-Doximity,22.008907,20.717564,19.927013,19.68887,19.59642,19.559864,19.55421
"en-mobileweb-user-English,_baby!",-1.1295948,-1.1837358,-1.1176186,-1.0522003,-1.1830788,-1.0849195,-1.1176391
en-mobileweb-user-Facebook,15233.835,15671.324,15711.594,16008.768,16022.767,16225.239,16225.597
en-mobileweb-user-Facebook_Messenger,1121.1891,1142.6893,1142.8109,1152.5703,1154.018,1151.2214,1152.4785
en-mobileweb-user-Flickr,285.643,276.96194,282.391,278.721,280.336,279.45105,280.1284
en-mobileweb-user-Flixster,28.985071,32.806164,33.322945,28.618547,26.671335,30.617853,28.530085
en-mobileweb-user-Fotki,7.589489,7.413635,7.5537863,7.5498896,7.5497484,7.54855,7.5521493
en-mobileweb-user-Fotolog,4.1577716,4.978565,4.385186,4.232685,4.6027975,4.22925,4.5314484
en-mobileweb-user-Foursquare,192.12631,185.05162,183.69374,183.69374,183.69374,183.69374,183.69374
en-mobileweb-user-Funny_or_Die,253.37602,254.84601,254.10461,248.47975,247.83055,240.26273,242.93585
en-mobileweb-user-Gaia_Online,57.44614,54.499287,53.477478,53.120274,52.998093,52.952732,52.94393
en-mobileweb-user-GirlsAskGuys,5.443025,5.323933,4.794679,5.7753386,4.657146,5.4915385,5.5521398
en-mobileweb-user-GoFundMe,297.3339,299.31186,302.69275,305.36688,309.1248,311.73782,311.7973
en-mobileweb-user-Goodreads,159.24706,154.2835,150.547,156.28867,154.71686,153.92393,159.48807
en-mobileweb-user-Google+,447.4037,457.80936,460.79187,460.41913,460.01324,461.8582,455.36417
en-mobileweb-user-Habbo,87.05717,89.42587,90.5121,91.01021,91.23863,91.343376,91.39141
en-mobileweb-user-Imgur,225.99515,233.2252,237.02908,237.20113,239.27275,237.43912,237.44485
en-mobileweb-user-Instagram,5808.1333,5893.7485,5912.597,5874.012,5902.879,5943.2495,5929.1094
en-mobileweb-user-Italki,3.9836445,4.6013837,4.931652,5.305477,4.5745535,4.7164726,5.7456923
en-mobileweb-user-Kickstarter,377.91824,380.44724,380.44632,380.4421,380.44196,380.4388,380.44455
en-mobileweb-user-Kiwibox,0.9675584,0.9295902,0.8726382,0.9675584,0.9106064,0.9865422,0.9106064
en-mobileweb-user-Last.fm,50.73099,54.88874,53.591255,52.33379,55.308434,53.09486,52.35324
en-mobileweb-user-LinkedIn,1359.7515,1306.8618,1295.0476,1295.0431,1295.0428,1295.0396,1295.0457
en-mobileweb-user-LiveJournal,42.413208,43.818565,42.73594,43.482708,44.02445,42.788364,44.42008
en-mobileweb-user-MeetMe,111.105354,107.94297,106.78167,105.360374,106.28898,106.97053,107.65995
en-mobileweb-user-Meetup_(website),138.04738,137.25603,132.47365,134.32312,133.17131,131.13193,132.52032
en-mobileweb-user-Minds,27.898632,30.171185,31.537094,32.358063,32.8515,33.14808,33.326336
en-mobileweb-user-MocoSpace,90.81398,90.209656,92.02843,91.125,91.47812,90.26253,90.367935
en-mobileweb-user-MyHeritage,51.632477,41.62944,42.408707,36.92372,35.128845,44.770744,45.361057
en-mobileweb-user-MyMFB,-3.999682,-3.9715455,-3.9448524,-3.919529,-3.8955047,-3.872713,-3.851091
en-mobileweb-user-Myspace,1259.881,1169.6635,1172.2404,1125.8445,1169.2372,1136.8539,1143.4232
en-mobileweb-user-Nexopia,28.318718,25.884932,25.10735,24.858915,24.779543,24.754183,24.746082
en-mobileweb-user-Nextdoor,190.50809,192.57114,193.70378,194.32564,194.66705,194.8545,194.95741
en-mobileweb-user-Path_(social_network),47.165363,45.912563,44.888073,44.96822,44.25854,44.246986,45.212257
en-mobileweb-user-Photobucket,41.39078,41.145683,41.12135,41.114357,41.11398,41.11035,41.116943
en-mobileweb-user-Pinboard_(website),10.875125,10.043548,9.529489,9.211711,9.015268,8.893834,8.818767
en-mobileweb-user-Pinterest,1196.1763,1194.6636,1245.6754,1232.28,1207.8851,1199.6831,1207.6254
en-mobileweb-user-Pixabay,7.716011,7.716011,7.716011,7.716011,7.716011,7.716011,7.716011
en-mobileweb-user-PlentyOfFish,222.34906,224.77531,227.10133,229.33125,231.46901,233.51846,235.4832
en-mobileweb-user-Plurk,41.13068,43.084667,40.4756,40.6191,39.21841,38.791298,37.856846
en-mobileweb-user-Product_Hunt,10.041086,9.042135,9.208557,9.162268,8.8110695,8.459696,8.797388
en-mobileweb-user-Quora,633.5228,639.6162,647.55035,654.7158,651.8848,658.6873,649.22205
en-mobileweb-user-Ravelry,10.328441,10.358907,10.360511,10.357441,10.357342,10.354901,10.359362
en-mobileweb-user-Reddit,1850.3276,1916.2158,1949.1007,1971.5146,1986.7914,1997.2036,2004.3007
en-mobileweb-user-ReverbNation,21.304264,22.213007,21.891407,20.925077,21.32576,21.723375,21.889593
en-mobileweb-user-Ryze,0.2136693,0.40645504,-0.765872,-1.5036721,-1.5036721,-1.5036721,-1.5036721
en-mobileweb-user-Shutterfly,101.4697,112.84064,109.54591,116.21708,111.40583,116.76892,111.947815
en-mobileweb-user-Skype,642.3624,665.8335,674.3986,677.52423,678.66486,679.08105,679.233
en-mobileweb-user-Skyrock_(social_network_site),-2.575894,-1.6718578,-1.5591412,-1.4496417,-1.4313669,-1.487802,-1.7111602
en-mobileweb-user-Snapchat,4661.4907,5054.9917,5227.575,5303.2676,5336.4653,5351.025,5357.4106
en-mobileweb-user-Snapfish,20.55081,20.606556,20.606644,20.602354,20.6022,20.598982,20.604855
en-mobileweb-user-Solaborate,-3.9214199,-3.8842154,-4.0504827,-3.7592113,-4.379015,-4.2725134,-4.0677624
en-mobileweb-user-SoundCloud,830.38965,804.1727,765.35187,723.9166,698.84955,720.32635,741.6758
en-mobileweb-user-StumbleUpon,166.36981,173.907,174.12181,169.39587,177.98848,325.3517,244.79604
en-mobileweb-user-Tagged,107.31031,100.86629,101.542,100.50545,99.80314,99.5974,101.784065
en-mobileweb-user-Tinder_(app),2370.793,2479.4468,2514.0522,2504.7803,2440.299,2402.0127,2436.123
en-mobileweb-user-Tout,21.472017,20.860819,21.068264,20.837349,20.722853,20.699976,20.663773
en-mobileweb-user-TravBuddy.com,-3.127675,-3.1216598,-3.1225772,-3.126842,-3.126996,-3.130177,-3.1243682
en-mobileweb-user-Tumblr,1187.8602,1181.8832,1218.1058,1190.0643,1219.5648,1245.8444,1218.1481
en-mobileweb-user-Twitter,3026.1797,3161.917,3039.9688,3010.921,3067.4385,3057.258,3027.8198
en-mobileweb-user-Twoo.com,142.14392,112.33683,129.60573,127.77793,127.163,131.98601,120.63803
en-mobileweb-user-Untappd,20.087048,18.619307,20.532272,19.748592,20.147886,19.531929,19.218401
en-mobileweb-user-Uplike,-4.071989,-4.24851,-4.069586,-4.3882875,-4.024301,-4.394086,-4.0901356
en-mobileweb-user-VK_(social_networking),762.9522,804.0547,825.3787,825.68,833.1717,841.3312,856.0228
en-mobileweb-user-Vampirefreaks.com,18.262262,17.395876,17.183596,17.007034,16.892693,16.779247,16.63152
en-mobileweb-user-Viadeo,4.0685663,4.851961,4.851961,4.851961,4.851961,4.851961,4.851961
en-mobileweb-user-Viber,365.75027,377.41104,376.13666,376.47906,376.58228,376.7947,377.0297
en-mobileweb-user-Vine_(service),1260.3843,1197.2859,1165.4072,1149.3014,1141.1643,1137.0533,1134.9763
en-mobileweb-user-WAYN_(website),118.5102,128.92924,124.107895,123.314575,123.98784,118.12353,116.142296
en-mobileweb-user-WeChat,696.00476,703.1551,706.84674,708.7528,709.7369,710.24493,710.50726
en-mobileweb-user-We_Heart_It,33.059452,34.102726,35.01006,35.38934,35.636055,35.78497,35.881023
en-mobileweb-user-WhatsApp,6217.737,6201.006,6189.0303,6180.4604,6174.326,6169.9355,6166.7935
en-mobileweb-user-Xanga,60.520462,64.42788,65.50952,65.84167,65.97942,66.06233,66.1387
en-mobileweb-user-Xing_Technology,-4.084406,-3.9112563,-3.889755,-3.8679357,-3.9333937,-3.8679357,-3.9333937
en-mobileweb-user-Yelp,297.66458,283.50104,283.5002,283.49643,283.4963,283.49347,283.49863
en-mobileweb-user-YouTube,20909.094,23515.89,23972.85,23643.057,23824.588,23625.27,23296.713
en-mobileweb-user-Zynga,207.51117,208.2075,208.01051,208.93701,207.18971,208.82486,207.24289
es-desktop-spider-23andMe,-0.27618456,-1.3953946,-1.7514825,-1.8494043,-2.1726267,-1.6691399,-2.051463
es-desktop-spider-500px,-3.1723669,-3.1235309,-3.1072521,-3.1398096,-3.1072521,-3.1235309,-3.1398096
es-desktop-spider-Badoo,5.24712,5.2578864,5.2562456,5.2486124,5.248337,5.2426434,5.2530384
es-desktop-spider-CouchSurfing,-1.5820034,-1.455236,-1.455236,-1.455236,-1.455236,-1.455236,-1.455236
es-desktop-spider-DeviantArt,-0.45625114,-0.26439428,-0.3701949,0.03342724,0.017000198,-0.19976282,-0.13059092
es-desktop-spider-Facebook,49.155968,49.943596,50.38673,50.796967,51.20073,51.5853,51.974075
es-desktop-spider-Facebook_Messenger,4.838962,4.552709,4.5253434,4.8391767,4.5262704,3.83003,4.7518706
es-desktop-spider-Flickr,11.320848,11.320848,11.320848,11.320848,11.320848,11.320848,11.320848
es-desktop-spider-Fotolog,3.006843,3.2751565,3.8384423,4.645166,5.0625854,5.420099,4.8109097
es-desktop-spider-Foursquare,-0.8093171,-0.8020134,-0.8037844,-0.8093171,-0.8093171,-0.8093171,-0.8072448
es-desktop-spider-Goodreads,-1.9002523,-1.9002523,-1.9002523,-1.9002523,-1.9002523,-1.9002523,-1.9002523
es-desktop-spider-Google+,3.527759,4.2696996,5.038345,4.019908,3.560192,4.568329,4.3669987
es-desktop-spider-Habbo,3.985405,3.985405,3.985405,3.985405,3.985405,3.985405,3.985405
es-desktop-spider-Instagram,21.45409,21.465698,21.463928,21.4557,21.455402,21.449265,21.46047
es-desktop-spider-Kickstarter,3.996801,3.996801,3.996801,3.996801,3.996801,3.996801,3.996801
es-desktop-spider-Last.fm,1.1596756,1.2318797,1.2339821,1.2256417,1.225348,1.2189345,1.2306471
es-desktop-spider-LinkedIn,4.995461,5.049475,5.102011,5.153106,5.202803,5.2511373,5.2981477
es-desktop-spider-LiveJournal,3.2485256,3.0423903,2.6447458,3.9734278,3.745883,3.2647495,3.124692
es-desktop-spider-MyHeritage,-3.1964235,-3.0339935,-2.91807,-3.0915685,-3.0047655,-3.0210896,-3.030637
es-desktop-spider-Myspace,0.92883205,0.49985313,0.7273936,0.6054702,0.67106676,0.63571835,0.6547785
es-desktop-spider-Photobucket,-2.7957108,-2.6775208,-2.461493,-2.469253,-2.4695334,-2.4753213,-2.4647527
es-desktop-spider-Pinterest,11.931931,10.423082,9.448485,12.112024,12.904415,11.367359,11.034621
es-desktop-spider-Plurk,-1.3539295,-1.7250843,-1.1541262,-1.3524656,-1.4481642,-1.3583183,-1.3481259
es-desktop-spider-Quora,-1.6321654,-1.7574291,-1.4576671,-1.5828521,-1.3380473,-1.7098804,-1.7197301
es-desktop-spider-Reddit,0.18802977,0.18802977,0.18802977,0.18802977,0.18802977,0.18802977,0.18802977
es-desktop-spider-Skype,6.2785287,9.200621,10.62211,11.313614,11.650007,11.81365,11.893253
es-desktop-spider-Snapchat,12.179522,12.189699,12.1881485,12.180932,12.180672,12.17529,12.185116
es-desktop-spider-SoundCloud,-0.66555023,0.010540962,0.008678436,1.9073486e-05,-0.0002937317,-0.006752968,0.0050401688
es-desktop-spider-StumbleUpon,-2.5317442,-2.3060887,-2.3173068,-2.2981339,-2.212847,-2.3123977,-2.4020119
es-desktop-spider-Tagged,-2.6209385,-2.6943285,-2.7012382,-2.7018888,-2.70195,-2.7019558,-2.7019563
es-desktop-spider-Tumblr,9.986361,9.99818,9.996378,9.987998,9.987696,9.981445,9.992858
es-desktop-spider-Twitter,40.49387,40.38904,40.304634,40.210197,40.268917,40.176018,40.184574
es-desktop-spider-Viadeo,-2.433586,-2.3964584,-2.3967018,-2.4048471,-2.4051387,-2.4112825,-2.4000654
es-desktop-spider-Viber,-1.9204049,-1.9087605,-1.9105353,-1.9187918,-1.9190898,-1.9252477,-1.9140043
es-desktop-spider-WeChat,-1.2584884,-1.246331,-1.248184,-1.2568033,-1.2571146,-1.2635438,-1.2518051
es-desktop-spider-WhatsApp,39.666504,41.350418,41.350418,41.350418,41.350418,41.350418,41.350418
es-desktop-spider-YouTube,57.580685,60.352917,60.352917,60.352917,60.352917,60.352917,60.352917
es-desktop-spider-Zynga,-2.8205895,-2.6593888,-2.5173461,-2.3921854,-2.2818997,-2.1847212,-2.0990925
es-desktop-user-23andMe,8.299541,8.877074,9.248812,9.24028,9.239972,9.233609,9.245228
es-desktop-user-500px,0.27867317,0.8339124,0.5808053,1.0870194,0.91828156,0.4964366,0.74954367
es-desktop-user-Badoo,88.36263,48.498383,74.62004,103.82644,113.864174,98.99103,97.22828
es-desktop-user-CouchSurfing,63.566803,36.29279,48.839756,76.13736,62.40426,63.37332,55.715225
es-desktop-user-DeviantArt,21.49462,20.212898,20.96392,22.129633,22.18637,22.082409,22.414513
es-desktop-user-Facebook,2849.0598,1889.1539,1951.849,3414.997,3680.986,3509.0715,3495.7078
es-desktop-user-Facebook_Messenger,212.06328,200.20195,196.87747,206.63226,218.2176,221.56421,224.26836
es-desktop-user-Flickr,131.45786,76.750336,90.877525,150.94531,169.85599,170.71465,162.30266
es-desktop-user-Fotolog,45.34944,39.543747,35.987534,35.12055,35.845314,36.8788,37.52897
es-desktop-user-Foursquare,26.184204,21.905663,22.478981,24.946136,32.72429,30.950653,26.718487
es-desktop-user-Goodreads,10.566785,8.6334305,8.140146,9.220921,9.332243,11.068966,9.221864
es-desktop-user-Google+,172.4944,95.70886,105.75886,192.23666,202.82338,201.31978,189.32028
es-desktop-user-Habbo,120.736725,120.58911,120.476364,120.39024,120.32448,120.27423,120.235855
es-desktop-user-Instagram,980.55334,567.3277,682.01733,1248.3866,1360.9928,1323.6354,1308.4066
es-desktop-user-Kickstarter,51.5514,34.37164,33.312836,78.383,56.729115,54.69306,64.87035
es-desktop-user-Last.fm,19.125751,14.58564,14.484383,17.573195,18.529827,19.043772,16.203527
es-desktop-user-LinkedIn,482.89426,194.89095,207.02223,596.14294,709.90656,649.9392,620.6863
es-desktop-user-LiveJournal,9.056008,9.026899,9.172318,9.311615,9.4450445,9.572857,9.695289
es-desktop-user-MyHeritage,3.615439,2.5412788,2.7950692,3.3320937,4.369551,2.362176,1.9303617
es-desktop-user-Myspace,142.91895,96.06492,100.89198,155.09445,158.31151,158.57469,155.13834
es-desktop-user-Photobucket,3.5351868,-0.05582428,2.3878427,2.0135913,1.9643707,3.1439123,2.729712
es-desktop-user-Pinterest,339.11047,224.43141,245.38898,366.21436,397.7543,395.66562,388.81332
es-desktop-user-Plurk,0.08362293,-0.10545349,-0.10545349,-0.10545349,-0.10545349,-0.10545349,-0.10545349
es-desktop-user-Quora,11.930754,16.285069,18.457926,19.542204,20.083273,20.353271,20.488005
es-desktop-user-Reddit,128.67471,139.49283,143.19334,152.08655,150.97496,148.35435,149.23645
es-desktop-user-Skype,226.30759,149.30801,184.6865,323.46106,352.70886,359.57642,335.4525
es-desktop-user-Snapchat,445.7933,418.16156,423.39136,499.43903,532.2504,516.763,512.5839
es-desktop-user-SoundCloud,54.695095,36.5624,34.506554,68.14,67.37736,61.37399,62.311504
es-desktop-user-StumbleUpon,7.5014524,7.008853,7.222042,7.9363103,8.066822,8.455521,8.419048
es-desktop-user-Tagged,34.229954,25.386372,24.012558,35.81401,32.09478,35.01382,33.158966
es-desktop-user-Tumblr,265.06433,192.52394,217.1874,297.65973,309.7371,301.98163,306.61234
es-desktop-user-Twitter,898.27,565.798,619.4501,1031.8209,1142.5098,1091.3119,1075.7009
es-desktop-user-Viadeo,9.189732,9.324581,9.604696,8.074217,10.849412,8.276246,12.549026
es-desktop-user-Viber,11.024376,12.27224,10.950748,14.427589,14.150413,15.378403,13.860547
es-desktop-user-WeChat,42.322918,30.005817,35.810028,68.32699,76.808945,72.619934,69.41386
es-desktop-user-WhatsApp,1136.448,865.7478,924.6474,1307.6987,1386.8342,1399.9945,1434.736
es-desktop-user-YouTube,3329.4316,3108.5522,3070.0276,3224.4373,3336.6538,3370.6345,3283.2266
es-desktop-user-Zynga,15.918612,15.018429,15.501865,15.971421,15.035589,15.737598,15.386603
es-mobileapp-user-Badoo,4.092259,4.241854,4.0983615,4.2499695,4.334667,4.5604944,4.0988474
es-mobileapp-user-CouchSurfing,3.7696395,3.7696395,3.7696395,3.7696395,3.7696395,3.7696395,3.7696395
es-mobileapp-user-Facebook,27.240845,29.985256,29.760708,34.703114,28.675816,28.461342,29.179474
es-mobileapp-user-Facebook_Messenger,4.5524187,4.5524187,4.5524187,4.5524187,4.5524187,4.5524187,4.5524187
es-mobileapp-user-Flickr,4.139116,4.139116,4.139116,4.139116,4.139116,4.139116,4.139116
es-mobileapp-user-Fotolog,3.152188,3.152188,3.152188,3.152188,3.152188,3.152188,3.115444
es-mobileapp-user-Google+,4.0601416,4.1277275,4.1198773,4.1246243,4.1238685,4.1242127,4.124146
es-mobileapp-user-Habbo,3.5889282,3.6420202,3.7086096,3.7186432,3.7255144,3.7269664,3.7277079
es-mobileapp-user-Instagram,13.616568,13.693815,13.686848,14.04887,14.066338,14.122099,14.220503
es-mobileapp-user-Kickstarter,3.6409624,3.7129688,3.6409624,3.7129688,3.6409624,3.7129688,3.6409624
es-mobileapp-user-Last.fm,3.3803551,3.3803551,3.3803551,3.3803551,3.3803551,3.3803551,3.3803551
es-mobileapp-user-LinkedIn,5.1743298,5.589616,5.7306576,5.7785583,5.7948265,5.8003516,5.802228
es-mobileapp-user-Myspace,4.4546456,4.4546456,4.4194565,4.4546456,4.489835,4.4546456,4.2786994
es-mobileapp-user-Pinterest,5.8421845,5.8421845,5.8421845,5.8421845,5.8421845,5.8421845,5.8421845
es-mobileapp-user-Quora,3.2929702,3.3480036,3.3827455,3.4046774,3.4185226,3.4272628,3.4327803
es-mobileapp-user-Reddit,4.5733547,4.678166,4.7492414,4.7974396,4.830124,4.852288,4.867318
es-mobileapp-user-Skype,4.793059,4.793059,4.802188,4.793059,4.811317,4.793059,4.802188
es-mobileapp-user-Snapchat,6.493334,7.7793584,8.853619,8.364515,8.420761,8.953346,8.371226
es-mobileapp-user-SoundCloud,4.0505314,4.0505314,4.0505314,4.0505314,4.0505314,4.0505314,4.0505314
es-mobileapp-user-Tumblr,6.2032948,6.1915035,6.1800795,6.16901,6.158285,6.1478944,6.137826
es-mobileapp-user-Twitter,11.498912,12.320522,11.170267,11.005945,11.005945,10.348658,11.005945
es-mobileapp-user-Viber,3.2023618,3.2457802,3.1738803,3.2564852,3.2616265,3.26626,3.2116518
es-mobileapp-user-WeChat,3.8228927,3.8228927,3.8228927,3.8228927,3.8228927,3.8228927,3.8228927
es-mobileapp-user-WhatsApp,15.693901,18.81073,20.170923,20.170923,20.170923,20.170923,20.170923
es-mobileapp-user-YouTube,20.67596,20.67596,20.67596,20.67596,20.67596,20.67596,20.67596
es-mobileweb-spider-Badoo,-4.7957015,-4.4357233,-4.5751143,-4.588029,-4.523487,-4.591728,-4.5453777
es-mobileweb-spider-CouchSurfing,-4.5416384,-4.552324,-4.5528903,-4.559337,-4.5595675,-4.564351,-4.5556164
es-mobileweb-spider-DeviantArt,-4.566241,-4.61288,-4.6143904,-4.564868,-4.565121,-4.6269097,-4.5607934
es-mobileweb-spider-Facebook,22.975094,22.971504,22.973701,22.972355,22.973183,22.972675,22.972988
es-mobileweb-spider-Facebook_Messenger,-4.6619835,-4.534597,-4.5584083,-4.5539575,-4.5547895,-4.554634,-4.554663
es-mobileweb-spider-Flickr,-4.5900893,-4.4415402,-4.3540354,-4.280792,-4.2115526,-4.153978,-4.0925107
es-mobileweb-spider-Fotolog,-4.594376,-4.5546737,-4.5273247,-4.5076394,-4.4865875,-4.4718623,-4.4493666
es-mobileweb-spider-Foursquare,-4.6769776,-4.6769776,-4.6769776,-4.6769776,-4.6769776,-4.6769776,-4.6769776
es-mobileweb-spider-Goodreads,-4.5968184,-4.6574154,-4.681318,-4.674891,-4.654688,-4.635681,-4.6255245
es-mobileweb-spider-Google+,-3.3443892,-3.23766,-3.1451921,-3.4632196,-3.3581858,-3.0948544,-3.2040296
es-mobileweb-spider-Habbo,-4.990799,-5.2935085,-5.370006,-5.0919523,-5.2630424,-4.6459193,-4.671495
es-mobileweb-spider-Instagram,-0.309978,-0.3002844,-0.3017621,-0.30863428,-0.3088827,-0.31400824,-0.30464935
es-mobileweb-spider-Kickstarter,-4.2992268,-4.290537,-4.2918615,-4.2980227,-4.2982454,-4.30284,-4.3441305
es-mobileweb-spider-Last.fm,-4.5614986,-4.69941,-4.555935,-4.6340575,-4.6340575,-4.5614986,-4.559143
es-mobileweb-spider-LinkedIn,-3.201383,-3.1020484,-2.8947868,-2.9922404,-2.9939847,-3.2111058,-3.0924993
es-mobileweb-spider-LiveJournal,-4.5108523,-4.4818764,-4.4681444,-4.463066,-4.45426,-4.452217,-4.437787
es-mobileweb-spider-MyHeritage,-4.5949965,-4.533869,-4.6149526,-4.6230164,-4.6300244,-4.6361146,-4.641407
es-mobileweb-spider-Myspace,-5.0407166,-5.336471,-5.023907,-5.2104173,-5.2221365,-4.916419,-5.003956
es-mobileweb-spider-Pinterest,-4.499193,-4.788478,-4.4980254,-4.4625616,-4.4158654,-4.476731,-4.2257023
es-mobileweb-spider-Reddit,-2.0703325,-2.0703325,-2.0703325,-2.0703325,-2.0703325,-2.0703325,-2.0703325
es-mobileweb-spider-Skype,-4.3400216,-4.3683186,-4.636256,-4.5966682,-4.564341,-4.1212883,-4.2881737
es-mobileweb-spider-Snapchat,-4.1352515,-3.8144479,-3.6983194,-3.44825,-3.2706125,-3.149229,-2.966562
es-mobileweb-spider-SoundCloud,-2.8011703,-4.0850883,-4.1682057,-4.0829835,-4.4441996,-4.2817225,-4.2868166
es-mobileweb-spider-Tagged,-4.6485634,-4.6410184,-4.642169,-4.647518,-4.647711,-4.6517,-4.644416
es-mobileweb-spider-Tumblr,-3.0266845,-2.9313016,-2.9326072,-2.9386802,-2.9389005,-2.9434304,-2.9351587
es-mobileweb-spider-Twitter,-0.96853566,-0.95819163,-0.95976853,-0.9671023,-0.9673674,-0.97283673,-0.9628494
es-mobileweb-spider-Viber,-4.6682577,-4.606762,-4.56262,-4.5293827,-4.49458,-4.468874,-4.4327607
es-mobileweb-spider-WeChat,-4.4644375,-4.4371815,-4.4235125,-4.4173865,-4.4067225,-4.4024634,-4.385451
es-mobileweb-spider-WhatsApp,-3.6772177,-3.6672366,-3.6687582,-3.6758344,-3.67609,-3.6813676,-3.6717308
es-mobileweb-spider-YouTube,6.041514,6.0505843,6.0492015,6.0427713,6.0425386,6.0377426,6.0465
es-mobileweb-spider-Zynga,-4.703475,-4.583645,-4.585141,-4.592101,-4.5923524,-4.5975432,-4.5880647
es-mobileweb-user-23andMe,17.12072,18.214163,18.214163,18.214163,18.214163,18.214163,18.214163
es-mobileweb-user-500px,6.811845,6.811845,6.811845,6.811845,6.811845,6.811845,6.811845
es-mobileweb-user-Badoo,140.06369,140.07564,145.92859,146.00232,146.98715,148.07506,143.19586
es-mobileweb-user-CouchSurfing,75.94735,81.05816,85.74981,85.95702,87.914604,88.95324,82.64192
es-mobileweb-user-DeviantArt,10.689937,10.6681385,10.666938,10.660398,10.660162,10.655286,10.664189
es-mobileweb-user-Facebook,4649.2007,4680.784,4687.2524,4688.577,4688.8486,4688.904,4688.9155
es-mobileweb-user-Facebook_Messenger,202.41891,198.25578,196.89278,196.46916,196.34265,196.30058,196.29666
es-mobileweb-user-Flickr,63.758568,61.93576,64.35532,65.76621,64.10716,67.115005,65.39873
es-mobileweb-user-Fotolog,43.290108,38.068382,39.85353,37.486084,39.40294,38.199696,41.750313
es-mobileweb-user-Foursquare,12.971056,13.949722,12.953129,13.950363,13.365896,13.433424,13.555096
es-mobileweb-user-Goodreads,6.7289853,6.8464894,6.9549956,7.0551944,7.147722,7.2331624,7.3120637
es-mobileweb-user-Google+,114.736374,114.82643,118.64802,115.23337,116.55553,125.60261,116.49138
es-mobileweb-user-Habbo,46.308846,47.833294,48.354557,48.527546,48.58968,48.605522,48.623405
es-mobileweb-user-Instagram,1119.4211,1121.8136,1183.8103,1164.647,1192.5387,1187.6387,1181.9746
es-mobileweb-user-Kickstarter,34.597775,33.98339,33.22832,33.28244,33.274708,33.318455,33.323467
es-mobileweb-user-Last.fm,4.882494,4.7129865,5.310258,5.176032,5.9222546,5.482464,5.3111243
es-mobileweb-user-LinkedIn,306.82065,257.59506,246.32343,339.36972,392.36295,350.0967,344.47858
es-mobileweb-user-LiveJournal,-0.6852565,-0.6860142,-0.6886215,-0.54341793,-0.69537544,-0.47254848,-0.46390772
es-mobileweb-user-MyHeritage,0.03856516,0.57383823,0.1881895,0.45753574,0.2610855,-0.011217594,0.5168252
es-mobileweb-user-Myspace,96.606094,97.12589,97.31006,97.377686,97.413475,97.43057,97.45696
es-mobileweb-user-Photobucket,-3.596301,-3.596301,-3.596301,-3.596301,-3.596301,-3.596301,-3.596301
es-mobileweb-user-Pinterest,332.9552,329.57535,345.28925,333.79718,332.12476,328.48712,321.18747
es-mobileweb-user-Plurk,-4.7374325,-4.607617,-4.4861374,-4.401807,-4.275862,-4.1665316,-4.0733767
es-mobileweb-user-Quora,5.6056113,5.858532,5.695277,5.674879,5.6397057,5.619592,5.6163864
es-mobileweb-user-Reddit,56.537132,64.965416,69.301155,71.53157,72.678955,73.2692,73.57284
es-mobileweb-user-Skype,97.21771,73.541306,105.04846,132.9063,126.36127,122.91313,110.50045
es-mobileweb-user-Snapchat,558.08093,528.2951,520.6705,528.483,513.2719,512.91296,508.6544
es-mobileweb-user-SoundCloud,51.68021,51.55982,50.792896,50.787766,50.78758,50.78375,50.79074
es-mobileweb-user-StumbleUpon,-0.50153923,-1.7494581,-1.6923382,-1.6780581,-1.7208982,-1.7351785,-1.6352184
es-mobileweb-user-Tagged,19.551838,20.769676,22.48953,20.245506,23.439964,20.408092,23.641605
es-mobileweb-user-Tumblr,396.18555,381.29977,381.70404,382.10825,382.5125,382.91675,383.32098
es-mobileweb-user-Twitter,574.0913,493.3297,605.82684,683.80145,721.38696,729.8993,705.7532
es-mobileweb-user-Viadeo,-0.33271313,0.50768757,-0.21788836,-0.18752718,-0.18752718,-0.18752718,-0.18752718
es-mobileweb-user-Viber,18.584024,18.209078,19.332558,17.71912,19.585909,20.179722,18.713009
es-mobileweb-user-WeChat,37.206886,35.288666,35.818115,34.89833,35.3814,37.017906,36.55963
es-mobileweb-user-WhatsApp,1618.9772,1790.0706,1847.689,1867.0887,1873.6243,1875.8212,1876.5697
es-mobileweb-user-YouTube,3261.954,3193.0225,3161.9033,3077.5295,3195.8052,3169.3008,3159.9146
es-mobileweb-user-Zynga,11.511111,11.511111,11.511111,11.511111,11.511111,11.511111,11.511111
zh-desktop-spider-500px,4.035332,4.3719873,4.273966,4.3652024,4.2802815,4.359323,4.2857537
zh-desktop-spider-Facebook,57.441307,59.075886,59.436295,60.42992,61.228947,59.003586,61.98059
zh-desktop-spider-Facebook_Messenger,7.3436985,7.3436985,7.3436985,7.3436985,7.3436985,7.3436985,7.3436985
zh-desktop-spider-Flickr,15.190398,15.190398,15.190398,15.190398,15.190398,15.190398,15.190398
zh-desktop-spider-Foursquare,4.2050147,4.4058685,5.0177846,4.5350275,4.542055,4.817473,4.6610994
zh-desktop-spider-Goodreads,2.726501,3.2206898,3.030758,2.4562306,3.041481,3.4827814,3.127658
zh-desktop-spider-Google+,14.5319,14.5319,14.5319,14.5319,14.5319,14.5319,14.5319
zh-desktop-spider-Imgur,2.7495017,3.1610546,3.1158361,3.1208043,3.1202588,3.1203184,3.1203122
zh-desktop-spider-Instagram,23.15653,23.213764,23.237715,23.259205,23.280512,23.301802,23.323097
zh-desktop-spider-Kickstarter,12.00663,10.625315,10.478476,14.489334,10.003895,9.56707,10.185289
zh-desktop-spider-Last.fm,8.190833,8.216807,8.19907,8.19226,8.218234,8.222352,8.302967
zh-desktop-spider-LinkedIn,2.9754071,2.6456213,3.0487232,2.0883102,1.8601099,1.8295258,1.6914111
zh-desktop-spider-LiveJournal,3.0833254,3.0833254,3.0833254,3.0833254,3.0833254,3.0833254,3.0833254
zh-desktop-spider-Myspace,6.9244823,6.778288,6.669051,6.58743,6.5264435,6.480875,6.4468246
zh-desktop-spider-Pinterest,10.002937,11.300451,10.117121,9.533922,10.553452,10.996426,10.8005085
zh-desktop-spider-PlentyOfFish,1.5140375,2.2008095,2.3601236,2.3970804,2.4056535,2.4076424,2.408104
zh-desktop-spider-Plurk,2.527995,2.527995,2.527995,2.527995,2.527995,2.527995,2.527995
zh-desktop-spider-Quora,8.3947115,8.4042225,8.413732,8.423243,8.432754,8.442264,8.451775
zh-desktop-spider-Reddit,12.473027,12.632517,12.662978,12.675955,12.720102,12.701176,12.682247
zh-desktop-spider-Skype,20.092077,20.092077,20.092077,20.092077,20.092077,20.092077,20.092077
zh-desktop-spider-Snapchat,10.473341,10.473341,10.473341,10.473341,10.473341,10.473341,10.473341
zh-desktop-spider-SoundCloud,8.463505,8.463505,8.463505,8.463505,8.463505,8.463505,8.463505
zh-desktop-spider-Tumblr,16.209406,17.11563,17.0327,17.139708,17.096468,17.119873,17.108355
zh-desktop-spider-Twitter,42.03357,42.03357,42.03357,42.03357,42.03357,42.03357,42.03357
zh-desktop-spider-Viber,6.406624,6.406624,6.406624,6.406624,6.406624,6.406624,6.406624
zh-desktop-spider-WhatsApp,14.33714,14.46314,12.5574045,14.242641,14.41589,14.132392,14.2268915
zh-desktop-spider-Xanga,4.546532,4.3505464,4.2610903,4.3816733,3.7511506,3.6594777,3.6010861
zh-desktop-spider-YouTube,80.89704,88.792534,92.61301,93.5506,90.388214,89.14162,89.828804
zh-desktop-spider-Zynga,4.6720233,4.4441524,4.643478,4.469122,4.621636,4.488228,4.6049237
zh-desktop-user-500px,5.706365,5.706365,5.706365,5.706365,5.706365,5.706365,5.706365
zh-desktop-user-Facebook,1058.2922,945.9467,992.4973,1135.4839,1153.4316,1144.9259,1088.5321
zh-desktop-user-Facebook_Messenger,19.885052,19.609756,18.51064,17.655548,19.297054,19.874691,18.613987
zh-desktop-user-Flickr,106.77851,88.87924,90.97785,111.98455,103.27279,110.56001,113.04672
zh-desktop-user-Foursquare,19.794434,22.090216,21.093208,21.526188,21.338156,21.419813,21.384352
zh-desktop-user-Goodreads,4.509002,3.8316584,3.719429,3.7008343,3.697753,3.6972432,3.6971579
zh-desktop-user-Google+,63.821938,68.97921,70.777405,72.50484,72.573006,71.97445,68.33658
zh-desktop-user-Imgur,17.788515,16.479311,16.479311,16.479311,16.479311,16.479311,16.479311
zh-desktop-user-Instagram,391.27237,343.43256,392.5228,417.58517,415.79523,424.97372,403.54254
zh-desktop-user-Kickstarter,53.636723,56.037266,59.15272,66.7474,67.14035,68.570564,62.51782
zh-desktop-user-Last.fm,7.2472415,7.2472415,7.2472415,7.2472415,7.2472415,7.2472415,7.2472415
zh-desktop-user-LinkedIn,4.408148,6.0426645,6.4519014,7.7517014,7.475894,7.1910496,6.7196627
zh-desktop-user-LiveJournal,4.010578,3.6168635,3.6357572,3.675144,3.3412817,3.602824,3.803501
zh-desktop-user-Myspace,28.448742,29.409473,29.933338,30.218994,30.374756,30.459686,30.505997
zh-desktop-user-Pinterest,146.50508,154.69392,149.60188,165.9322,164.09624,174.63428,166.48956
zh-desktop-user-PlentyOfFish,3.3683581,3.001546,3.399753,3.0566883,3.3522458,3.0976167,3.3169856
zh-desktop-user-Plurk,6.762564,6.2543063,6.422985,6.470326,6.461137,6.457127,6.457536
zh-desktop-user-Quora,64.36776,57.20378,56.958435,63.07804,69.969536,64.27946,64.46072
zh-desktop-user-Reddit,136.71051,130.79535,133.3868,146.97246,146.68805,143.2805,141.89705
zh-desktop-user-Skype,124.8598,109.79274,94.256134,116.75011,117.08119,109.44266,118.43552
zh-desktop-user-Snapchat,223.26016,205.02658,205.02658,205.02658,205.02658,205.02658,205.02658
zh-desktop-user-SoundCloud,33.97501,33.97501,33.97501,33.97501,33.97501,33.97501,33.97501
zh-desktop-user-Tumblr,251.12212,243.54675,254.07709,266.78113,250.61804,267.72324,264.3934
zh-desktop-user-Twitter,396.71722,353.65103,388.35745,417.488,398.45197,413.28757,401.60864
zh-desktop-user-Viber,21.608215,17.323574,18.675598,18.812717,21.447971,19.013254,20.465208
zh-desktop-user-WhatsApp,162.15399,141.0011,144.84525,183.77016,173.82848,179.75333,182.06924
zh-desktop-user-Xanga,20.17265,19.78643,19.516861,19.92853,19.649902,19.266039,20.244724
zh-desktop-user-YouTube,1296.9596,1296.9596,1296.9596,1296.9596,1296.9596,1296.9596,1296.9596
zh-desktop-user-Zynga,23.498966,21.601816,21.344156,23.0693,22.239803,22.208588,23.56014
zh-mobileapp-user-Facebook,15.395356,16.410786,16.965557,17.039173,16.21351,16.70379,16.507853
zh-mobileapp-user-Facebook_Messenger,3.6577244,3.6427906,3.6726584,3.6278565,3.6726584,3.6875925,3.6726584
zh-mobileapp-user-Flickr,3.4004126,3.829334,3.342855,3.6871767,3.455597,3.584835,3.520268
zh-mobileapp-user-Google+,4.4706674,4.5925155,4.5072556,4.2708836,3.997127,3.8041968,3.7648842
zh-mobileapp-user-Instagram,8.762828,8.762828,8.762828,8.762828,8.762828,8.762828,8.762828
zh-mobileapp-user-Pinterest,4.1479006,3.752099,4.53432,3.752136,3.7568078,3.8818374,3.7037659
zh-mobileapp-user-Quora,4.2831306,4.797839,4.5577106,4.800582,4.4084244,4.5729256,4.6044497
zh-mobileapp-user-Reddit,3.9263382,3.9263382,3.9263382,3.9263382,3.9263382,3.9263382,3.9263382
zh-mobileapp-user-Skype,4.41056,4.41056,4.41056,4.41056,4.41056,4.41056,4.41056
zh-mobileapp-user-Snapchat,5.058299,4.901347,4.844434,5.0307083,5.041233,5.0644293,5.090623
zh-mobileapp-user-Tumblr,8.758554,8.758554,8.758554,8.758554,8.758554,8.758554,8.758554
zh-mobileapp-user-Twitter,10.582791,11.357552,10.686002,11.270187,10.763285,11.203912,10.821374
zh-mobileapp-user-WhatsApp,5.2711735,5.6140046,5.444931,5.6273513,6.036355,6.4002347,5.7636857
zh-mobileapp-user-YouTube,22.767073,22.98648,22.565823,23.24148,23.229235,22.178257,22.217445
zh-mobileweb-spider-500px,1.4619613,1.4952786,1.4805851,1.3884765,1.5101821,1.5101855,1.5099632
zh-mobileweb-spider-Facebook,7.474046,7.474046,7.474046,7.474046,7.474046,7.474046,7.474046
zh-mobileweb-spider-Facebook_Messenger,2.1586258,2.1580076,2.1574109,2.1568348,2.1562788,2.1557424,2.1552246
zh-mobileweb-spider-Flickr,2.5166183,2.5270748,2.5270748,2.5270748,2.5270748,2.5270748,2.5270748
zh-mobileweb-spider-Foursquare,1.8171866,1.8171866,1.8171866,1.8171866,1.8171866,1.8171866,1.8171866
zh-mobileweb-spider-Goodreads,1.6089593,1.6089593,1.6089593,1.6089593,1.6089593,1.6089593,1.6089593
zh-mobileweb-spider-Google+,2.3763595,2.3763595,2.3763595,2.3763595,2.3763595,2.3763595,2.3763595
zh-mobileweb-spider-Imgur,1.9243457,1.9243457,1.9243457,1.9243457,1.9243457,1.9243457,1.9243457
zh-mobileweb-spider-Instagram,6.073836,6.073836,6.073836,6.073836,6.073836,6.073836,6.073836
zh-mobileweb-spider-Kickstarter,2.8083448,2.7526054,2.7526054,2.7526054,2.7526054,2.7526054,2.7526054
zh-mobileweb-spider-Last.fm,1.730873,1.7626216,1.7725353,1.7168937,1.7995627,1.817069,1.8264605
zh-mobileweb-spider-LinkedIn,1.5704752,1.5704752,1.5704752,1.5704752,1.5704752,1.5704752,1.5704752
zh-mobileweb-spider-LiveJournal,1.9740804,2.0629535,2.0629535,2.0629535,2.0629535,2.0629535,2.0629535
zh-mobileweb-spider-Myspace,1.9648781,1.9648781,1.9648781,1.9648781,1.9648781,1.9648781,1.9648781
zh-mobileweb-spider-Pinterest,2.2706895,2.2706895,2.2706895,2.2706895,2.2706895,2.2706895,2.2706895
zh-mobileweb-spider-PlentyOfFish,1.7647597,1.7647597,1.7647597,1.7647597,1.7647597,1.7647597,1.7647597
zh-mobileweb-spider-Plurk,1.742291,1.742291,1.742291,1.742291,1.742291,1.742291,1.742291
zh-mobileweb-spider-Quora,2.6538165,2.556271,2.6538165,2.6538165,2.6213014,2.6213014,2.5887861
zh-mobileweb-spider-Reddit,4.0842743,2.7244363,3.9067054,2.9722128,3.6478956,3.1394114,3.6129267
zh-mobileweb-spider-Skype,3.7693198,3.1567342,4.245132,3.0936127,4.2317896,3.2119155,4.1287403
zh-mobileweb-spider-Snapchat,2.8952453,3.130387,3.1054683,3.038931,2.959941,3.0393128,2.9541564
zh-mobileweb-spider-SoundCloud,2.4013634,2.0510218,2.2275035,2.1205063,2.2134671,2.1461515,2.2083416
zh-mobileweb-spider-Tumblr,3.9723334,3.9723334,3.9723334,3.9723334,3.9723334,3.9723334,3.9723334
zh-mobileweb-spider-Twitter,4.5950346,4.724295,4.8241653,4.790875,4.790875,4.8241653,4.790875
zh-mobileweb-spider-Viber,2.1788301,2.3097072,2.1788301,2.1788301,2.2442687,2.1788301,2.2442687
zh-mobileweb-spider-WhatsApp,2.7000263,2.8355875,2.9589567,3.0712314,3.1734085,3.2663965,3.3510218
zh-mobileweb-spider-Xanga,1.7074246,1.7074246,1.7074246,1.7074246,1.7074246,1.7074246,1.7074246
zh-mobileweb-spider-YouTube,8.970006,9.067785,9.152091,9.224779,9.287451,9.341486,9.388075
zh-mobileweb-spider-Zynga,1.8143561,1.7595227,1.7728785,1.7362292,1.7722101,1.7541726,1.7541713
zh-mobileweb-user-500px,2.8389592,2.8346028,2.8433156,2.8389592,2.847672,2.8433156,2.847672
zh-mobileweb-user-Facebook,317.7286,338.47443,340.966,351.87915,353.7188,353.9751,355.68066
zh-mobileweb-user-Facebook_Messenger,12.1045885,12.1045885,12.1045885,12.1045885,12.1045885,12.1045885,12.1045885
zh-mobileweb-user-Flickr,24.363615,25.190306,25.30063,25.315353,25.31732,25.317581,25.317617
zh-mobileweb-user-Foursquare,3.8309135,5.758184,5.758184,5.758184,5.758184,5.758184,5.758184
zh-mobileweb-user-Goodreads,2.7987332,2.8151383,2.8151383,2.7823284,2.8151383,2.7823284,2.8151383
zh-mobileweb-user-Google+,29.175692,28.479961,28.361584,28.341442,28.338015,28.337431,28.337332
zh-mobileweb-user-Imgur,7.1437464,6.309381,5.367443,5.0303802,5.449901,6.194987,6.6634946
zh-mobileweb-user-Instagram,244.15897,250.28168,252.81436,253.86201,254.29538,254.47466,254.5488
zh-mobileweb-user-Kickstarter,17.0231,17.741205,19.679363,19.914175,19.69787,20.470222,20.876112
zh-mobileweb-user-Last.fm,2.12645,2.12645,2.12645,2.12645,2.12645,2.12645,2.12645
zh-mobileweb-user-LinkedIn,3.4787393,4.3350797,4.258966,4.9144983,4.5168314,4.137469,4.389273
zh-mobileweb-user-LiveJournal,1.9183128,1.9672916,1.9106791,1.9196703,1.9419717,1.7917471,1.7674811
zh-mobileweb-user-Myspace,6.951264,7.7817235,8.158737,8.329895,8.407598,8.442873,8.458887
zh-mobileweb-user-Pinterest,45.337437,41.303307,41.303307,41.303307,41.303307,41.303307,41.303307
zh-mobileweb-user-PlentyOfFish,1.971792,2.3783498,2.1691692,2.3803387,2.4242573,2.3752024,2.4274182
zh-mobileweb-user-Plurk,4.171538,4.514314,4.2209616,4.4720163,4.25716,4.441037,4.283673
zh-mobileweb-user-Quora,17.39668,17.446257,17.106607,17.02983,17.018717,17.03014,17.173607
zh-mobileweb-user-Reddit,26.235815,27.010834,27.26846,27.404055,27.457533,27.482672,27.493265
zh-mobileweb-user-Skype,29.65988,31.95036,32.311325,32.201782,31.723759,32.41278,32.378967
zh-mobileweb-user-Snapchat,92.20302,96.649376,98.94262,100.12538,100.735405,101.050026,101.212296
zh-mobileweb-user-SoundCloud,13.118676,14.307383,13.658955,12.709662,13.382776,14.158817,14.531341
zh-mobileweb-user-Tumblr,101.62876,103.45815,103.98772,102.47746,102.56731,103.63956,103.28003
zh-mobileweb-user-Twitter,154.93744,166.52159,167.29576,171.71457,166.66734,169.4855,168.86827
zh-mobileweb-user-Viber,11.118423,11.304126,11.228335,11.235055,11.229066,11.230254,11.229941
zh-mobileweb-user-WhatsApp,98.41751,95.49959,95.49959,95.49959,95.49959,95.49959,95.49959
zh-mobileweb-user-Xanga,11.391139,10.383267,10.781546,10.447695,11.198854,10.348734,10.502087
zh-mobileweb-user-YouTube,469.19858,470.07532,454.86273,432.19193,431.4389,434.4599,444.15347
zh-mobileweb-user-Zynga,7.0133524,7.0130196,7.0129867,7.0129833,7.0129833,7.0129833,7.0129833
