Level,Description,1987 Feb,1987 May,1987 Aug,1987 Nov,1988 Feb,1988 May,1988 Aug,1988 Nov,1989 Feb,1989 May,1989 Aug,1989 Nov,1990 Feb,1990 May,1990 Aug,1990 Nov,1991 Feb,1991 May,1991 Aug,1991 Nov,1992 Feb,1992 May,1992 Aug,1992 Nov,1993 Feb,1993 May,1993 Aug,1993 Nov,1994 Feb,1994 May,1994 Aug,1994 Nov,1995 Feb,1995 May,1995 Aug,1995 Nov,1996 Feb,1996 May,1996 Aug,1996 Nov,1997 Feb,1997 May,1997 Aug,1997 Nov,1998 Feb,1998 May,1998 Aug,1998 Nov,1999 Feb,1999 May,1999 Aug,1999 Nov,2000 Feb,2000 May,2000 Aug,2000 Nov,2001 Feb,2001 May,2001 Aug,2001 Nov,2002 Feb,2002 May,2002 Aug,2002 Nov,2003 Feb,2003 May,2003 Aug,2003 Nov,2004 Feb,2004 May,2004 Aug,2004 Nov,2005 Feb,2005 May,2005 Aug,2005 Nov,2006 Feb,2006 May,2006 Aug,2006 Nov,2007 Feb,2007 May,2007 Aug,2007 Nov,2008 Feb,2008 May,2008 Aug,2008 Nov,2009 Feb,2009 May,2009 Aug,2009 Nov,2010 Feb,2010 May,2010 Aug,2010 Nov,2011 Feb,2011 May,2011 Aug,2011 Nov,2012 Feb,2012 May,2012 Aug,2012 Nov,2013 Feb,2013 May,2013 Aug,2013 Nov,2014 Feb,2014 May,2014 Aug,2014 Nov,2015 Feb,2015 May,2015 Aug,2015 Nov
1,Aggregated,7022.252753,7103.52345722,7092.25732155,7182.16130099,7247.30434959,7354.83383141,7353.28639161,7508.60691419,7566.48842366,7720.78950734,7715.27301322,7862.35682281,7802.99026223,7908.46367671,7807.98288693,7826.9227232,7708.78059378,7703.71644864,7620.70321137,7614.94176013,7597.17545314,7631.40005447,7613.39910142,7587.44650058,7530.95930863,7620.50678903,7589.40313141,7744.9260545,7738.59791848,7857.90878637,7861.69387468,8003.25337215,8049.87593218,8165.20160055,8165.91871758,8300.26211002,8246.60347799,8297.12543076,8265.86485675,8314.36985229,8291.38755027,8330.1864403,8250.30605267,8462.08472891,8412.99658395,8482.54001845,8455.23346438,8554.29486388,8556.47418166,8606.52012287,8603.62358914,8763.66747674,8754.40422028,8864.99978116,8911.58789058,8912.71947263,8920.93543234,9004.6291143,8971.89539639,9055.64402508,9092.30993647,9134.67308143,9150.2861488,9286.74090441,9372.59938738,9380.07784679,9326.95105172,9427.73963707,9434.45380518,9533.47332414,9462.08655303,9652.92270248,9744.61459613,9850.75507624,9870.33551122,9944.99816762,9961.13739155,10082.05587464,10105.77322898,10201.64504715,10276.98333911,10412.00734364,10406.39754145,10535.10004802,10622.90664474,10690.30635647,10710.44113774,10757.34463623,10776.7288097,10786.79871402,10707.25728739,10829.23152957,10889.15449354,10957.42660888,10973.82293312,11144.54523901,11146.17609548,11196.18106695,11127.21548878,11239.41845201,11237.73591292,11393.15297786,11264.11685532,11378.33358948,11425.31185843,11491.66476636,11361.40978733,11445.90004443,11464.56443414,11553.34876312,11572.76353155,11581.72570406,11724.13231701,11781.44093137,11702.6312549,11935.26631985
2,Clerical and Administrative Workers,930.4074974,935.72942842,929.21594372,927.04291096,979.2071631,996.54668339,973.67769543,1007.35456372,1024.04889672,1034.78248386,1022.83530684,1044.95134117,1051.18402971,1051.01991824,1022.27427407,1022.89956232,1048.4758233,1037.93655363,1026.12689626,992.52626738,1000.4203676,1004.53803286,1013.87273688,981.83170308,1014.26934552,1029.03469455,1018.74766362,1040.55616799,1055.59471456,1067.90021676,1063.26714137,1065.5426131,1083.43550773,1076.76700976,1103.03255807,1086.27218578,1107.8446488,1104.56541681,1100.09249368,1105.78033521,1107.93536493,1100.50694672,1088.94981609,1115.57480032,1131.67659494,1110.96142153,1116.45710511,1094.89432541,1104.42085961,1126.86585589,1134.04141533,1157.09185706,1170.2561086,1203.49179365,1212.37139539,1208.99925283,1226.99345499,1202.96329079,1204.70686078,1191.07761235,1215.77134105,1182.74611419,1182.63128584,1216.35562531,1231.07928667,1231.35391892,1227.06917758,1220.07134796,1192.18451101,1213.37625095,1191.38707289,1216.19653501,1233.70669457,1243.22654599,1252.67443542,1231.6409824,1254.58179849,1264.25099446,1265.56314653,1265.76273052,1283.56936402,1300.20848114,1288.31470976,1293.40310137,1316.74443363,1297.60682829,1296.07881682,1289.07170658,1318.37658428,1317.87933842,1277.26515676,1281.31978381,1296.72067305,1305.87329476,1264.46867222,1297.18236969,1283.97875746,1324.61593941,1320.27829748,1356.46158517,1354.64537853,1342.33191727,1348.38121431,1345.20040407,1361.79805136,1338.1554963,1351.14437916,1322.48010069,1301.85707402,1360.0889558,1329.19599299,1307.87563344,1336.94023944,1299.86787627,1299.93469395,1330.92654537
2,Community and Personal Service Workers,376.14094706,391.94126067,399.05338673,404.99562159,402.47125402,425.43568452,440.95667895,444.38112047,437.85830537,449.4448956,448.36163526,460.08947371,464.6973189,494.64955006,492.37218007,483.88124507,461.31226182,491.12690201,488.55572146,493.65824281,491.85580186,509.40670949,505.94180561,518.29487258,487.60824845,499.22160098,481.0146708,514.85840898,509.76465756,538.88278089,530.43265635,551.3038479,549.12055609,574.5037777,591.06482152,594.84010934,558.03049344,581.1119229,611.20754408,634.67038153,640.51945566,654.86839381,628.34251075,668.48259449,651.83564322,666.42543742,666.4331149,677.67754172,686.1825084,699.41317259,675.7131392,684.60730789,681.16502256,712.13940139,715.54204054,714.58281494,721.67120651,736.21334216,745.88708535,749.4552328,746.99681461,757.7902979,760.55315698,788.01371563,784.47719149,789.0568689,784.21087121,791.88474083,802.00069071,817.13612977,814.22461875,821.4875278,815.43395604,831.64237122,855.62353364,868.55584,821.17531533,869.69650406,857.53561309,876.28052084,902.43416153,929.64403148,891.30269207,889.03288183,897.83817688,941.39576172,918.25197345,955.87578529,962.42572164,1002.97816815,992.99699431,1023.04935662,976.8629742,978.61229792,1035.51286578,1063.33492421,1020.01952012,1050.70767478,1083.42958624,1078.62601772,1061.78959929,1091.13074104,1064.46598998,1099.37596441,1143.07646865,1139.25678079,1114.13098231,1148.25220443,1140.86623889,1167.91509082,1139.34171876,1147.55199844,1200.35209882,1183.84695569,1219.00769474,1244.18054621
2,Labourers,972.11477233,977.25409439,957.64296984,1001.46450826,1001.33392698,1008.96601842,986.99127574,1058.40847716,1046.49798676,1076.70933582,1055.7557898,1092.84350894,1063.69360065,1089.93301177,1044.55858564,1080.82229348,1042.11464169,1033.10062453,967.21848687,996.58689471,1014.26206898,998.04993236,968.30490826,1004.38098875,974.75133613,989.59060213,980.30473874,1002.74611237,1019.12322233,1031.50194011,996.1261174,1045.0075953,1089.80508211,1060.74494905,1053.78016643,1109.65001224,1063.87171221,1077.58812473,1035.29232166,1049.54984244,1031.03982431,1033.84197919,1041.25036839,1049.9991827,1020.56698889,1045.3658819,1051.81669364,1059.96830529,1051.49269995,1045.0419552,1055.45447639,1065.06995968,1076.1223654,1060.20615486,1071.92233031,1059.4592423,1061.14824738,1050.64661432,1022.60567325,1035.38245616,1063.08198641,1060.44550702,1089.35571515,1086.00055027,1083.98842711,1082.28898619,1072.23827429,1103.31201624,1073.60118092,1093.0421468,1101.39467097,1104.84455431,1119.50749813,1107.82160612,1076.23641367,1110.36865365,1094.41318778,1102.46788495,1148.40895421,1133.17842034,1162.41809059,1137.61053612,1140.45999826,1144.18589001,1160.99712794,1170.47165564,1140.81056904,1163.94165853,1151.61088411,1148.52697475,1145.9242206,1156.15816792,1162.37428823,1149.65384598,1096.51303083,1175.63098622,1182.80663686,1155.61738071,1134.17413935,1125.46831078,1127.30517469,1142.76530309,1150.77681858,1147.12182176,1149.5082894,1135.26036301,1100.92931472,1113.95799083,1136.20638168,1160.76226133,1100.23904052,1116.09759957,1129.10115234,1137.36374158,1090.96333132,1121.33148953
2,Machinery Operators and Drivers,585.87095393,589.29751787,585.19325952,609.63057099,596.00794233,607.27836852,603.11412262,607.82209443,609.10600033,611.49073881,624.46340502,624.26752124,609.69721109,601.55423322,597.39025505,587.36431081,586.69631945,583.06430373,571.87851306,567.95107242,557.36906117,552.34835248,562.02693446,544.28759857,554.35290846,557.21727643,548.74453303,579.7228109,579.62598887,577.48059183,588.63791868,585.50159499,590.83117356,599.24927992,612.54850326,612.80646866,590.36761985,587.51780531,631.06133254,640.1007725,627.77675053,614.149661,607.44954891,624.12436548,610.3677862,608.71806214,619.8059939,649.84124709,626.70899573,623.87635733,609.68439187,621.00462832,616.64031784,633.99036028,613.36465366,607.62510149,605.43377058,622.01010421,627.64675806,616.33931896,626.16607828,622.34246999,619.99822277,632.59661605,635.31066951,632.65696563,626.57417633,613.23985523,625.90767782,644.45433326,637.18897432,648.49109732,635.80573796,647.58541919,635.54155981,637.07460477,638.47986348,653.37719985,661.01149599,690.37759948,704.63270616,707.99339353,713.72006522,731.12680054,698.5034564,722.10273816,722.74711306,735.81508196,710.79587458,690.91747811,689.93363873,670.32570797,692.33162935,709.05065244,708.93920144,711.24877883,713.55797149,732.25868715,754.17449185,784.56370222,740.32727814,729.51346699,726.39363238,778.19471544,789.04979985,765.30745565,760.60648043,776.53123132,748.74485249,739.16314184,741.77257796,757.67444922,742.50038429,771.14019152,728.6705996,725.63870891
2,Managers,861.36182417,883.78271415,889.5517177,886.88890955,902.54780975,918.49463335,920.81471294,933.25107893,935.1892045,930.70000293,928.4878185,963.02153416,975.56412977,977.58729068,968.21682378,979.79150126,966.56727132,961.67744055,939.13283176,970.42127587,934.67276805,942.04121682,958.58508169,951.66864595,958.28078059,969.21096565,980.05984333,1000.24528886,971.90889194,980.77678591,999.9639596,1006.10737143,957.66326178,987.71536848,964.41623557,997.00826896,1015.04254216,997.49020617,976.14840818,967.33598383,973.21852704,977.31007175,960.79780939,978.48382598,950.74931677,979.46173502,979.19618165,989.60760407,992.52693174,990.87635363,1020.4550032,1040.19403845,1043.68673311,1012.35024781,1026.30678558,1056.06975199,1046.20787293,1090.02792562,1100.61084493,1168.27701503,1154.33963395,1133.10120902,1089.92930071,1099.96448421,1119.16930579,1135.76740171,1120.34995808,1152.30006055,1155.47695837,1146.28538641,1193.16676305,1230.13991722,1267.97242029,1235.00110774,1246.30782062,1246.44899,1298.27600572,1255.53272324,1272.44012315,1313.07074671,1311.98318349,1315.07238335,1350.54296438,1370.18896191,1349.92714835,1373.76719818,1400.14730055,1347.1339899,1374.68018031,1402.36256365,1401.73765325,1444.34269062,1440.18380808,1482.07899457,1448.04347487,1426.84778007,1401.51271198,1436.51769371,1448.9740536,1462.32856716,1448.96816415,1488.39663604,1429.14463036,1417.29910542,1422.3093114,1483.66481013,1445.6746088,1481.54838164,1483.22555021,1491.07084169,1545.79595117,1513.99891714,1552.78300419,1511.10183348,1534.20277948,1542.39083728
2,Professionals,1072.21703079,1103.99758652,1110.05451287,1097.74175396,1109.01825874,1134.56094723,1146.77397437,1149.72647763,1155.25249021,1211.70831137,1207.76402196,1218.68588191,1219.45516174,1247.54541872,1273.88108008,1248.78627813,1248.64276442,1278.83461074,1301.39925083,1263.61392066,1259.34381831,1297.88777275,1316.26646238,1296.30860198,1260.32315167,1266.69023041,1306.82680126,1298.15066228,1291.87285595,1312.05689974,1336.84330417,1340.67956756,1336.07335745,1403.47293955,1414.17326176,1451.86305068,1425.52189196,1442.82594377,1429.78564021,1475.42575172,1435.529111,1472.22530927,1503.37587053,1522.01118116,1511.13325484,1547.91121267,1548.33138562,1589.0216865,1598.38237005,1588.78793333,1581.9960866,1623.61927828,1621.56218058,1684.46555975,1696.89561571,1691.7498765,1711.10163534,1746.43922357,1748.43242279,1729.66493689,1737.84383332,1790.64211387,1820.85563566,1805.20129371,1827.29643588,1815.26871646,1825.61503055,1859.81061459,1872.94231582,1921.70000675,1880.81984781,1886.46631937,1865.22019448,1959.93609816,1985.05466856,1979.21379597,2027.53725466,2074.14370514,2034.64933761,2045.45135316,2046.4077064,2119.53891379,2129.56929327,2164.11350013,2221.29709228,2216.32449026,2248.95991004,2246.19572088,2236.30506313,2227.38267878,2293.52098163,2327.16742705,2381.49524681,2360.87437923,2398.00621321,2365.89168239,2436.56765688,2470.96327781,2411.17211048,2402.16102205,2471.66220196,2565.12796277,2515.70715964,2531.04578746,2503.78007618,2566.7000608,2532.28962083,2518.79862,2565.02823789,2575.72349642,2612.57872073,2620.9431017,2655.68521225,2717.42545765,2711.66411829,2751.01567784
2,Sales Workers,971.79870458,968.77828979,960.74831646,1000.76690532,984.22056611,973.27143016,970.39415721,988.3749729,1002.69248652,1023.93429156,1061.15995295,1081.02696449,1068.74001548,1085.0301,1059.6089134,1095.60287021,1054.74828271,1032.37084753,1053.90566804,1052.11349365,1059.32704327,1054.55364458,1024.10562545,1053.79660287,1035.93245274,1043.69418509,1010.80962096,1031.63190685,1038.9699775,1090.36332302,1071.78295869,1102.26744137,1124.23333345,1137.96743621,1110.75282199,1138.82654172,1153.09738585,1179.46197571,1163.27774546,1129.41682812,1134.24334116,1137.29250126,1116.85898735,1187.56825133,1185.05476485,1188.46720837,1166.39304262,1187.80827936,1195.37577305,1194.75593832,1180.36616102,1185.40847765,1179.77185695,1179.70066006,1205.96453972,1221.25364958,1220.44505349,1212.62314601,1180.86997161,1211.81215153,1187.72676687,1228.88076427,1244.1143924,1295.19636013,1289.37888629,1290.03139645,1266.48980294,1269.17404467,1269.86106655,1261.24455216,1237.79763018,1287.9220161,1314.85000502,1332.17582286,1333.0119975,1368.45491842,1325.27245617,1329.96172096,1330.96922526,1313.94400682,1306.76836566,1312.15989602,1307.11466285,1333.8691944,1329.6418926,1358.4131466,1342.61156868,1374.70022672,1356.41110361,1369.73624422,1359.12425099,1366.34203902,1341.49280724,1361.18007767,1399.64224277,1463.82233321,1432.4443908,1389.40645086,1399.60325749,1373.26052029,1362.22584089,1361.0873281,1374.87179715,1397.65443161,1389.64440813,1400.83080756,1405.55786699,1413.25271219,1407.17126107,1392.14005172,1417.87555406,1416.84000732,1399.18461975,1444.70056679,1413.97254282,1481.61683892
2,Technicians and Trades Workers,1252.34102274,1252.74256541,1260.79721471,1253.63012036,1272.49742856,1290.28006582,1310.56377435,1319.28812895,1355.84305325,1382.01944739,1366.44508289,1377.47059719,1349.95879489,1361.14415402,1349.68077484,1327.77466192,1300.22322907,1285.60516592,1272.48584309,1278.07059263,1279.9245239,1272.57439313,1264.29554669,1236.8774868,1245.44108507,1265.84723379,1262.89525967,1277.01469627,1271.73760977,1258.94624811,1274.63981842,1306.8433405,1318.71366001,1324.78083988,1316.15034898,1308.99547264,1332.82718372,1326.56403536,1318.99937094,1312.08995694,1341.12517564,1339.9915773,1303.28114126,1315.84052745,1351.61223424,1335.2290594,1306.79994694,1305.47587444,1301.38404313,1336.90255658,1345.91291553,1386.67192941,1365.19963524,1378.65560336,1369.22052967,1352.979783,1327.93419112,1343.70546762,1341.13577962,1353.63530136,1360.38348198,1358.72460517,1342.84843929,1363.4122591,1401.89918464,1403.65359253,1404.40376074,1417.946957,1442.47940398,1436.23451804,1406.10697506,1457.37473535,1492.11808964,1493.36610496,1485.885082,1503.24038241,1501.40150992,1532.62514198,1535.19533314,1563.57966928,1558.76976126,1589.77970821,1585.37315564,1609.17971783,1647.95731666,1610.22453762,1640.8338861,1644.61046637,1666.12339804,1627.01526794,1546.75439112,1560.52635656,1597.69306658,1610.10306631,1622.697232,1640.58638439,1675.28844989,1636.09396252,1575.40955229,1656.54872662,1670.81227527,1672.79962256,1654.37561292,1662.44135931,1666.14545346,1662.48899212,1651.07653409,1671.07880333,1681.46483789,1666.4849235,1685.96397536,1700.74399723,1707.58560593,1715.99430839,1704.2154947,1738.16567579
3,Clerical and Administrative Workers-Full time,681.31884493,687.3099105,682.83227724,673.0709528,720.95948893,719.19767778,704.49662114,727.27650848,747.1168787,751.23609286,733.92646947,751.59623196,759.0462666,745.34995069,730.06350549,739.39086181,751.30769862,734.3698779,725.22860323,693.03967433,708.1544249,699.29814293,692.03378744,688.41081095,718.05452943,712.23840465,702.50030821,711.9388501,727.81404064,746.90316961,736.529676,727.41221603,729.402431,723.98227813,757.20787539,735.04244911,753.25420308,743.68788954,739.90655121,739.7980347,741.64463933,721.46247555,715.78472488,751.2062276,747.27121668,715.86327176,721.63467323,712.66551277,733.08554823,733.05220045,741.34395908,747.87657815,760.76575348,786.51220769,793.2875518,806.93689066,813.25970524,771.65538583,752.15938796,750.87975603,771.67443916,723.39062832,745.11172785,754.42648228,769.00809486,754.21480692,772.68802982,768.48246966,760.79576654,765.12276651,755.10747938,772.74467028,795.06270441,783.27773135,772.60390223,756.54963217,777.46249192,772.73411375,806.0545641,817.85379446,830.35894484,816.95043159,806.11056124,809.22412792,851.98253028,828.11207665,824.90976387,809.66286667,837.66287623,817.44435026,787.33241906,788.34714312,804.58238708,806.50375904,788.49843737,821.31009667,808.36416275,821.81696405,811.79282597,829.76244185,856.98764121,856.73657596,844.20707477,847.90787715,855.80946057,830.58466823,841.14053559,841.61171773,815.09550867,868.36132334,808.6877101,807.1365964,821.48039084,793.64151395,790.89790421,833.34569322
3,Clerical and Administrative Workers-Part time,249.08865247,248.41951792,246.38366648,253.97195816,258.24767417,277.34900561,269.18107429,280.07805524,276.93201802,283.546391,288.90883737,293.35510921,292.13776311,305.66996755,292.21076858,283.50870051,297.16812468,303.56667573,300.89829303,299.48659305,292.2659427,305.23988993,321.83894944,293.42089213,296.21481609,316.7962899,316.24735541,328.61731789,327.78067392,320.99704715,326.73746537,338.13039707,354.03307673,352.78473163,345.82468268,351.22973667,354.59044572,360.87752727,360.18594247,365.98230051,366.2907256,379.04447117,373.16509121,364.36857272,384.40537826,395.09814977,394.82243188,382.22881264,371.33531138,393.81365544,392.69745625,409.21527891,409.49035512,416.97958596,419.08384359,402.06236217,413.73374975,431.30790496,452.54747282,440.19785632,444.09690189,459.35548587,437.51955799,461.92914303,462.07119181,477.139112,454.38114776,451.5888783,431.38874447,448.25348444,436.27959351,443.45186473,438.64399016,459.94881464,480.07053319,475.09135023,477.11930657,491.51688071,459.50858243,447.90893606,453.21041918,483.25804955,482.20414852,484.17897345,464.76190335,469.49475164,471.16905295,479.40883991,480.71370805,500.43498816,489.9327377,492.97264069,492.13828597,499.36953572,475.97023485,475.87227302,475.61459471,502.79897536,508.48547151,526.69914332,497.65773732,485.59534131,504.17413954,497.29252692,505.98859079,507.57082807,510.00384357,480.86838296,486.76156535,491.72763246,520.50828289,500.73903704,515.4598486,506.22636232,509.03678974,497.58085215
3,Community and Personal Service Workers-Full time,233.33784561,227.07072431,236.84471904,239.44855206,249.98219257,255.47200367,274.85890639,271.76486003,263.92877309,260.70092611,260.52791311,278.51756515,286.56615888,290.36874268,286.13522636,273.59374019,262.44126846,276.14346789,283.22443271,276.37509542,285.64772605,286.87171331,275.00626135,283.06330941,275.64835885,282.63138676,268.28100496,279.43459423,294.42226013,302.1193239,288.62591627,305.01710281,305.2893747,316.90004944,321.92215845,322.2367709,308.7436001,313.16513151,336.79195345,339.89657302,343.47383416,344.16942521,337.0764413,360.55006266,357.58021599,356.32501042,346.45370261,358.67858735,360.42245532,352.4381021,347.11787344,364.02157559,362.54010928,347.64177711,355.45420195,364.24686252,382.59416925,371.7157074,379.20009632,380.79931889,373.38687999,377.86668754,382.7400988,395.78680549,398.44751912,384.985059,386.15151229,401.42570842,409.04026228,391.60490351,403.3639852,421.96339385,424.33564455,410.12711115,423.0580862,441.22997561,430.16186582,431.75248012,412.69429466,430.93978889,458.96281114,467.16936632,461.71939637,467.66507269,462.09328963,457.65774489,453.14710559,483.23690746,483.9751282,485.79882634,455.71992588,467.00837018,473.58157959,456.73527184,491.11270582,520.6004054,490.86367795,476.03132032,503.16423915,523.95963388,518.34174967,497.56301776,488.06714149,519.00676169,533.22371693,539.14917981,515.17050125,547.59824008,561.65695878,541.60245275,530.32069524,519.40150578,552.39780224,535.32040557,544.86461768,548.25130217
3,Community and Personal Service Workers-Part time,142.80310145,164.87053636,162.20866769,165.54706953,152.48906145,169.96368085,166.09777256,172.61626044,173.92953228,188.74396949,187.83372215,181.57190856,178.13116002,204.28080738,206.23695371,210.28750488,198.87099336,214.98343412,205.33128875,217.28314739,206.20807581,222.53499618,230.93554426,235.23156317,211.9598896,216.59021422,212.73366584,235.42381475,215.34239743,236.76345699,241.80674008,246.28674509,243.83118139,257.60372826,269.14266307,272.60333844,249.28689334,267.94679139,274.41559063,294.77380851,297.0456215,310.6989686,291.26606945,307.93253183,294.25542723,310.100427,319.97941229,318.99895437,325.76005308,346.97507049,328.59526576,320.5857323,318.62491328,364.49762428,360.08783859,350.33595242,339.07703726,364.49763476,366.68698903,368.65591391,373.60993462,379.92361036,377.81305818,392.22691014,386.02967237,404.0718099,398.05935892,390.45903241,392.96042843,425.53122626,410.86063355,399.52413395,391.09831149,421.51526007,432.56544744,427.32586439,391.01344951,437.94402394,444.84131843,445.34073195,443.47135039,462.47466516,429.5832957,421.36780914,435.74488725,483.73801683,465.10486786,472.63887783,478.45059344,517.17934181,537.27706843,556.04098644,503.28139461,521.87702608,544.40015996,542.73451881,529.15584217,574.67635446,580.26534709,554.66638384,543.44784962,593.56772328,576.39884849,580.36920272,609.85275172,600.10760098,598.96048106,600.65396435,579.20928011,626.31263807,609.02102352,628.15049266,647.95429658,648.52655012,674.14307706,695.92924404
3,Labourers-Full time,708.15428113,703.14879934,678.70240648,708.24145904,723.0051197,707.57993102,695.85646957,757.86919083,738.10506117,751.71412724,724.89139638,757.09693597,751.28806503,762.9302405,719.33842751,733.85749817,710.9123334,695.55105898,640.45788469,655.90798558,665.45620215,649.7840805,630.30794414,654.65038229,639.15027521,653.55046507,642.80607118,654.09596347,661.49791958,666.29595067,631.01603449,680.91943619,717.44340129,694.22353553,686.86938431,719.13130521,693.75103556,697.3330343,646.15017068,665.00383123,664.45042605,665.39263309,658.95324883,652.63606159,648.94270268,651.43992487,670.16867335,645.07695578,657.46680487,637.52262382,655.93535412,657.15962284,666.61364318,649.86391255,660.04425994,659.07047459,650.15012286,631.35862449,606.10158284,617.45337346,635.36700141,634.75002607,640.92802724,629.08858641,649.24571781,628.70667204,628.80308307,653.77883212,649.82930092,659.36952666,676.98111373,663.31988557,681.35365217,666.43883709,650.44719924,674.75781831,676.93199612,669.99330407,653.77194202,638.79562025,673.38253054,658.46863925,651.79719189,662.21045186,676.15954969,663.84783838,661.57672018,672.14436925,648.1651122,635.84421683,637.94678336,648.98218139,639.33091123,630.78323444,608.65819295,679.75877514,694.30097699,639.18467193,634.61957055,629.54398883,650.13132048,644.39519277,648.058122,648.88434957,645.6511117,616.51646704,600.0779122,596.3297658,631.35884621,627.9213928,582.82485791,610.14873567,600.83791724,598.25525719,590.47872708,615.4680273
3,Labourers-Part time,263.9604912,274.10529505,278.94056336,293.22304922,278.32880728,301.3860874,291.13480617,300.53928633,308.39292559,324.99520858,330.86439342,335.74657297,312.40553562,327.00277127,325.22015813,346.96479531,331.20230829,337.54956555,326.76060218,340.67890913,348.80586683,348.26585186,337.99696412,349.73060646,335.60106092,336.04013706,337.49866756,348.6501489,357.62530275,365.20598944,365.11008291,364.08815911,372.36168082,366.52141352,366.91078212,390.51870703,370.12067665,380.25509043,389.14215098,384.54601121,366.58939826,368.4493461,382.29711956,397.36312111,371.62428621,393.92595703,381.64802029,414.89134951,394.02589508,407.51933138,399.51912227,407.91033684,409.50872222,410.34224231,411.87807037,400.38876771,410.99812452,419.28798983,416.50409041,417.9290827,427.714985,425.69548095,448.42768791,456.91196386,434.7427093,453.58231415,443.43519122,449.53318412,423.77188,433.67262014,424.41355724,441.52466874,438.15384596,441.38276903,425.78921443,435.61083534,417.48119166,432.47458088,494.63701219,494.38280009,489.03556005,479.14189687,488.66280637,481.97543815,484.83757825,506.62381726,479.23384886,491.79728928,503.44577191,512.68275792,507.97743724,507.17598653,523.043377,518.87061154,487.85483788,495.87221108,488.50565987,516.43270878,499.5545688,495.92432195,477.17385421,498.37011032,502.71869658,498.23747219,503.8571777,518.74389597,500.85140252,517.62822503,504.84753547,532.84086853,517.41418261,505.9488639,528.2632351,539.10848439,500.48460424,505.86346223
3,Machinery Operators and Drivers-Full time,540.4961307,540.44826251,539.29654292,555.15078851,547.02167445,554.90445672,549.89968131,553.35666694,561.12860169,557.73266838,570.63096718,563.5124777,553.07173959,545.70855066,541.41350028,533.07362561,530.23176718,522.25333569,513.44622128,504.89752134,497.8710274,491.06377198,496.74109753,480.05557484,494.22811873,493.73032719,484.07537255,508.08830782,510.56494439,507.59920496,515.58417789,514.93042853,522.80218679,520.92763204,536.21954526,537.35939667,515.37819273,514.97510555,554.75255406,563.01996039,550.61910572,533.08746726,528.11671979,542.42038445,537.45298016,529.26138616,539.74835318,570.03750264,548.464524,537.35297862,533.86924701,537.09545888,529.44670745,550.90900962,533.42063103,519.02493978,521.93455113,531.04755246,531.40671114,527.32676989,530.71197908,532.00914641,530.16993787,539.92036698,544.00836968,538.18046644,523.41130933,523.45474512,538.18902176,546.38492435,536.89457324,549.36454946,540.92632573,547.76006885,545.53654826,545.61251773,544.74906856,552.63577826,578.28077348,606.05423512,606.86721432,607.19507156,625.38897694,641.15892698,608.95308308,621.58984646,621.40325312,639.89406626,617.3369364,598.48347855,593.30149541,571.79617092,593.22299406,606.19952511,609.19186281,606.28062796,615.16370513,624.87728104,639.81132505,681.7888315,643.25832345,635.11185165,634.20638292,679.99389396,674.19472543,651.16614855,642.31815691,657.50391501,633.34781074,634.08576353,631.3463591,634.65120917,635.29738611,650.00632358,617.1357482,621.18923954
3,Machinery Operators and Drivers-Part time,45.37482323,48.84925536,45.8967166,54.47978248,48.98626788,52.3739118,53.21444131,54.46542749,47.97739864,53.75807043,53.83243784,60.75504354,56.6254715,55.84568256,55.97675477,54.2906852,56.46455227,60.81096804,58.43229178,63.05355108,59.49803377,61.2845805,65.28583693,64.23202373,60.12478973,63.48694924,64.66916048,71.63450308,69.06104448,69.88138687,73.05374079,70.57116646,68.02898677,78.32164788,76.328958,75.44707199,74.98942712,72.54269976,76.30877848,77.08081211,77.15764481,81.06219374,79.33282912,81.70398103,72.91480604,79.45667598,80.05764072,79.80374445,78.24447173,86.52337871,75.81514486,83.90916944,87.19361039,83.08135066,79.94402263,88.60016171,83.49921945,90.96255175,96.24004692,89.01254907,95.4540992,90.33332358,89.8282849,92.67624907,91.30229983,94.47649919,103.162867,89.78511011,87.71865606,98.06940891,100.29440108,99.12654786,94.87941223,99.82535034,90.00501155,91.46208704,93.73079492,100.74142159,82.73072251,84.32336436,97.76549184,100.79832197,88.33108828,89.96787356,89.55037332,100.5128917,101.34385994,95.9210157,93.45893818,92.43399956,96.63214332,98.52953705,99.10863529,102.85112733,99.74733863,104.96815087,98.39426636,107.38140611,114.3631668,102.77487072,97.06895469,94.40161534,92.18724946,98.20082148,114.85507442,114.1413071,118.28832352,119.02731631,115.39704175,105.07737831,110.42621886,123.02324005,107.20299818,121.13386794,111.5348514,104.44946937
3,Managers-Full time,752.13657855,768.55027685,773.51681093,780.93757637,791.95590293,802.66503533,805.266623,818.87263221,813.25642064,810.99483487,809.16696177,837.5243652,852.85898654,847.24914835,847.75882616,847.70395644,838.13832725,833.80265036,820.75789979,842.73898103,811.76728165,811.14313806,826.75399692,821.52069238,832.69227741,839.37345614,848.16774872,866.57100665,838.65700379,847.92521323,867.9149679,867.03235006,826.80851442,847.61378639,826.30724352,860.25865325,874.88199041,857.97586249,887.39656657,871.95049771,881.61455613,886.38425227,865.0471075,892.24313303,860.16926245,878.28145638,882.40933029,898.95235094,897.40414873,895.97817721,923.24026128,944.31347054,949.47322697,914.01582663,923.77036742,946.05509662,944.80753291,981.76376307,978.48109418,1040.72804892,1022.48080039,1006.80501586,975.18279607,979.40548565,994.35677556,1005.67807101,997.41195432,1028.02831518,1025.223575,1013.83582416,1058.03543585,1086.12641048,1126.16127936,1087.27479079,1104.72573261,1097.88630407,1142.26199063,1102.26254551,1137.40897038,1164.35004917,1163.22418728,1167.16116379,1186.04889026,1205.96186739,1190.46895031,1208.97978882,1241.14989638,1184.50287399,1206.97237154,1242.35524353,1233.16420446,1278.40993977,1268.57310158,1299.21158348,1259.85320588,1250.87882775,1230.39130853,1258.64889297,1285.54137588,1286.03613261,1276.79999205,1290.29683514,1232.97910404,1250.1355393,1243.20724171,1292.09844064,1274.5692382,1294.18895409,1294.37223043,1296.67906174,1347.3986871,1326.46705421,1365.55037207,1322.90336502,1344.68247898,1329.32982844
3,Managers-Part time,109.22524562,115.2324373,116.03490677,105.95133318,110.59190682,115.82959802,115.54808994,114.37844672,121.93278386,119.70516806,119.32085673,125.49716896,122.70514323,130.33814233,120.45799762,132.08754482,128.42894407,127.87479019,118.37493197,127.68229484,122.9054864,130.89807876,131.83108477,130.14795357,125.58850318,129.83750951,131.89209461,133.67428221,133.25188815,132.85157268,132.0489917,139.07502137,130.85474736,140.10158209,138.10899205,136.74961571,140.16055175,139.51434368,88.75184161,95.38548612,91.60397091,90.92581948,95.75070189,86.24069295,90.58005432,101.18027864,96.78685136,90.65525313,95.12278301,94.89817642,97.21474192,95.88056791,94.21350614,98.33442118,102.53641816,110.01465537,101.40034002,108.26416255,122.12975075,127.54896611,131.85883356,126.29619316,114.74650464,120.55899856,124.81253023,130.0893307,122.93800376,124.27174537,130.25338337,132.44956225,135.1313272,144.01350674,141.81114093,147.72631695,141.58208801,148.56268593,156.01401509,153.27017773,135.03115277,148.72069754,148.75899621,147.91121956,164.49407412,164.22709452,159.45819804,164.78740936,158.99740417,162.63111591,167.70780877,160.00732012,168.57344879,165.93275085,171.6107065,182.86741109,188.19026899,175.96895232,171.12140345,177.86880074,163.43267772,176.29243455,172.1681721,198.0998009,196.16552632,167.16356612,179.10206969,191.56636949,171.1053706,187.35942755,188.85331978,194.39177995,198.39726407,187.53186293,187.23263212,188.19846846,189.5203005,213.06100884
3,Professionals-Full time,909.27204961,920.67798317,913.13589789,911.11066805,947.75704659,948.65241734,949.58710052,958.79097091,982.59742909,999.98972177,1002.25508826,1010.75722209,1019.77775957,1023.91679108,1050.89671558,1029.25004196,1040.63457232,1043.07673526,1063.28688973,1026.05476534,1041.70729158,1045.64782177,1056.22096004,1043.75503464,1041.83668857,1033.42047338,1060.62818534,1054.79872306,1070.80957788,1055.2147558,1079.75463302,1089.01030281,1099.00176573,1136.6267036,1144.87810881,1175.54485199,1167.11972235,1152.61119368,1150.97222908,1197.42154248,1172.05119577,1176.88998916,1202.98225254,1217.86660547,1229.12868797,1227.41315128,1236.93942206,1285.60940946,1308.45961926,1282.40246331,1263.69671286,1300.54322604,1317.25812488,1346.23144288,1352.13459308,1354.75827941,1397.31256665,1376.40447493,1362.87883041,1352.5262046,1384.83718621,1407.91390202,1404.105017,1415.51639148,1445.61659172,1413.50788948,1405.33633094,1443.26115674,1475.24067625,1482.77767108,1449.32089903,1453.60175907,1444.39617778,1495.68705087,1503.72661678,1522.30829459,1574.56226932,1579.99944308,1553.81490345,1569.71199337,1617.89941714,1645.61033772,1625.91774063,1665.51298666,1721.74127224,1700.06254937,1721.96817077,1741.32906794,1749.70740713,1705.72161575,1758.12104701,1803.11430421,1828.89967251,1785.13569929,1807.28111332,1800.11277949,1895.68976248,1892.82280736,1839.37384809,1824.72641054,1905.62524875,1937.75763886,1918.49419018,1949.6671675,1920.35089311,1923.26450387,1913.4265892,1893.2759932,1961.15687988,1926.08109625,1926.82241841,1942.67265881,1985.93927633,1996.95929173,1992.32727391,2027.76765087
3,Professionals-Part time,162.94498118,183.31960335,196.91861498,186.63108591,161.26121215,185.90852989,197.18687385,190.93550672,172.65506112,211.7185896,205.5089337,207.92865982,199.67740217,223.62862764,222.9843645,219.53623617,208.0081921,235.75787548,238.1123611,237.55915532,217.63652673,252.23995098,260.04550234,252.55356734,218.4864631,233.26975703,246.19861592,243.35193922,221.06327807,256.84214394,257.08867115,251.66926475,237.07159172,266.84623595,269.29515295,276.31819869,258.40216961,290.21475009,278.81341113,278.00420924,263.47791523,295.33532011,300.39361799,304.14457569,282.00456687,320.49806139,311.39196356,303.41227704,289.92275079,306.38547002,318.29937374,323.07605224,304.3040557,338.23411687,344.76102263,336.99159709,313.78906869,370.03474864,385.55359238,377.13873229,353.00664711,382.72821185,416.75061866,389.68490223,381.67984416,401.76082698,420.27869961,416.54945785,397.70163957,438.92233567,431.49894878,432.8645603,420.8240167,464.24904729,481.32805178,456.90550138,452.97498534,494.14426206,480.83443416,475.73935979,428.50828926,473.92857607,503.65155264,498.60051347,499.55582004,516.26194089,526.99173927,504.86665294,486.597656,521.66106303,535.39993462,524.05312284,552.5955743,575.73867994,590.72509989,565.7789029,540.8778944,578.14047045,571.79826239,577.43461151,566.03695321,627.37032391,597.21296946,581.37861996,583.42918307,643.43555693,618.86303163,625.5226268,603.87135801,649.64240017,685.75630232,678.27044289,669.74593592,720.46616592,719.33684438,723.24802697
3,Sales Workers-Full time,693.40446955,671.69404384,660.77440945,686.0809062,691.13708593,678.56966291,660.42725559,659.83895216,684.08450143,685.10277989,711.00428366,717.27642076,714.34471483,724.60653525,704.11624421,728.6847032,699.80431169,668.37297399,680.33739218,678.79872787,690.66078907,666.30903103,637.92181838,672.82210218,664.84287363,649.37455406,633.0390942,647.97710912,661.35717952,673.70860528,666.62203119,684.17305516,727.30111189,706.89421788,683.05250666,696.48636053,719.41795697,727.18279074,682.65205562,660.53344325,660.85401903,646.30014184,640.06955224,669.5239394,676.89109238,673.99011815,658.48924068,663.85048177,684.34992478,669.50197524,673.05553474,661.89637115,666.69028008,645.34093345,667.87566049,692.00759,668.84594685,658.55468587,624.08699272,646.04462532,628.03766416,657.33507795,662.05552967,690.85635107,696.80127741,680.5635627,662.81174328,670.95462946,673.82547592,657.13959993,652.06437793,690.91772073,707.23943032,702.2829263,708.54675866,738.35622844,721.87104426,705.86713735,708.63073952,697.25125944,713.38136395,708.96630112,695.72587752,715.53999339,723.78858269,722.78042753,721.63469972,734.03540494,708.26345989,714.0412998,708.99651855,723.40782741,676.14148458,716.77128456,735.04525858,768.02813346,746.82248108,698.72646107,723.34683664,726.26923913,704.79332203,694.86625196,697.502581,714.90750316,732.04329839,717.50680372,717.54800167,713.523894,721.39179937,697.47653553,706.64310181,710.85033305,714.06056414,742.09165698,718.18509613,744.73904285
3,Sales Workers-Part time,278.39423503,297.08424595,299.97390701,314.68599912,293.08348018,294.70176725,309.96690162,328.53602074,318.60798509,338.83151167,350.15566929,363.75054373,354.39530065,360.42356475,355.49266919,366.91816701,354.94397102,363.99787354,373.56827586,373.31476578,368.6662542,388.24461355,386.18380707,380.97450069,371.08957911,394.31963103,377.77052676,383.65479773,377.61279798,416.65471774,405.1609275,418.09438621,396.93222156,431.07321833,427.70031533,442.34018119,433.67942888,452.27918497,480.62568984,468.88338487,473.38932213,490.99235942,476.78943511,518.04431193,508.16367247,514.47709022,507.90380194,523.95779759,511.02584827,525.25396308,507.31062628,523.5121065,513.08157687,534.35972661,538.08887923,529.24605958,551.59910664,554.06846014,556.78297889,565.76752621,559.68910271,571.54568632,582.05886273,604.34000906,592.57760888,609.46783375,603.67805966,598.21941521,596.03559063,604.10495223,585.73325225,597.00429537,607.6105747,629.89289656,624.46523884,630.09868998,603.40141191,624.09458361,622.33848574,616.69274738,593.38700171,603.1935949,611.38878533,618.32920101,605.85330991,635.63271907,620.97686896,640.66482178,648.14764372,655.69494442,650.12773244,642.93421161,665.35132266,644.40879311,664.59698419,695.79419975,685.62190972,690.67998979,676.25642085,646.99128116,657.43251886,666.22107614,677.36921615,682.74692845,657.60110974,683.32400384,688.00986532,699.72881819,685.7794617,694.66351619,711.23245225,705.98967427,685.12405561,702.60890981,695.78744669,736.87779607
3,Technicians and Trades Workers-Full time,1182.57126208,1177.44715242,1185.97181652,1168.82688818,1196.60241068,1210.34401512,1234.11357079,1244.72041704,1281.87257624,1296.58586837,1284.37794682,1288.99505865,1270.56587933,1270.54635681,1261.81024701,1239.64159672,1210.83987183,1185.72489485,1175.45577144,1176.03226269,1180.45126399,1172.57108679,1154.66626123,1130.35850389,1152.89383402,1166.82146088,1157.27796922,1180.00927214,1172.14896121,1157.55115333,1169.45385945,1197.0743138,1215.09887289,1214.79652409,1204.41416357,1198.58983756,1227.05686205,1223.62011234,1209.74166066,1202.79750954,1231.26764833,1229.28842364,1195.77979135,1197.36551517,1243.65673766,1215.76863794,1201.18017876,1189.19952537,1187.66550127,1219.53461717,1218.64353218,1254.38691183,1244.11460946,1249.91501167,1236.1732725,1226.35643003,1201.99274798,1195.94384937,1197.52307008,1209.80846818,1224.81364718,1216.89535756,1196.76709318,1216.53558339,1247.31973394,1242.04715275,1254.52878197,1270.95386499,1286.14809165,1269.21366582,1241.20255371,1290.12761708,1338.12401323,1312.66553911,1314.3296736,1332.47236927,1316.04252723,1342.5423909,1346.16620881,1382.17370393,1365.16090048,1380.68376787,1384.98639568,1407.19103234,1449.55629973,1410.53522728,1438.84718741,1452.40726448,1457.89496782,1403.11447086,1322.60487377,1343.56860605,1381.88871366,1384.18336085,1400.27095103,1430.16752896,1456.78535677,1418.68105556,1369.05169179,1403.83265726,1431.7462563,1428.15187164,1433.05745212,1431.74121248,1440.35626657,1433.07530782,1411.25174163,1439.36454585,1441.9054268,1430.57812353,1430.19201707,1461.44165019,1477.2113932,1469.91642357,1453.17950621,1501.02428475
3,Technicians and Trades Workers-Part time,69.76976066,75.29541299,74.82539819,84.80323218,75.89501788,79.9360507,76.45020356,74.56771191,73.97047701,85.43357902,82.06713607,88.47553854,79.39291556,90.59779721,87.87052783,88.1330652,89.38335724,99.88027107,97.03007165,102.03832994,99.47325991,100.00330634,109.62928546,106.51898291,92.54725105,99.02577291,105.61729045,97.00542413,99.58864856,101.39509478,105.18595897,109.7690267,103.61478712,109.98431579,111.73618541,110.40563508,105.77032167,102.94392302,109.25771028,109.2924474,109.85752731,110.70315366,107.50134991,118.47501228,107.95549658,119.46042146,105.61976818,116.27634907,113.71854186,117.36793941,127.26938335,132.28501758,121.08502578,128.74059169,133.04725717,126.62335297,125.94144314,147.76161825,143.61270954,143.82683318,135.5698348,141.82924761,146.08134611,146.87667571,154.5794507,161.60643978,149.87497877,146.99309201,156.33131233,167.02085222,164.90442135,167.24711827,153.99407641,180.70056585,171.5554084,170.76801314,185.35898269,190.08275108,189.02912433,181.40596535,193.60886078,209.09594034,200.38675996,201.98868549,198.40101693,199.68931034,201.98669869,192.20320189,208.22843022,223.90079708,224.14951735,216.95775051,215.80435292,225.91970546,222.42628097,210.41885543,218.50309312,217.41290696,206.3578605,252.71606936,239.06601897,244.64775092,221.3181608,230.70014683,225.78918689,229.4136843,239.82479246,231.71425748,239.55941109,235.90679997,255.77195829,239.30234704,230.37421273,246.07788482,251.03598849,237.14139104
4,Clerical and Administrative Workers-Full time-Females,496.13038083,511.28597194,505.75448627,497.13023721,531.30163941,544.03327498,536.05392043,552.27575415,561.22216837,563.28852371,553.60097639,578.56088018,576.75781902,559.0086711,554.06147579,561.81379395,569.3839209,555.51576677,552.51931057,522.27294562,537.61767666,536.12639871,522.17515181,512.20530208,540.97281896,538.00313583,539.31809609,541.64671958,550.1097105,559.22333152,556.29304559,553.60906115,553.13523555,562.38029566,583.17482863,560.11605338,568.86602813,574.24226437,584.96049224,575.09025863,574.17926625,554.00071455,553.33908589,576.89681851,576.92480651,548.89288523,560.94085352,556.74926052,568.750595,571.69820117,578.89762282,582.68723379,589.83943771,619.87892886,620.48140307,625.80310867,626.26926416,598.79251857,586.58454693,581.52199036,595.40733163,553.64024178,570.1171491,574.57604116,585.36989767,582.46147582,601.20489137,587.03875337,592.33520723,590.57141258,572.74017731,582.80828476,593.78455378,591.04355963,587.07471858,578.15029735,599.76371305,598.83367893,617.56238994,624.35446958,629.65885039,621.99575241,621.5875848,627.55062378,641.39124166,641.25991244,640.83781954,619.64375137,640.24024858,621.8358328,592.41441441,601.36547051,608.15808527,605.16021401,588.0915086,622.35209721,599.39786858,634.65894254,616.47686241,634.55759109,651.66204695,656.64835173,655.03331574,648.68006189,649.40532408,611.42011647,629.18984599,642.59463453,626.81538172,655.47040693,605.241345,598.01533181,606.27862466,584.05313509,591.33040789,628.44215188
4,Clerical and Administrative Workers-Full time-Males,185.1884641,176.02393856,177.07779097,175.94071559,189.65784952,175.1644028,168.44270071,175.00075433,185.89471033,187.94756915,180.32549308,173.03535178,182.28844758,186.34127959,176.0020297,177.57706786,181.92377772,178.85411113,172.70929266,170.76672871,170.53674824,163.17174422,169.85863563,176.20550887,177.08171047,174.23526882,163.18221212,170.29213052,177.70433014,187.67983809,180.23663041,173.80315488,176.26719545,161.60198247,174.03304676,174.92639573,184.38817495,169.44562517,154.94605897,164.70777607,167.46537308,167.461761,162.44563899,174.30940909,170.34641017,166.97038653,160.69381971,155.91625225,164.33495323,161.35399928,162.44633626,165.18934436,170.92631577,166.63327883,172.80614873,181.13378199,186.99044108,172.86286726,165.57484103,169.35776567,176.26710753,169.75038654,174.99457875,179.85044112,183.63819719,171.7533311,171.48313845,181.44371629,168.46055931,174.55135393,182.36730207,189.93638552,201.27815063,192.23417172,185.52918365,178.39933482,177.69877887,173.90043482,188.49217416,193.49932488,200.70009445,194.95467918,184.52297644,181.67350414,210.59128862,186.85216421,184.07194433,190.0191153,197.42262765,195.60851746,194.91800465,186.98167261,196.42430181,201.34354503,200.40692877,198.95799946,208.96629417,187.15802151,195.31596356,195.20485076,205.32559426,200.08822423,189.17375903,199.22781526,206.40413649,219.16455176,211.9506896,199.0170832,188.28012695,212.89091641,203.4463651,209.12126459,215.20176618,209.58837886,199.56749632,204.90354134
4,Clerical and Administrative Workers-Part time-Females,242.51058633,238.5956735,237.59409408,244.86756348,250.43808093,266.91540578,262.06896889,269.80626224,268.71204819,273.03036617,278.11736043,284.14328754,282.85933058,294.29520613,282.40267719,272.73753117,285.20719546,290.38552174,286.37701172,287.40459416,281.24872373,291.85421065,309.81006868,280.43150206,285.99833431,303.99360317,303.57005572,316.09995957,312.63654612,306.42584379,310.38455699,321.17121829,337.53017242,335.17934985,329.3367301,334.58868147,339.20586616,341.6368818,346.41931626,350.03210458,353.67007442,361.59623025,356.05005262,347.11795644,367.68651775,372.11065504,375.66697955,365.96262461,355.38919026,376.12205436,372.51615777,388.4993246,390.4447533,393.18664478,393.75114679,382.43454808,389.81734362,407.09908835,427.81705696,417.06158498,421.52831786,432.63251947,409.75363986,434.67743327,433.13359245,446.88886317,430.26211499,428.96758703,406.3616694,417.2469778,413.2837618,415.91915976,409.77610872,437.58100199,452.15356884,450.00443598,452.44128518,464.20920572,433.37558668,419.52570416,423.6002535,450.09402103,449.787838,454.62270497,435.30321969,445.57346004,444.27466492,452.26168256,453.09039561,469.2764329,457.75840475,457.73786474,460.96912602,464.63286191,442.57950794,443.38443564,446.47593993,469.44119133,477.89332092,489.11151673,463.12326713,449.84436522,466.57583061,460.21477997,474.99911257,465.26484844,469.4038831,441.67048785,447.9713922,447.21078504,483.35185378,467.35304203,472.02125851,470.74384349,464.31684043,462.42187079
4,Clerical and Administrative Workers-Part time-Males,6.57806614,9.82384442,8.7895724,9.10439468,7.80959324,10.43359983,7.1121054,10.271793,8.21996983,10.51602483,10.79147694,9.21182167,9.27843253,11.37476142,9.80809139,10.77116934,11.96092922,13.18115399,14.52128131,12.08199889,11.01721897,13.38567928,12.02888076,12.98939007,10.21648178,12.80268673,12.67729969,12.51735832,15.1441278,14.57120336,16.35290838,16.95917878,16.50290431,17.60538178,16.48795258,16.6410552,15.38457956,19.24064547,13.76662621,15.95019593,12.62065118,17.44824092,17.11503859,17.25061628,16.71886051,22.98749473,19.15545233,16.26618803,15.94612112,17.69160108,20.18129848,20.71595431,19.04560182,23.79294118,25.3326968,19.62781409,23.91640613,24.20881661,24.73041586,23.13627134,22.56858403,26.7229664,27.76591813,27.25170976,28.93759936,30.25024883,24.11903277,22.62129127,25.02707507,31.00650664,22.99583171,27.53270497,28.86788144,22.36781265,27.91696435,25.08691425,24.67802139,27.30767499,26.13299575,28.3832319,29.61016568,33.16402852,32.41631052,29.55626848,29.45868366,23.9212916,26.89438803,27.14715735,27.62331244,31.15855526,32.17433295,35.23477595,31.16915995,34.73667381,33.39072691,32.48783738,29.13865478,33.35778403,30.59215059,37.58762659,34.53447019,35.75097609,37.59830893,37.07774695,30.98947822,42.30597963,40.59996047,39.19789511,38.79017315,44.51684742,37.15642911,33.38599501,43.43859009,35.48251883,44.71994931,35.15898136
4,Community and Personal Service Workers-Full time-Females,107.34059756,110.22984544,113.08417573,108.91395394,113.35649658,120.36877267,128.06394675,132.01838496,129.22985859,128.11748111,124.43295122,134.17886794,140.10059802,142.63378296,138.11235388,130.65947801,121.58607768,130.22284909,136.12377323,130.5835066,140.08469938,139.45772556,127.44572763,141.58146734,137.60494712,146.78587583,133.97998452,138.200776,144.12658285,153.68464355,149.58148748,158.74266983,158.4549916,172.42435402,172.33587156,174.22286501,164.16286699,168.29943348,176.61695728,179.30664045,177.63464622,186.09158415,175.51150976,192.14034644,188.27283534,192.94581825,189.7479735,199.05341836,188.10083012,188.29573797,180.41682193,199.89118285,193.33722033,180.06351553,187.69410292,195.98270177,207.35841354,211.76899679,207.44974607,212.55449789,199.1842189,199.63927248,209.65483586,217.49720993,210.60678904,208.41126434,207.87024619,215.05663124,218.03032494,205.99123035,226.71471372,241.41348099,234.3395139,221.364554,229.22895484,249.21880867,244.97590837,241.59997881,233.78122411,242.21397148,260.39741102,264.79120043,265.78744993,272.67353379,260.28794923,262.68931867,257.93937986,272.87678469,285.44201552,272.35233825,259.69016129,265.27677094,277.32606006,269.01237367,290.6734194,306.176816,282.3535016,264.24249663,288.10396804,296.19910727,293.86026439,278.94864447,272.49368549,280.34186548,310.56862919,304.70718638,306.94059054,320.92223923,321.36716115,317.83244446,311.97777453,310.34522725,313.27800105,303.23694913,301.84200736,324.28989847
4,Community and Personal Service Workers-Full time-Males,125.99724805,116.84087887,123.76054331,130.53459812,136.62569599,135.103231,146.79495964,139.74647507,134.6989145,132.583445,136.09496189,144.33869721,146.46556086,147.73495972,148.02287248,142.93426218,140.85519078,145.9206188,147.10065948,145.79158882,145.56302667,147.41398775,147.56053372,141.48184207,138.04341173,135.84551093,134.30102044,141.23381823,150.29567728,148.43468035,139.04442879,146.27443298,146.8343831,144.47569542,149.58628689,148.01390589,144.58073311,144.86569803,160.17499617,160.58993257,165.83918794,158.07784106,161.56493154,168.40971622,169.30738065,163.37919217,156.70572911,159.62516899,172.3216252,164.14236413,166.70105151,164.13039274,169.20288895,167.57826158,167.76009903,168.26416075,175.23575571,159.94671061,171.75035025,168.244821,174.20266109,178.22741506,173.08526294,178.28959556,187.84073008,176.57379466,178.2812661,186.36907718,191.00993734,185.61367316,176.64927148,180.54991286,189.99613065,188.76255715,193.82913136,192.01116694,185.18595745,190.15250131,178.91307055,188.72581741,198.56540012,202.37816589,195.93194644,194.9915389,201.8053404,194.96842622,195.20772573,210.36012277,198.53311268,213.44648809,196.02976459,201.73159924,196.25551953,187.72289817,200.43928642,214.4235894,208.51017635,211.78882369,215.06027111,227.76052661,224.48148528,218.61437329,215.573456,238.66489621,222.65508774,234.44199343,208.22991071,226.67600085,240.28979763,223.77000829,218.34292071,209.05627853,239.11980119,232.08345644,243.02261032,223.9614037
4,Community and Personal Service Workers-Part time-Females,123.44434671,142.71924258,137.36409469,139.63370747,127.24365892,143.01771975,142.42486319,145.18574005,149.14260617,157.75525098,158.71682558,155.25630672,152.69546567,171.37507799,174.34995775,177.70320708,167.7395976,179.47249184,169.77217387,179.38915758,168.48970868,182.3155105,189.38745087,197.34270024,176.21900731,177.4344118,178.42950738,190.98318032,173.45902971,194.78393941,193.49277218,202.64467978,195.94041827,207.96499345,217.35150532,228.5069138,204.183573,215.65311803,224.04721949,244.77557075,238.42331755,247.48140907,232.30234463,249.64856091,239.14504428,259.09874482,264.49370392,260.8214103,267.75523624,278.7544412,261.28508399,263.66105056,258.67504878,298.78132309,293.46745768,281.37234033,269.24293498,295.45172324,297.20764064,295.87143696,303.9763079,309.53123918,307.49269514,317.09056304,316.1549085,321.90323636,319.39887585,320.22378989,313.71864744,337.73612125,331.39797485,319.78816913,318.40083728,346.35472129,345.33346351,344.87696767,312.21086936,356.36545658,358.60975873,360.20226565,358.10995146,371.63888151,347.62212186,331.66348955,352.71124433,393.02743521,375.6829576,375.46618132,393.1093868,420.9368201,430.55373308,442.62952693,397.01195484,402.61500505,424.13781566,431.83490422,419.75140455,447.39459571,452.19076886,441.11103091,426.12091641,462.38081192,454.89316893,462.58221746,476.68424362,478.3705925,479.91208927,480.91843185,453.44780484,488.20923054,476.77257143,489.82795595,505.03031063,504.68795429,520.12943681,536.06588524
4,Community and Personal Service Workers-Part time-Males,19.35875474,22.15129378,24.844573,25.91336206,25.24540253,26.9459611,23.67290937,27.43052039,24.78692611,30.98871851,29.11689657,26.31560184,25.43569435,32.90572939,31.88699596,32.5842978,31.13139576,35.51094228,35.55911488,37.89398981,37.71836713,40.21948568,41.54809339,37.88886293,35.74088229,39.15580242,34.30415846,44.44063443,41.88336772,41.97951758,48.3139679,43.64206531,47.89076312,49.63873481,51.79115775,44.09642464,45.10332034,52.29367336,50.36837114,49.99823776,58.62230395,63.21755953,58.96372482,58.28397092,55.11038295,51.00168218,55.48570837,58.17754407,58.00481684,68.22062929,67.31018177,56.92468174,59.9498645,65.71630119,66.62038091,68.96361209,69.83410228,69.04591152,69.47934839,72.78447695,69.63362672,70.39237118,70.32036304,75.1363471,69.87476387,82.16857354,78.66048307,70.23524252,79.24178099,87.79510501,79.4626587,79.73596482,72.69747421,75.16053878,87.23198393,82.44889672,78.80258015,81.57856736,86.2315597,85.1384663,85.36139893,90.83578365,81.96117384,89.70431959,83.03364292,90.71058162,89.42191026,97.17269651,85.34120664,96.24252171,106.72333535,113.41145951,106.26943977,119.26202103,120.2623443,110.89961459,109.40443762,127.28175875,128.07457823,113.55535293,117.32693321,131.18691136,121.50567956,117.78698526,133.1685081,121.73700848,119.04839179,119.7355325,125.76147527,138.10340753,132.24845209,138.32253671,142.92398595,143.83859583,154.01364025,159.8633588
4,Labourers-Full time-Females,160.20092175,158.81036848,157.69678318,164.16145757,168.60255558,162.49258613,157.84412512,170.1042379,168.37174166,174.23013623,164.82389565,177.10927475,186.58081275,188.09608816,161.99468778,172.34393778,166.63581295,165.139142,155.50231719,157.36810347,151.73672065,150.40375921,153.13171049,158.4625279,148.56637424,149.20770362,150.17991461,158.50645401,156.75398451,152.85372118,153.4349337,160.41328742,171.28946209,167.19976968,166.19451044,181.11832824,159.70926378,164.63897893,150.53605927,163.06104159,163.63672403,153.47129665,153.59844948,149.02727629,143.72799421,148.42980033,161.33645166,161.19988139,157.13243405,147.93280626,157.61378579,156.41743827,156.25371478,152.39568644,160.87336265,157.19812183,149.59330372,146.31531309,146.78852258,147.46033025,154.95004901,147.31791281,145.58964969,147.12941097,152.46964231,157.175976,148.88082452,142.57499448,142.25930226,145.16750716,161.02124025,166.08523751,158.53804552,144.22049672,153.44191524,158.96368595,159.35934847,156.06454764,165.55806826,157.91903571,163.7793655,149.89552268,150.36684706,152.924731,158.24879623,150.50574966,153.84196342,162.8746075,155.30712819,161.98840639,147.87691215,158.55694167,140.80816862,140.09653913,126.45748345,145.92621918,157.59560528,141.44743199,135.46397682,134.42345463,132.72940612,151.06440036,150.88858572,155.99371114,148.62323072,130.83123469,134.99099853,134.79120494,136.04711024,138.52724831,129.51701769,139.42295159,124.35049042,136.72536292,129.00808935,122.49691299
4,Labourers-Full time-Males,547.95335938,544.33843086,521.0056233,544.08000147,554.40256412,545.08734489,538.01234445,587.76495293,569.73331951,577.48399101,560.06750073,579.98766122,564.70725228,574.83415234,557.34373973,561.51356039,544.27652045,530.41191698,484.9555675,498.53988211,513.7194815,499.38032129,477.17623365,496.18785439,490.58390097,504.34276145,492.62615657,495.58950946,504.74393507,513.44222949,477.58110079,520.50614877,546.1539392,527.02376585,520.67487387,538.01297697,534.04177178,532.69405537,495.61411141,501.94278964,500.81370202,511.92133644,505.35479935,503.6087853,505.21470847,503.01012454,508.83222169,483.87707439,500.33437082,489.58981756,498.32156833,500.74218457,510.3599284,497.46822611,499.17089729,501.87235276,500.55681914,485.0433114,459.31306026,469.99304321,480.4169524,487.43211326,495.33837755,481.95917544,496.7760755,471.53069604,479.92225855,511.20383764,507.56999866,514.2020195,515.95987348,497.23464806,522.81560665,522.21834037,497.005284,515.79413236,517.57264765,513.92875643,488.21387376,480.87658454,509.60316504,508.57311657,501.43034483,509.28572086,517.91075346,513.34208872,507.73475676,509.26976175,492.85798401,473.85581044,490.06987121,490.42523972,498.52274261,490.68669531,482.2007095,533.83255596,536.70537171,497.73723994,499.15559373,495.1205342,517.40191436,493.33079241,497.16953628,492.89063843,497.02788098,485.68523235,465.08691367,461.53856086,495.31173597,489.39414449,453.30784022,470.72578408,476.48742682,461.52989427,461.47063773,492.97111431
4,Labourers-Part time-Females,184.36410796,184.25758887,184.48151761,196.69388918,190.43460925,196.02162607,194.75028511,199.51293677,206.2995706,212.02672948,217.82176936,215.91512998,205.98154413,214.98116882,218.4299461,221.73304626,208.04605713,211.41205542,203.62157565,209.89800865,215.03109733,210.53806224,207.156046,212.43821852,208.99233971,205.84254368,199.58993877,213.93191359,220.87704655,225.45388913,210.38633822,212.11715526,220.88482762,224.17524228,221.40629586,231.37256674,218.57111167,225.23113767,212.13536756,214.53186327,211.66513297,200.42699244,207.20117317,216.37209698,207.29138565,216.92794446,208.10620844,228.26129791,211.06091031,216.78913108,216.9859431,233.82982084,229.24872706,224.67816344,224.84663145,214.66492817,220.41114612,227.80440543,218.12593165,225.20295767,224.18371231,227.6444293,232.21890785,239.90169898,233.91249078,239.60811831,225.97268367,230.73831318,217.2470267,223.64911888,219.80051053,224.04225684,224.52867803,229.38283484,216.76598685,226.31732293,212.12276994,230.93662678,251.72311509,254.32857706,257.94275493,253.22438139,255.77401564,259.80740683,261.72446638,263.13893574,254.74615553,255.03561003,261.28648925,251.90167278,247.2424326,251.44231377,256.84914625,266.32331765,240.00145036,240.73708402,244.20370403,254.69160546,253.55986418,248.94262798,245.12155758,255.5977363,263.76275418,252.85997675,250.42966267,250.00187361,246.97518408,247.69359842,251.41662879,263.70659151,249.88667477,263.80338978,262.65120471,245.49220007,237.8839439,240.15846433
4,Labourers-Part time-Males,79.59638324,89.84770618,94.45904575,96.52916004,87.89419803,105.36446133,96.38452106,101.02634956,102.09335499,112.9684791,113.04262406,119.83144299,106.42399149,112.02160245,106.79021203,125.23174905,123.15625116,126.13751013,123.13902653,130.78090048,133.7747695,137.72778962,130.84091812,137.29238794,126.60872121,130.19759338,137.90872879,134.71823531,136.7482562,139.75210031,154.72374469,151.97100385,151.4768532,142.34617124,145.50448626,159.14614029,151.54956498,155.02395276,177.00678342,170.01414794,154.92426529,168.02235366,175.09594639,180.99102413,164.33290056,176.99801257,173.54181185,186.6300516,182.96498477,190.7302003,182.53317917,174.080516,180.25999516,185.66407887,187.03143892,185.72383954,190.5869784,191.4835844,198.37815876,192.72612503,203.53127269,198.05105165,216.20878006,217.01026488,200.83021852,213.97419584,217.46250755,218.79487094,206.5248533,210.02350126,204.61304671,217.4824119,213.62516793,211.99993419,209.02322758,209.29351241,205.35842172,201.5379541,242.9138971,240.05422303,231.09280512,225.91751548,232.88879073,222.16803132,223.11311187,243.48488152,224.48769333,236.76167925,242.15928266,260.78108514,260.73500464,255.73367276,266.19423075,252.54729389,247.85338752,255.13512706,244.30195584,261.74110332,245.99470462,246.98169397,232.05229663,242.77237402,238.9559424,245.37749544,253.42751503,268.74202236,253.87621844,269.93462661,253.43090668,269.13427702,267.52750784,242.14547412,265.61203039,293.61628432,262.60066034,265.7049979
4,Machinery Operators and Drivers-Full time-Females,66.32217003,66.359201,71.36839611,75.77330805,72.92839824,77.04997671,75.10562517,75.86951411,76.79687128,74.41306551,79.78694803,75.64720467,71.52910822,71.7366496,69.42783002,69.72702825,64.37299317,63.12920611,68.36087504,69.13395235,63.06579382,56.5506323,56.51666732,57.44232693,59.56768072,63.66383432,58.83539426,64.57106248,62.33632529,56.14547111,54.62993273,61.45287466,59.120689,53.15391329,53.33353682,54.23197485,50.59652369,50.6693032,50.9083929,50.1385827,51.03688457,49.21877265,49.20559478,53.6928275,53.0818135,49.36921254,51.32962752,51.36511276,50.26410937,46.20759312,46.03843985,44.46970129,46.78195756,51.09383405,44.93881641,44.64257103,41.43776719,40.3624253,35.38492791,38.89158562,41.5732998,39.64382772,42.24172979,42.78158809,39.02710088,43.16214039,41.54998953,42.24566061,43.16639498,45.69162956,39.98558805,39.90743881,36.30750895,44.08071768,38.56036487,41.62385307,40.1793704,38.81217219,37.31922681,42.90742331,45.85998913,44.44002255,47.7152948,42.89680891,43.11500191,49.5704008,48.61858872,51.62638787,40.93286823,38.32154931,40.58572261,34.31707818,37.57007785,40.29255739,45.28484865,49.14619622,49.80654102,51.22475239,43.98023024,42.25523374,46.22628579,42.62817177,39.61778762,51.13910922,43.31713268,51.22193737,50.93275066,52.75607768,43.10232756,47.65376907,45.11175976,47.88207783,49.1498791,46.45705066,58.35123232,53.2367212
4,Machinery Operators and Drivers-Full time-Males,474.17396067,474.08906151,467.92814681,479.37748046,474.09327621,477.85448001,474.79405614,477.48715283,484.33173041,483.31960287,490.84401915,487.86527303,481.54263137,473.97190106,471.98567026,463.34659736,465.85877401,459.12412958,445.08534624,435.76356899,434.80523358,434.51313968,440.22443021,422.61324791,434.66043801,430.06649287,425.23997829,443.51724534,448.2286191,451.45373385,460.95424516,453.47755387,463.68149779,467.77371875,482.88600844,483.12742182,464.78166904,464.30580235,503.84416116,512.88137769,499.58222115,483.86869461,478.91112501,488.72755695,484.37116666,479.89217362,488.41872566,518.67238988,498.20041463,491.1453855,487.83080716,492.62575759,482.66474989,499.81517557,488.48181462,474.38236875,480.49678394,490.68512716,496.02178323,488.43518427,489.13867928,492.36531869,487.92820808,497.13877889,504.9812688,495.01832605,481.8613198,481.20908451,495.02262678,500.69329479,496.90898519,509.45711065,504.61881678,503.67935117,506.97618339,503.98866466,504.56969816,513.82360607,540.96154667,563.14681181,561.00722519,562.75504901,577.67368214,598.26211807,565.83808117,572.01944566,572.7846644,588.26767839,576.40406817,560.16192924,552.7157728,537.47909274,555.65291621,565.90696772,563.90701416,557.13443174,565.35716411,573.65252865,595.83109481,639.53359776,597.03203766,592.48367988,594.5885953,628.85478474,630.87759275,599.94421118,591.38540625,604.74783733,590.24548318,586.43199446,586.23459934,586.76913134,586.14750701,603.54927292,558.78451588,567.95251834
4,Machinery Operators and Drivers-Part time-Females,21.63175533,24.65900564,20.60406644,24.49545196,22.57456918,25.97286832,26.16399356,24.14089466,23.76697128,27.38367072,25.00571834,28.01083796,27.24654227,26.51146624,27.10187414,24.59758387,25.22476852,26.82539535,23.20499665,26.07951678,25.55222795,23.86004688,23.63662629,25.97415332,22.29037109,22.44796174,24.3971768,26.79333942,27.01419589,28.31246372,27.36904767,26.41803808,22.0766577,31.36627911,28.82562934,25.96353452,25.3131748,25.7269121,24.16128203,25.64279325,26.41082695,31.37467116,29.35200335,28.48551305,21.50982937,24.14574123,22.86700355,23.83585083,23.19315201,29.54670194,25.13323087,28.66013024,27.85384965,25.42923283,24.24674417,29.91207003,27.1262414,24.56085121,26.05631773,24.73139191,24.96949532,25.22942359,25.88292523,24.34677982,28.8967907,26.29040654,33.53189318,27.80468196,24.948913,28.99799314,26.97266718,28.01841959,26.77107415,28.86339828,26.88532205,29.24136631,28.17275911,30.93391277,17.96152885,20.50630491,26.5819276,21.01276645,22.63118258,22.89379975,22.66884453,24.75448979,25.22391347,22.63450739,23.08933463,15.47105766,19.96829343,21.34492868,27.18372783,21.43800428,19.79171926,21.70542388,23.9530493,23.53819755,26.01110596,24.04105834,25.74726925,21.56316027,17.65684738,22.90189269,24.12003207,23.63960666,25.11892871,18.58499581,20.41667261,21.11977594,20.14582704,26.48183954,23.82597677,24.63607721,15.80894048,20.73609509
4,Machinery Operators and Drivers-Part time-Males,23.7430679,24.19024972,25.29265016,29.98433052,26.4116987,26.40104348,27.05044775,30.32453283,24.21042736,26.37439971,28.8267195,32.74420558,29.37892923,29.33421632,28.87488063,29.69310133,31.23978375,33.98557269,35.22729513,36.9740343,33.94580582,37.42453362,41.64921064,38.25787041,37.83441864,41.0389875,40.27198368,44.84116366,42.04684859,41.56892315,45.68469312,44.15312838,45.95232907,46.95536877,47.50332866,49.48353747,49.67625232,46.81578766,52.14749645,51.43801886,50.74681786,49.68752258,49.98082577,53.21846798,51.40497667,55.31093475,57.19063717,55.96789362,55.05131972,56.97667677,50.68191399,55.2490392,59.33976074,57.65211783,55.69727846,58.68809168,56.37297805,66.40170054,70.18372919,64.28115716,70.48460388,65.10389999,63.94535967,68.32946925,62.40550913,68.18609265,69.63097382,61.98042815,62.76974306,69.07141577,73.3217339,71.10812827,68.10833808,70.96195206,63.1196895,62.22072073,65.55803581,69.80750882,64.76919366,63.81705945,71.18356424,79.78555552,65.6999057,67.07407381,66.88152879,75.75840191,76.11994647,73.28650831,70.36960355,76.9629419,76.66384989,77.18460837,71.92490746,81.41312305,79.95561937,83.26272699,74.44121706,83.84320856,88.35206084,78.73381238,71.32168544,72.83845507,74.53040208,75.29892879,90.73504235,90.50170044,93.16939481,100.4423205,94.98036914,83.95760237,90.28039182,96.54140051,83.37702141,96.49779073,95.72591092,83.71337428
4,Managers-Full time-Females,156.93182475,159.07565743,159.50466279,163.39067907,173.73421465,169.88731271,170.52217067,180.31118496,177.566635,178.34501189,172.62296256,185.43087067,186.18094803,185.37348702,189.65995892,195.64138947,196.41583439,195.84307535,195.01401116,202.13680581,192.80371654,190.17018734,195.39398027,200.84798528,195.42698863,195.12408729,198.66514985,212.11001611,199.89536493,192.56979029,203.75526592,215.38425931,195.10839445,194.91775674,189.03544647,208.89857387,211.98882912,202.56062605,214.50446797,211.7944628,216.66621187,216.22178627,209.37092837,218.71167642,212.60124763,211.28758895,208.76337387,218.82039826,218.59863194,220.20679111,222.65002615,237.62839968,235.07349294,228.92724547,246.93556842,253.7174096,260.77625832,263.63227451,266.77887197,280.57656801,272.51827305,267.39733727,270.55570459,268.22277031,290.51087125,274.0693275,264.6878742,284.86020758,286.60298776,278.38784844,296.26108965,321.73908043,338.7825788,310.03949056,318.35406468,323.0227834,326.4951184,320.94604652,332.6259189,352.97357524,338.36273571,337.78641925,345.74510645,366.87473152,365.57476586,370.28270438,376.98472428,365.18660259,361.28228269,379.8496971,359.67363062,401.78873696,370.60576198,386.1609038,368.74299922,363.15465965,379.53979365,380.66560435,405.59197616,404.19095154,391.89320481,397.1898762,366.2767841,383.72416295,382.00172799,399.47705532,390.58350656,390.90218839,391.35623562,401.08610798,423.77700427,410.36179246,440.19006082,440.75497786,447.94022324,420.3634419
4,Managers-Full time-Males,595.2047538,609.47461942,614.01214814,617.5468973,618.22168828,632.77772262,634.74445233,638.56144725,635.68978564,632.64982298,636.54399921,652.09349453,666.67803851,661.87566133,658.09886724,652.06256697,641.72249286,637.95957501,625.74388863,640.60217522,618.96356511,620.97295072,631.36001665,620.6727071,637.26528878,644.24936885,649.50259887,654.46099054,638.76163886,655.35542294,664.15970198,651.64809075,631.70011997,652.69602965,637.27179705,651.36007938,662.89316129,655.41523644,672.8920986,660.15603491,664.94834426,670.162466,655.67617913,673.53145661,647.56801482,666.99386743,673.64595642,680.13195268,678.80551679,675.7713861,700.59023513,706.68507086,714.39973403,685.08858116,676.834799,692.33768702,684.03127459,718.13148856,711.70222221,760.15148091,749.96252734,739.40767859,704.62709148,711.18271534,703.84590431,731.60874351,732.72408012,743.1681076,738.62058724,735.44797572,761.7743462,764.38733005,787.37870056,777.23530023,786.37166793,774.86352067,815.76687223,781.31649899,804.78305148,811.37647393,824.86145157,829.37474454,840.30378381,839.08713587,824.89418445,838.69708444,864.1651721,819.3162714,845.69008885,862.50554643,873.49057384,876.62120281,897.9673396,913.05067968,891.11020666,887.7241681,850.85151488,877.98328862,879.94939972,881.84518107,884.90678724,893.10695894,866.70231994,866.41137635,861.20551372,892.62138532,883.98573164,903.2867657,903.01599481,895.59295376,923.62168283,916.10526175,925.36031125,882.14838716,896.74225574,908.96638654
4,Managers-Part time-Females,84.88103636,90.69887834,90.33066188,81.58559734,86.00362133,89.23370119,93.49486252,88.27219831,95.34408468,93.57370406,92.24481973,93.02410366,91.2205935,94.03514533,90.22882586,101.4772294,95.28771842,94.56827417,89.9359336,96.96267405,91.25165622,96.96513927,94.26128931,98.05458993,94.8656634,98.82874467,96.76976533,97.28373148,95.72462419,96.05883023,100.06356687,102.87979253,97.38153085,102.54164964,98.84937371,98.79416505,100.14366891,100.8061382,64.32268248,68.90842768,64.62249355,63.55966654,65.78354912,59.93653875,58.10622142,65.8680051,63.59366454,61.30504241,59.55725155,60.76630254,67.44462408,60.95987402,63.12892484,68.83553771,67.98290875,72.23377891,67.6054089,66.2113615,81.70981907,85.67625076,86.51641615,85.73950244,78.56771601,77.31353388,81.06849808,85.9947938,83.84863978,80.99512898,86.42840868,87.23992829,92.08130531,99.7823064,93.01560552,100.48863199,95.94496685,98.56229561,98.07380942,99.79525387,88.12867173,96.63813465,94.80516171,96.11175107,102.92741407,106.89030181,97.92365215,103.0272277,105.44869389,103.66922255,108.74071195,105.42794412,112.90276877,110.71952873,113.44498712,115.09438632,123.60249016,118.061335,108.42906087,115.73243632,106.14433544,112.30221529,116.17315636,123.45422106,123.08301365,110.13748232,111.52727897,121.89158965,107.96511236,121.48979639,123.1232959,125.48712016,128.56968117,119.03013178,121.27180869,121.64925598,125.86358694,133.62365267
4,Managers-Part time-Males,24.34420926,24.53355896,25.70424489,24.36573584,24.58828549,26.59589683,22.05322742,26.10624841,26.58869918,26.131464,27.076037,32.4730653,31.48454973,36.302997,30.22917176,30.61031542,33.14122565,33.30651602,28.43899837,30.71962079,31.65383018,33.93293949,37.56979546,32.09336364,30.72283978,31.00876484,35.12232928,36.39055073,37.52726396,36.79274245,31.98542483,36.19522884,33.47321651,37.55993245,39.25961834,37.95545066,40.01688284,38.70820548,24.42915913,26.47705844,26.98147736,27.36615294,29.96715277,26.3041542,32.4738329,35.31227354,33.19318682,29.35021072,35.56553146,34.13187388,29.77011784,34.92069389,31.0845813,29.49888347,34.55350941,37.78087646,33.79493112,42.05280105,40.41993168,41.87271535,45.34241741,40.55669072,36.17878863,43.24546468,43.74403215,44.0945369,39.08936398,43.27661639,43.82497469,45.20963396,43.05002189,44.23120034,48.79553541,47.23768496,45.63712116,50.00039032,57.94020567,53.47492386,46.90248104,52.08256289,53.9538345,51.79946849,61.56666005,57.33679271,61.53454589,61.76018166,53.54871028,58.96189336,58.96709682,54.579376,55.67068002,55.21322212,58.16571938,67.77302477,64.58777883,57.90761732,62.69234258,62.13636442,57.28834228,63.99021926,55.99501574,74.64557984,73.08251267,57.0260838,67.57479072,69.67477984,63.14025824,65.86963116,65.73002388,68.90465979,69.8275829,68.50173115,65.96082343,66.54921248,63.65671356,79.43735617
4,Professionals-Full time-Females,331.55780429,336.96419709,332.80505867,342.05219604,344.28859344,342.32800832,347.48971805,352.82959234,361.98879358,370.50662489,369.64175015,371.62102864,380.92809381,385.6073413,402.88315615,385.70982292,391.76779651,400.55705548,404.03534014,394.61147394,414.3052543,413.28716127,410.99283586,405.25383754,405.07624856,411.24613469,429.93518075,423.72375321,434.7137948,412.73044427,416.33130375,421.89629438,425.42552632,455.35150355,459.22313213,471.83930347,464.52815108,457.08209898,472.56114337,485.61240274,476.05009464,487.3920036,500.20341914,490.38801966,488.11854997,500.56989387,506.42928794,526.50347853,530.74045731,518.31616849,523.20286041,542.34953573,548.90669209,563.50461501,566.4929558,567.01471114,585.29211511,574.04527641,554.64613871,557.27373236,572.69388623,593.00917919,596.46164653,588.58631348,605.38471993,592.11101124,589.48874468,613.11332109,625.81159866,641.46379881,625.02942614,619.1969208,627.34099609,648.0278997,631.04858501,631.75387493,677.1575565,673.43330623,662.92873717,695.02547346,713.92086759,724.35009065,714.33137677,736.22163298,772.39269171,755.66662655,760.06822049,765.76397816,772.32239082,765.61667702,796.10826164,795.51084188,805.14101329,814.51572119,826.76902358,823.82592523,838.02658044,839.44328457,812.70227091,836.47710499,851.65066919,870.38789106,857.98567359,870.24631589,861.53419889,874.04275847,859.02978582,850.85225155,904.26193727,865.95639148,864.63749287,874.11445144,914.21190695,930.99710839,903.81122775,939.01148964
4,Professionals-Full time-Males,577.71424532,583.71378608,580.33083922,569.05847201,603.46845315,606.32440902,602.09738247,605.96137857,620.60863551,629.48309688,632.61333811,639.13619345,638.84966576,638.30944978,648.01355943,643.54021904,648.86677581,642.51967978,659.25154959,631.4432914,627.40203728,632.3606605,645.22812418,638.5011971,636.76044001,622.17433869,630.69300459,631.07496985,636.09578308,642.48431153,663.42332927,667.11400843,673.57623941,681.27520005,685.65497668,703.70554852,702.59157127,695.5290947,678.41108571,711.80913974,696.00110113,689.49798556,702.7788334,727.47858581,741.010138,726.84325741,730.51013412,759.10593093,777.71916195,764.08629482,740.49385245,758.19369031,768.35143279,782.72682787,785.64163728,787.74356827,812.02045154,802.35919852,808.2326917,795.25247224,812.14329998,814.90472283,807.64337047,826.930078,840.23187179,821.39687824,815.84758626,830.14783565,849.42907759,841.31387227,824.29147289,834.40483827,817.05518169,847.65915117,872.67803177,890.55441966,897.40471282,906.56613685,890.88616628,874.68651991,903.97854955,921.26024707,911.58636386,929.29135368,949.34858053,944.39592282,961.89995028,975.56508978,977.38501631,940.10493873,962.01278537,1007.60346233,1023.75865922,970.6199781,980.51208974,976.28685426,1057.66318204,1053.37952279,1026.67157718,988.24930555,1053.97457956,1067.3697478,1060.50851659,1079.42085161,1058.81669422,1049.2217454,1054.39680338,1042.42374165,1056.89494261,1060.12470477,1062.18492554,1068.55820737,1071.72736938,1065.96218334,1088.51604616,1088.75616123
4,Professionals-Part time-Females,126.51681571,145.54111085,154.23259838,146.10155425,125.12349303,146.61135101,156.10346779,149.3121405,136.90052423,168.73863292,158.87612294,161.33588412,156.83193549,176.33899857,173.39343249,178.16705031,165.97679877,188.95364513,188.2522109,187.48730641,170.56707349,191.24665555,200.98646987,203.07285953,176.95514747,184.03840875,195.17996889,194.19302768,169.10783453,201.39783674,200.07393963,195.33622156,183.03375494,206.06565214,206.26617735,214.52758504,203.17136931,218.88394993,217.44055296,221.0914286,210.61471003,227.01730086,233.35584499,236.36282623,217.05345789,243.45957008,239.2521285,230.16801784,220.53993569,231.57215068,240.89264182,251.84817914,230.25703489,250.01143429,257.57437339,250.43912406,241.14536802,277.40627488,283.46719441,284.92623446,266.73182988,284.75386672,307.12473852,293.32464223,291.56133871,302.97578306,316.79047205,310.54707541,302.67389676,333.46675698,333.67879431,329.70074899,325.90476085,344.32012278,368.38378648,350.68663939,344.19080461,375.29013977,364.42436664,357.38824408,328.7416053,361.2291088,383.83761905,367.54199333,370.73877468,384.85230663,404.4934352,392.27699326,363.26594313,385.59427682,400.27688921,395.76457246,418.90787181,426.20803997,444.25980092,428.88391667,424.057403,439.5164876,441.00904033,437.199193,429.36416206,471.46868638,452.88242607,447.32133118,453.43769641,492.92997296,463.98101326,481.89847617,468.21877611,497.89579019,523.6127423,513.50369234,504.90864568,554.89975438,553.2303464,547.97670744
4,Professionals-Part time-Males,36.42816547,37.7784925,42.6860166,40.52953166,36.13771912,39.29717888,41.08340606,41.62336622,35.75453689,42.97995668,46.63281076,46.5927757,42.84546668,47.28962907,49.59093201,41.36918586,42.03139333,46.80423035,49.8601502,50.07184891,47.06945324,60.99329543,59.05903247,49.48070781,41.53131563,49.23134828,51.01864703,49.15891154,51.95544354,55.4443072,57.01473152,56.33304319,54.03783678,60.78058381,63.0289756,61.79061365,55.2308003,71.33080016,61.37285817,56.91278064,52.8632052,68.31801925,67.037773,67.78174946,64.95110898,77.03849131,72.13983506,73.2442592,69.3828151,74.81331934,77.40673192,71.2278731,74.04702081,88.22268258,87.18664924,86.55247303,72.64370067,92.62847376,102.08639797,92.21249783,86.27481723,97.97434513,109.62588014,96.36026,90.11850545,98.78504392,103.48822756,106.00238244,95.02774281,105.45557869,97.82015447,103.16381131,94.91925585,119.92892451,112.9442653,106.21886199,108.78418073,118.85412229,116.41006752,118.35111571,99.76668396,112.69946727,119.81393359,131.05852014,128.81704536,131.40963426,122.49830407,112.58965968,123.33171287,136.06678621,135.12304541,128.28855038,133.68770249,149.53063997,146.46529897,136.89498623,116.8204914,138.62398285,130.78922206,140.23541851,136.67279115,155.90163753,144.33054339,134.05728878,129.99148666,150.50558397,154.88201837,143.62415063,135.6525819,151.74660998,162.14356002,164.76675055,164.83729024,165.56641154,166.10649798,175.27131953
4,Sales Workers-Full time-Females,302.52384038,279.75263307,271.9577462,302.05739254,293.09717189,287.33081849,285.11083678,293.29176439,297.47343265,299.12208077,317.86827561,320.99327332,308.23627282,320.0316457,311.29084938,324.27846451,306.61316265,289.52279544,292.71309365,295.27359603,303.52880236,294.58507808,282.83954848,288.99146615,291.39512054,276.5756519,260.11076486,274.08698207,281.75176053,289.73754066,286.78928077,301.21780822,312.60596312,305.32965189,291.91097725,305.18040257,318.00510148,315.89141268,297.38462048,290.05969808,288.25627565,284.67122876,269.25207489,289.27463039,293.30135398,292.22921565,288.62024788,283.93425391,292.50064598,283.52643972,283.11652923,272.1416075,274.85832721,267.88481675,281.51028275,281.92954598,273.63536437,278.65718149,272.30251455,282.5944769,262.42748943,279.21936188,273.19335421,296.75780164,292.76338411,293.29016061,271.91467564,288.25743054,280.83878288,270.01302525,274.90067,305.67733317,307.75278173,294.39601851,298.25703036,327.44811286,310.33533083,305.21553731,316.16826734,306.89841778,307.48847896,311.90686674,298.65962424,321.39439461,320.28330321,307.82010139,304.23821899,320.7496307,323.71598688,329.24677583,305.99942643,326.67104837,302.78792634,317.55792738,329.36143035,337.39269018,327.68954746,313.00995493,316.58775707,314.98340434,310.70369767,300.482002,296.69352781,329.44054179,318.1891668,326.7110308,315.00767874,323.31822914,329.2444866,309.73064226,325.21585783,311.56376831,314.66378916,326.93774106,313.65883871,339.88417686
4,Sales Workers-Full time-Males,390.88062917,391.94141077,388.81666325,384.02351366,398.03991404,391.23884442,375.31641881,366.54718777,386.61106878,385.98069912,393.13600805,396.28314744,406.10844201,404.57488955,392.82539483,404.40623869,393.19114904,378.85017855,387.62429853,383.52513184,387.13198671,371.72395295,355.0822699,383.83063603,373.44775309,372.79890216,372.92832934,373.89012705,379.60541899,383.97106462,379.83275042,382.95524694,414.69514877,401.56456599,391.14152941,391.30595796,401.41285549,411.29137806,385.26743514,370.47374517,372.59774338,361.62891308,370.81747735,380.24930901,383.5897384,381.7609025,369.8689928,379.91622786,391.8492788,385.97553552,389.93900551,389.75476365,391.83195287,377.4561167,386.36537774,410.07804402,395.21058248,379.89750438,351.78447817,363.45014842,365.61017473,378.11571607,388.86217546,394.09854943,404.0378933,387.27340209,390.89706764,382.69719892,392.98669304,387.12657468,377.16370793,385.24038756,399.48664859,407.88690779,410.2897283,410.90811558,411.53571343,400.65160004,392.46247218,390.35284166,405.89288499,397.05943438,397.06625328,394.14559878,403.50527948,414.96032614,417.39648073,413.28577424,384.54747301,384.79452397,402.99709212,396.73677904,373.35355824,399.21335718,405.68382823,430.63544328,419.13293362,385.71650614,406.75907957,411.28583479,394.08962436,394.38424996,400.80905319,385.46696137,413.85413159,390.79577292,402.54032293,390.20566486,392.14731277,387.74589327,381.42724398,399.28656474,399.39677498,415.15391592,404.52625742,404.85486599
4,Sales Workers-Part time-Females,233.55988784,247.78195678,244.86629848,263.96799612,246.75277368,252.10575873,262.62314439,270.96553962,266.59652157,286.08547256,291.55270397,302.29583044,290.41979425,291.83530046,294.42591006,306.97981583,296.70661166,298.69361841,304.68748781,300.6654989,297.3838033,309.96674883,309.1544736,308.73346324,300.58381036,316.11851051,309.45869905,306.03525814,303.192244,334.82576318,321.69948517,333.62580833,321.1948806,340.9787752,337.10682407,351.93786249,351.71909283,360.29663264,375.30651922,359.72471026,367.8555338,375.45287289,368.65709043,405.74870292,392.67875958,399.73898552,395.67944973,407.7772708,404.49440729,410.65923815,401.40035117,404.69741602,401.678685,409.07013974,420.08193227,412.17006559,419.34525298,420.07372156,414.49138583,425.44472241,431.96562779,434.17483949,436.99004979,455.52033623,439.59010718,464.08456795,456.43996338,448.6812982,450.69347036,458.37183884,440.77958091,452.22615233,458.51980372,474.17392812,472.89521371,476.17985186,460.54616689,466.07627086,469.92534189,460.31081808,449.66946927,458.95264866,459.40586974,472.40611583,451.13535612,470.85201279,477.71551449,494.75690933,494.10136563,491.02428462,488.2489612,474.60260467,498.83258547,488.77966905,496.86901891,515.93966649,515.42295419,509.93677868,500.25262519,484.27229759,490.17684058,496.92479652,502.63774941,507.93927034,485.5698041,493.17922269,500.30545156,524.48588703,488.7355108,512.85136099,521.47682414,516.37963728,492.05943686,493.56711757,514.32831317,534.75373994
4,Sales Workers-Part time-Males,44.83434719,49.30228917,55.10760853,50.718003,46.3307065,42.59600852,47.34375723,57.57048112,52.01146352,52.74603911,58.60296532,61.45471329,63.9755064,68.58826429,61.06675913,59.93835118,58.23735936,65.30425513,68.88078805,72.64926688,71.2824509,78.27786472,77.02933347,72.24103745,70.50576875,78.20112052,68.31182771,77.61953959,74.42055398,81.82895456,83.46144233,84.46857788,75.73734096,90.09444313,90.59349126,90.4023187,81.96033605,91.98255233,105.31917062,109.15867461,105.53378833,115.53948653,108.13234468,112.29560901,115.48491289,114.7381047,112.22435221,116.18052679,106.53144098,114.59472493,105.91027511,118.81469048,111.40289187,125.28958687,118.00694696,117.07599399,132.25385366,133.99473858,142.29159306,140.3228038,127.72347492,137.37084683,145.06881294,148.81967283,152.9875017,145.3832658,147.23809628,149.53811701,145.34212027,145.73311339,144.95367134,144.77814304,149.09077098,155.71896844,151.57002513,153.91883812,142.85524502,158.01831275,152.41314385,156.3819293,143.71753244,144.24094624,151.98291559,145.92308518,154.71795379,164.78070628,143.26135447,145.90791245,154.04627809,164.6706598,161.87877124,168.33160694,166.51873719,155.62912406,167.72796528,179.85453326,170.19895553,180.74321111,176.00379566,162.71898357,167.25567828,169.29627962,174.73146674,174.80765811,172.03130564,190.14478115,187.70441376,175.24293116,197.0439509,181.8121552,189.75562811,189.61003699,193.06461875,209.04179224,181.45913352,202.12405613
4,Technicians and Trades Workers-Full time-Females,100.27715503,101.82958392,98.93810296,93.65176437,98.88599391,94.98500815,97.92885207,98.92570178,103.30416179,111.96852151,111.58338813,112.35530012,110.37152194,118.60290438,117.17602109,108.778884,103.86949429,106.47391773,104.62588333,101.79348069,101.81943109,100.44982461,99.98733223,102.68026139,100.34519769,106.21388305,103.3370488,101.41707476,107.73818175,108.10169406,110.53925413,108.87113115,111.75383683,112.77683299,111.11226537,106.81719987,114.26152594,111.36446142,110.62272464,107.39475581,114.55088638,117.97945279,112.51485372,106.14256696,119.98250694,107.68945776,111.2313207,102.94675127,108.4316582,114.01063121,104.07439771,120.95110978,116.78686505,112.32242906,104.43729743,109.87833171,106.5564206,111.33684414,109.153687,113.45859212,117.54966336,111.94043297,111.27451604,114.24855024,126.06400935,110.20719445,113.17782487,119.82467213,113.7018703,112.83641797,107.87240578,109.42824306,133.71900591,133.05528124,126.66764975,124.34822921,124.43755432,128.05616525,128.82868037,141.17961278,135.7791145,138.1361811,136.9409345,141.15324529,146.38965791,134.20756706,130.34116023,140.76967117,145.34747498,140.56285039,117.22348035,112.18966865,127.47094617,125.2895003,124.65825432,127.59899562,134.10651055,115.73244316,120.30286932,130.5337405,133.45875722,132.9665244,135.58497448,128.59963693,139.33348872,142.35703085,130.39032071,132.69177485,129.16438606,131.15595507,138.11036291,133.96652026,140.84626406,141.3984566,140.76757599,154.35675423
4,Technicians and Trades Workers-Full time-Males,1082.29410705,1075.6175685,1087.03371356,1075.17512381,1097.71641677,1115.35900697,1136.18471872,1145.79471526,1178.56841445,1184.61734686,1172.79455869,1176.63975853,1160.19435739,1151.94345243,1144.63422592,1130.86271272,1106.97037754,1079.25097712,1070.82988811,1074.238782,1078.6318329,1072.12126218,1054.678929,1027.6782425,1052.54863633,1060.60757783,1053.94092042,1078.59219738,1064.41077946,1049.44945927,1058.91460532,1088.20318265,1103.34503606,1102.0196911,1093.3018982,1091.77263769,1112.79533611,1112.25565092,1099.11893602,1095.40275373,1116.71676195,1111.30897085,1083.26493763,1091.22294821,1123.67423072,1108.07918018,1089.94885806,1086.2527741,1079.23384307,1105.52398596,1114.56913447,1133.43580205,1127.32774441,1137.59258261,1131.73597507,1116.47809832,1095.43632738,1084.60700523,1088.36938308,1096.34987606,1107.26398382,1104.95492459,1085.49257714,1102.28703315,1121.25572459,1131.8399583,1141.3509571,1151.12919286,1172.44622135,1156.37724785,1133.33014793,1180.69937402,1204.40500732,1179.61025787,1187.66202385,1208.12414006,1191.60497291,1214.48622565,1217.33752844,1240.99409115,1229.38178598,1242.54758677,1248.04546118,1266.03778705,1303.16664182,1276.32766022,1308.50602718,1311.63759331,1312.54749284,1262.55162047,1205.38139342,1231.3789374,1254.41776749,1258.89386055,1275.61269671,1302.56853334,1322.67884622,1302.9486124,1248.74882247,1273.29891676,1298.28749908,1295.18534724,1297.47247764,1303.14157555,1301.02277785,1290.71827697,1280.86142092,1306.672771,1312.74104074,1299.42216846,1292.08165416,1327.47512993,1336.36512914,1328.51796697,1312.41193022,1346.66753052
4,Technicians and Trades Workers-Part time-Females,35.9559765,35.24684318,34.61878921,43.50145317,39.87252064,42.72819807,35.4739207,36.17351666,38.89023457,42.354148,42.26260746,42.96606054,38.57931509,44.4589106,41.05725154,43.73127475,42.10441935,46.61670227,47.34149766,45.59385376,42.33890489,42.21469042,48.58759344,47.23206692,42.22404158,46.12166358,47.09591611,47.05547281,48.50805262,41.56629871,49.86421829,55.26799657,52.71403178,50.93487972,53.22163324,52.19400187,48.7103707,48.3511163,49.78322273,52.57702813,52.06461429,55.97460378,53.16591951,58.2257282,51.98444611,54.66861311,50.14074688,53.44000901,54.55501917,55.94141256,59.85742315,63.78739718,56.41572467,59.15163002,61.53712749,59.33649305,61.28483753,67.26890578,63.89938126,65.05488417,56.93512575,58.70556877,60.36364907,65.44303703,73.05158236,71.420022,65.32580991,68.72457632,71.69776246,73.5816407,69.05014596,73.60360883,71.68197625,79.40821934,74.6172698,79.45431115,78.08896026,76.69356392,83.70973558,79.96637582,86.86908556,87.59893146,83.78388025,88.15880446,83.44717829,81.3392273,87.78524996,81.20976064,88.65278615,89.66614631,96.92264961,94.54281789,88.13581504,97.0545848,85.55580256,84.25088657,93.81721697,94.39569122,85.05353432,102.76109033,106.19973692,101.54954665,99.82474097,103.39323343,96.90509211,95.48338588,105.82075548,102.04529398,107.79033453,96.55158413,100.02898676,99.92040911,105.28829741,111.90446013,107.88099348,103.75229606
4,Technicians and Trades Workers-Part time-Males,33.81378416,40.04856981,40.20660898,41.30177901,36.02249724,37.20785263,40.97628286,38.39419525,35.08024244,43.07943102,39.80452861,45.509478,40.81360047,46.13888661,46.81327629,44.40179045,47.27893789,53.2635688,49.68857399,56.44447618,57.13435502,57.78861592,61.04169202,59.28691599,50.32320947,52.90410933,58.52137434,49.94995132,51.08059594,59.82879607,55.32174068,54.50103013,50.90075534,59.04943607,58.51455217,58.21163321,57.05995097,54.59280672,59.47448755,56.71541927,57.79291302,54.72854988,54.3354304,60.24928408,55.97105047,64.79180835,55.4790213,62.83634006,59.16352269,61.42652685,67.4119602,68.4976204,64.66930111,69.58896167,71.51012968,67.28685992,64.65660561,80.49271247,79.71332828,78.77194901,78.63470905,83.12367884,85.71769704,81.43363868,81.52786834,90.18641778,84.54916886,78.26851569,84.63354987,93.43921152,95.85427539,93.64350944,82.31210016,101.29234651,96.9381386,91.31370199,107.27002243,113.38918716,105.31938875,101.43958953,106.73977522,121.49700888,116.60287971,113.82988103,114.95383864,118.35008304,114.20144873,110.99344125,119.57564407,134.23465077,127.22686774,122.41493262,127.66853788,128.86512066,136.87047841,126.16796886,124.68587615,123.01721574,121.30432618,149.95497903,132.86628205,143.09820427,121.49341983,127.3069134,128.88409478,133.93029842,134.00403698,129.6689635,131.76907656,139.35521584,155.74297153,139.38193793,125.08591532,134.17342469,143.15499501,133.38909498
