"Level","Description","1","2","3","4","5","6","7","8","9","10","11","12","13","14","15","16","17","18","19","20","21","22","23","24","25","26","27","28","29","30","31","32","33","34","35","36","37","38","39","40","41","42","43","44","45","46","47","48","49","50","51","52","53","54","55","56","57","58","59","60","61","62","63","64","65","66","67","68","69","70","71","72","73","74","75","76","77","78","79","80"
1,"Aggregated",7015.27532553518,7074.19730170024,7137.38081668351,7145.88932448755,7230.95853404325,7313.77829276239,7367.15607488068,7425.42852257454,7565.14257762317,7647.45293123497,7733.63277363326,7820.33237318651,7916.99989180286,7910.74578657502,7921.18686207818,7920.9488591486,7824.96156329773,7801.93893802337,7670.93811547341,7671.75056600134,7564.12785623782,7629.40214659065,7589.74257462237,7629.69953029552,7573.37672223323,7561.7909157357,7612.65822270349,7591.72888261055,7730.68755015757,7802.60202128661,7855.59911572934,7945.96590084997,8005.69105982482,8137.88852205172,8176.98408870708,8276.31585117421,8336.71288766453,8338.10136595805,8313.74962090018,8370.34193925531,8313.07121782967,8351.60503990943,8331.17664018134,8313.00021072109,8457.17798493736,8456.00469231334,8454.83675012149,8579.45701467392,8542.60565701892,8611.86867822969,8594.84762869775,8704.11812028805,8771.45101965047,8806.14511300101,8874.31556582478,9020.52543304873,8924.34738396577,8997.71776705611,9041.68218032235,9016.8802144533,9073.4528206882,9167.3189572469,9143.23663552406,9205.59054161632,9321.11755523944,9423.26753482422,9397.14471453219,9422.00364503837,9490.44401043835,9461.22028641793,9526.83614478455,9549.81874006383,9687.16863557994,9808.26489796854,9823.1161638944,9994.1063113206,10005.0549271614,10044.6460006658,10094.0267000115,10190.9862443164
2,"Clerical and Administrative Workers",929.481348248991,934.686780761543,939.769372488907,935.631401000605,933.058376421527,974.020903283573,996.194749215615,982.543571866144,1006.53497114191,1024.72261552625,1036.98164153801,1029.98815374154,1046.14705692334,1054.41110008914,1055.97177208637,1033.4281775152,1029.31205939917,1048.81191020629,1044.42000975386,1034.12836255907,1005.29781063967,1005.67637803108,1009.02885393887,1017.13932221676,993.31511048054,1014.23902066097,1030.26469118639,1025.36243479003,1041.70470360103,1057.01005099094,1069.92945784877,1068.88841802267,1070.485180765,1085.0431462113,1082.71854732126,1103.1332521967,1093.98059016579,1109.26529625603,1109.7850896602,1106.33390323377,1110.15148430855,1112.6467475926,1107.24916561125,1096.95255856368,1116.02170726725,1132.73075738812,1119.67428090636,1121.37334941003,1104.57100101827,1108.70944928876,1127.40809388048,1136.94180022452,1157.22610360846,1171.847441336,1201.27378496995,1214.35818387558,1214.35379758895,1228.66467058288,1212.4808250524,1210.55563109157,1199.32156411235,1216.66283302972,1193.94488017844,1189.2044253263,1215.05711979403,1232.05828710165,1235.75592858417,1233.1047455397,1226.99643734822,1203.56647713654,1215.62658933274,1200.60544347463,1217.26375304713,1234.59958538623,1245.71894170997,1255.50888922847,1240.78330476926,1256.01586350701,1266.82357633374,1270.07895167301
2,"Community and Personal Service Workers",375.770989526952,383.782876602378,394.210789798956,402.535302193234,408.70859199036,414.017631620248,425.063173395078,437.740264958213,445.123670080907,451.268688397086,458.342998638546,459.937367858746,463.950091183443,471.390092055686,485.859634108126,495.694934631064,496.743905715298,492.53615286947,496.653009185365,496.928015803699,496.713806287455,505.052583719114,511.487485110735,515.200557696993,521.252572951002,515.600263128481,513.353570613669,507.324522144773,510.125753085047,517.114755242702,527.961726805507,540.021963526497,548.861972332142,559.182087731745,569.093254032395,586.891584609128,594.872533697304,589.281912658021,593.929713851642,606.793689578507,616.883036311411,635.754322080112,653.9988801859,652.669886692725,665.295911654496,667.379792622563,667.42220050628,679.166344250631,680.725151863619,690.629564932115,699.338913668074,696.69753423156,698.317692385483,698.686871389353,705.149459927754,716.082087229193,719.957205536678,731.201955010418,738.956948632557,746.734295477283,754.195285565198,758.887730996829,765.233108339006,769.032481151696,781.501307069467,789.718262174794,795.028389259473,800.503131527755,801.434579014607,807.568700608312,815.747331785616,821.566388348106,828.408278072956,830.830182913819,835.748964757724,850.293541871403,861.834948903814,853.062279996439,869.21265192553,871.780766856888
2,"Labourers",971.142658238922,972.912637714522,973.697511974875,968.060276671553,987.848093616209,1003.15083168936,1000.18949530953,1008.61719608364,1039.17300129312,1053.99431254636,1058.03571959864,1086.21413393915,1085.85402771087,1080.87170908457,1072.07471347755,1083.12791077683,1069.4455219943,1063.12090950351,1022.23240174956,1010.95370662451,983.183177237123,1011.04722435325,981.305496845708,996.573738836902,993.746659682611,985.20476391889,961.582399430189,1002.01346647555,993.742997633206,1014.87332838061,1008.35993899718,1025.82418678206,1031.3371259083,1078.5164621933,1050.59012410708,1076.07029436092,1102.42713372772,1080.04905826659,1054.54488792009,1073.55342220237,1049.78073842726,1037.63965457959,1012.47505269556,1057.93743466073,1048.94120647111,1030.23895540473,1022.0470454569,1066.64261970904,1054.69233749359,1056.43900692585,1037.50688510574,1067.07630048257,1058.94806916513,1072.67279083764,1059.06979420841,1082.0338535415,1063.50504983321,1058.93354179259,1049.9692615032,1041.92333831334,1030.60782280569,1050.96170959818,1053.18664842922,1088.0610759172,1091.59799969946,1083.42491827951,1080.61894325943,1083.28613321778,1095.96927021256,1082.2262296153,1083.11660140713,1108.91743362776,1103.22353886607,1114.94649244214,1111.29119290647,1096.02667801993,1100.94300945859,1099.03085256618,1094.01257269168,1143.88684476261
2,"Machinery Operators and Drivers",585.285083269005,585.870953929985,589.29751787,585.19325952,609.63057099,596.00794233,607.27836852,603.11412262,607.82209443,609.10600033,611.49073881,624.46340502,624.26752124,609.69721109,601.55423322,597.39025505,587.36431081,586.69631945,583.06430373,571.87851306,567.95107242,557.36906117,552.34835248,562.02693446,544.28759857,554.35290846,557.21727643,548.74453303,579.7228109,579.62598887,577.48059183,588.63791868,585.50159499,590.83117356,599.24927992,612.54850326,612.80646866,590.36761985,587.51780531,631.06133254,640.1007725,627.77675053,614.149661,607.44954891,624.12436548,610.3677862,608.71806214,619.8059939,649.84124709,626.70899573,623.87635733,609.68439187,621.00462832,616.64031784,633.99036028,613.36465366,607.62510149,605.43377058,622.01010421,627.64675806,616.33931896,626.16607828,622.34246999,619.99822277,632.59661605,635.31066951,632.65696563,626.57417633,613.23985523,625.90767782,644.45433326,637.18897432,648.49109732,635.80573796,647.58541919,635.54155981,637.07460477,638.47986348,653.37719985,661.01149599
2,"Managers",860.506022197379,867.38493020335,885.52840567938,894.148195440052,894.187135956127,906.104449196047,921.086003066206,926.439098749147,937.178689268849,941.225178509269,938.780675239259,936.5128395506,962.23085755366,977.929584795702,983.228685269458,977.372267804492,984.771380471793,976.487408386114,970.784521575067,952.274295128954,971.633621925908,949.08602522808,949.288177951562,961.917436284583,959.683111029826,964.176103598136,973.564279131727,984.06325013612,1001.928330691,984.659354621383,987.266242315178,1002.48165984133,1010.79824254127,975.950980964734,990.456644977254,976.213534094517,997.586353715079,1016.42036537117,1007.58426627698,989.238169729283,978.141983728612,979.957324936657,983.503612146809,971.796313218157,982.441252102152,963.900420827937,981.293469490314,985.257979551249,994.125064080711,998.469158487125,998.254585613872,1020.69636101253,1041.08282929518,1048.62237510911,1026.59852266949,1031.9360693904,1055.84800215557,1054.07653512609,1086.97528045707,1102.90388678179,1158.17648370254,1160.81813852017,1145.30011274086,1108.75260635134,1107.6290507476,1121.96427252703,1138.02030395442,1130.142233806,1152.55162086686,1160.33560192451,1155.21047111926,1189.63384995675,1225.9962133421,1263.47654900343,1247.38171060475,1252.12446673425,1253.3679319697,1293.07781482045,1270.08593275091,1277.43558322453
2,"Professionals",1071.15734350836,1087.47215978516,1111.80667084321,1117.96995259488,1115.25236818483,1133.35722772758,1146.77644176617,1151.07006054744,1162.80664225647,1178.92792794418,1215.06549193123,1210.17249758044,1225.43137401466,1248.36939423649,1254.93477412138,1275.89650119087,1261.4084844399,1281.27946644815,1295.85614087607,1301.53186613318,1280.93321072722,1296.86124701424,1319.61579211722,1312.32006269037,1307.67403587429,1304.30321214271,1302.2255815234,1308.02962073972,1301.38161131108,1318.6789100078,1339.42324974148,1335.16880682025,1338.52187930934,1355.93240797761,1412.01447717383,1405.98458092413,1433.83572067309,1448.95418817989,1457.88538384767,1447.46870178603,1465.59325679947,1466.16504607067,1482.67786755902,1518.76764979193,1506.46509538459,1533.88471259994,1557.28891338339,1566.39731598691,1574.10483262893,1614.88171837419,1601.21114508666,1611.67535795525,1622.88819719975,1637.4626515469,1678.2440609956,1711.29738038303,1691.12298400823,1732.11239767429,1747.911213898,1760.6485752033,1743.08180437293,1770.05598945814,1795.28176307817,1818.93941116277,1812.35722013458,1854.40229903532,1837.66492815347,1835.35136781001,1869.77494046126,1888.54331317725,1924.21729045088,1898.77032588887,1905.94455636377,1905.3813936176,1952.15335205924,1982.41492284411,1976.83854965218,2051.29983810928,2065.75205708388,2040.83246146878
2,"Sales Workers",970.83130576964,975.998028418696,974.888074476842,968.012897450724,996.955400148032,993.448327641005,981.208932362688,976.47094504359,989.643583830145,1004.8055566289,1024.45118386694,1057.9922694429,1081.86077223765,1076.98590844501,1086.68845587283,1070.8824921187,1092.71911748945,1069.57954703594,1042.9427850039,1054.35501483788,1057.94014610809,1063.07770904825,1061.06752462019,1036.53798244822,1052.36580398664,1045.46399416848,1047.31848456562,1023.80364684339,1032.24550611425,1042.69193886766,1083.92972513384,1081.47960079639,1100.6537247836,1124.58331024316,1140.21499335991,1122.43981909086,1137.7685507773,1155.2212141433,1178.79797095212,1172.42203414898,1142.63592155559,1138.54426321291,1142.00313618272,1126.98281485976,1176.68197541513,1191.04769314435,1193.09409971584,1176.89507085658,1188.28519243833,1199.04484814504,1200.3123447084,1189.09679496921,1189.65965296652,1186.48472569921,1185.13059523447,1205.32375053407,1223.14274870664,1226.04497287842,1219.83976395715,1193.60319114327,1210.09292722733,1198.6924184269,1224.80752633756,1246.01628109607,1288.83454060877,1296.13344504761,1295.29450370544,1277.33010053505,1273.96880005593,1275.11621821287,1268.64434176098,1248.61610422871,1281.78093697457,1314.05612631276,1333.59542296219,1338.23276668094,1365.69818970846,1340.64033886976,1334.29428128414,1336.15049977159
2,"Technicians and Trades Workers",1251.09279471606,1256.36017022525,1256.95391634656,1264.62628015056,1258.11330989314,1275.78335193232,1295.27038493504,1312.16411390139,1326.68649628492,1362.99985743655,1389.7332561279,1371.58454965415,1388.80810963783,1358.98494236203,1360.87214079433,1355.33272457161,1324.84410502713,1305.91077726651,1286.24869539047,1270.80370903721,1275.13120976044,1279.86548509485,1272.84913336968,1268.73580334813,1240.48686639293,1247.00066124122,1267.19997904788,1259.98557981077,1282.11836157238,1279.47868672049,1261.48532186731,1280.98080441511,1308.86459687498,1319.0614392976,1331.47239550958,1326.51877635202,1314.8355658894,1337.3748806949,1327.83846714996,1320.60243152027,1320.59392851422,1342.92682973873,1341.50337545669,1304.93886787167,1325.50335341678,1354.55627190125,1330.24990800251,1312.79349974153,1316.63895934432,1300.93190267407,1333.76770885374,1348.81453337886,1388.95714968847,1376.30633236983,1383.8587651202,1381.49431972753,1351.39426315453,1334.12741844567,1344.80071368209,1340.71535882751,1351.25398528446,1367.09234327457,1361.34881648869,1348.82865989604,1368.11161929289,1404.72623942994,1403.31436620878,1412.1799520496,1429.71473846767,1446.06661908035,1439.59808254745,1412.31962864975,1466.0347652862,1493.92381089635,1489.85300590554,1500.49923702416,1514.17444664236,1504.87594815963,1534.15556762423,1542.25696667976
3,"Clerical and Administrative Workers-Full time",680.637526485813,681.786080451988,686.114911672129,682.188051449735,676.77962150837,715.828812686005,712.023694693163,699.213496728208,736.010643797131,738.721623312129,738.985232895727,738.432714121276,747.342375563693,754.671535694975,737.998980729702,732.566311841405,739.84113742118,742.3158485259,729.513280471704,727.504378917631,703.054840718003,707.891763676955,701.788599215331,684.770531980594,695.547648783377,714.271172674373,709.191851607437,706.039083654947,720.255064795231,724.352233024188,738.401354563909,734.987076293749,728.485106936827,735.589363499219,722.625980237625,747.599532802637,733.221891523258,743.69994016354,752.883597252047,733.24037154429,744.972540069781,739.474685050813,718.650390704399,720.871531809771,745.848683277911,737.75566453486,717.941392942138,734.225277158654,716.478006396491,724.44273983334,733.622109954169,731.390727024567,750.508285199503,758.379998654238,779.399648724203,788.841119013912,798.542311990897,811.051307902943,773.225851745015,759.193353541832,756.901554571015,754.379534760182,722.024231697533,743.691065072153,759.365188080163,754.87706799204,762.443953415454,773.019189426008,769.506634104203,759.790237692147,767.259231304777,753.981206815407,766.756952624795,790.114864553243,774.875721093778,777.594356230972,768.120521012442,772.412600155653,770.422812507172,790.871328782319
3,"Clerical and Administrative Workers-Part time",248.842353965751,251.547459220446,251.694131387031,251.743067541635,257.164606078713,260.224648346825,273.098199769044,269.395093144162,279.53621142268,278.160927013745,284.805995857924,288.72667367373,293.272985488878,294.252270621409,304.130897703945,297.012302379527,294.669240299743,302.259254665021,305.216616542979,305.110494294668,305.604463392744,301.81703730542,309.917720816308,318.979237960097,303.603185484238,308.25045013812,317.948424594617,317.629329247035,327.390030861294,327.719994738562,326.404344926792,331.04075156605,337.977727418873,348.606352770861,349.953560032999,349.256812990411,354.235503450204,356.75366504593,361.916349801733,362.66353271908,367.857114369023,368.899445864142,378.124352822577,375.469964472707,372.853991388107,385.254645814596,391.08469029568,393.691532993309,388.72850719623,383.953709613925,396.887553980418,394.761803568858,407.199529213143,407.813506023404,415.509160440108,418.184775901717,410.48243765113,419.163104943853,428.40001390538,442.616219956903,438.045511676404,445.037577609417,454.884370185354,443.807958619378,461.66226601619,460.254868216421,473.015257641179,460.552792787659,462.563271190159,448.956163138862,458.9675751639,448.397534414105,453.798255350582,448.761612817985,461.938362804212,472.801443852432,472.513265243964,477.489307908913,487.517168595797,470.163431139782
3,"Community and Personal Service Workers-Full time",233.106998582918,234.695264167879,231.878912279612,240.726503418069,240.846929214988,247.722059765912,253.583628322474,266.878825068777,266.800973804637,266.426701997008,269.929333620229,267.29766948992,277.897033678099,280.717228361233,285.69400235571,288.433280916969,282.632733197749,277.866443742485,284.846279022662,283.691294627493,279.2196002172,290.698007782088,289.53472933442,282.218212819392,291.742484113204,283.550674489205,287.975352157948,279.599155339725,286.703790069284,295.067310258742,295.696790056328,293.150821941628,308.238284653042,305.869401839779,312.8898901878,320.207977827654,320.360072181802,316.799884956162,321.584551903592,334.430939749987,331.645224269723,340.086917123221,345.568391164739,341.434163851869,359.124918389488,353.6181334161,356.291240037347,356.15852083735,362.479807658963,361.998097845952,356.542092104416,358.517999896055,367.582349534514,362.74422663905,355.817408982009,366.418533170366,366.818146366281,376.250273642751,371.551014898026,381.777356036211,384.39720037994,377.438457749734,385.094808600322,385.765246417065,393.249414395487,395.952681153508,390.254035989721,396.240617455536,403.452545556787,404.232166798617,396.55967712358,410.456965893728,418.915987937556,416.541526110966,415.105231461463,428.279327547492,436.122634494965,426.78462603479,436.708715100741,425.741272796671
3,"Community and Personal Service Workers-Part time",142.664004349377,164.713077845314,162.057576900155,165.396346089807,155.694660207886,175.126460122145,170.718318544685,175.385072564197,168.183263590498,192.384559336336,184.027440104668,191.785376634646,178.304180764137,202.804874653815,202.1599734076,205.756316183581,201.871757317501,217.132191295034,215.328263213305,211.962368694403,215.197444778557,225.100492493312,226.107033142911,235.341113346226,224.966207633749,233.857415303734,227.474908517933,231.661173990729,233.348319444059,235.670684700954,246.090769498321,250.007087168455,239.769390033115,262.933992531691,257.312830212919,276.287082045584,257.327788989805,270.943533996254,274.750673525701,283.425639619966,281.634939689044,304.45384188405,301.825754064378,298.49670253901,301.400623187638,307.796849261093,313.213012127032,325.542399667532,306.92726798607,341.538294159689,335.221167324734,334.481752979826,318.825381193834,343.909358945908,358.284951078357,354.37274995145,341.81919289174,361.331989612076,363.673967750436,369.163143624023,358.640225504982,389.743860549272,372.651513520144,386.666573538771,380.305483172651,400.183002859371,398.310989230996,401.010074464205,385.534946201813,415.641171916043,417.034243095094,411.078516171884,398.696782229579,418.985109330867,422.647699927222,432.198356417856,415.879578034363,420.350383120846,445.831304672332,438.52288066891
3,"Labourers-Full time",707.446127344482,707.379375933686,701.47256237669,688.020194785004,703.223854737648,717.117525137273,702.510879091129,710.082303697742,748.089839397035,739.792623816002,737.263508539585,753.147038809611,753.063973120365,751.884670141286,746.576652261655,751.539781732817,733.694040519793,717.922722224243,681.751709937495,671.387829243345,651.2230228805,659.504115595406,629.657257673726,647.989684049625,649.967275836368,638.603952842214,626.571278247471,658.605382942935,651.085579713063,657.498717079851,645.835190034036,652.216360885464,669.219542425986,707.040460045263,679.903146441417,704.727292297313,720.305694758636,698.184486954511,677.829584832158,677.669628654634,664.876536261896,662.053777491277,642.213248975994,675.174835721881,659.089528420861,648.09689806218,631.801707704597,674.96360541749,654.745565486662,652.857082693771,631.432991083051,655.307118681002,659.923235911918,660.296736339009,647.584285812247,661.766027072346,663.40308845089,647.311400841263,632.068441182969,616.87455675383,615.979651560373,622.752408060041,626.340698648333,642.977048404397,637.149510958164,638.408828575546,628.637621125517,630.008477551992,653.521263716676,644.24825920922,651.355818077346,677.300023928872,672.721588612815,672.603460090752,669.700162137161,657.391653372439,674.901124708701,671.691548093553,667.880611785791,663.56186357114
3,"Labourers-Part time",263.699231505299,267.383939143711,274.018603196269,279.40818770615,289.364707221792,286.281923426245,296.896773204531,296.578702194427,301.35427207986,307.742375763094,319.481525930962,328.145481326412,334.82821851479,325.781938381955,329.122151171646,329.778590224032,341.482828499628,338.797650260454,340.844433153837,336.166755913504,341.231243387981,347.900114317823,350.79235513615,346.78967278528,351.031021273272,345.648126497391,343.315277314515,342.968676613509,348.645753282913,356.050644452837,363.547632330049,367.066813643217,368.20697626359,373.084201601897,372.346688965413,372.199532962247,384.497317151591,379.666241273136,382.675367010153,388.763857009092,389.254825410878,380.081375179082,376.688161168143,382.327248866466,392.904959148854,384.456961438688,392.118266289782,389.333693478231,405.423612725167,402.153151054754,407.665050867248,406.098154020207,409.748166409065,412.32336135083,413.986118256949,415.582378993073,410.323304045629,413.377468901164,419.1745408114,420.47616707829,421.842423004199,427.619608783417,429.312222551331,442.027172126366,452.52573353459,445.91010293351,452.630098674135,450.513657113486,452.700637879696,440.245920090405,439.502900439427,434.298450019246,440.784796800474,442.10711631085,444.428277599836,437.364180694199,439.146264910459,430.496885487244,434.233607497473,468.578705905092
3,"Machinery Operators and Drivers-Full time",540.727911553188,540.55215836314,540.509575404344,539.485019684874,553.58876345911,546.357202602875,553.369629699015,548.917442451786,551.992734762603,558.906553255059,555.885572344504,567.3597418574,561.027220318259,551.739266862421,545.189063672966,541.368239168067,533.949188240213,531.421105594347,524.32359011709,516.48888840745,508.884069062868,502.633385635616,496.577734125461,501.628213785662,486.784976028111,499.392698452933,498.949869161985,490.360939110319,511.722553852116,513.92573957968,511.287453905068,518.390788567675,517.8092210996,524.811841370715,523.144260296946,536.747760043965,537.76175797506,518.207546678211,517.848965232432,553.234498942833,560.589082918079,549.557433644427,533.961501603463,529.539585197202,542.263951061982,537.84500870793,530.557866458068,539.88694458918,566.831803030936,547.640743988837,537.756048555951,534.656963347088,537.526962131804,530.722726020463,549.815328622875,534.257880035364,521.451648436992,524.040003255268,532.146818243277,532.4663214305,528.836855387648,531.848296251669,533.002240509109,531.366102993244,540.039965970555,543.676603381139,538.49217164193,525.353709363267,525.392349313009,538.4997823504,545.790757469447,537.348256713221,548.441395675861,540.934854622109,547.014069267568,545.036052432893,545.103633948106,544.335520083172,551.351440973204,574.164916368245
3,"Machinery Operators and Drivers-Part time",45.3300044012532,46.4797910924231,47.8561665389055,47.9983256800418,50.5173690357103,50.639348587859,51.7010406745106,52.6914572606559,53.7416214677245,52.6740378942178,53.5350873720835,54.1757648316293,56.5805803863363,57.1490935945274,57.3388661018735,57.5121628779455,57.1632150168477,57.5229368176474,59.0024738274917,59.3982792997827,60.9809647835568,61.1203867340878,61.7224677983826,63.2793376393792,64.1028964928206,63.5414529163854,64.0821039567678,64.802961832748,67.2778229057279,68.3346696171147,69.3250850113606,70.9283815837329,71.3840044906713,70.9975794800838,73.6107856821542,74.9302491896264,75.6313791947465,76.0070228010774,75.5898951957526,76.3477816430795,77.1096418696429,77.679085823244,79.18532201455,79.782715531998,80.8783371728377,79.1974342902828,79.8262127542211,80.4471786662693,80.8224059562938,80.6542546702146,82.85878390577,81.4362680223623,82.6868377836397,84.5086983305359,84.6637334394486,83.8939819961939,85.7718536826855,85.6894576175686,87.7265689773448,90.6738664998011,90.7631822218015,92.6367667831967,92.5457168362288,92.3383822642352,92.989245609736,93.0713626260122,94.0220096461248,97.1455307557504,95.6340346015537,93.9666572224119,95.6750329874931,97.5285202982151,98.5333481584327,98.062960496151,99.1139558116957,97.1113196896559,96.0804763614842,95.9764386306176,97.8708274655641,94.1741083799138
3,"Managers-Full time",751.389483648457,757.800681023169,770.103839465192,777.389361508774,784.754896391113,794.510355773446,804.889826386785,810.177743746504,820.910813470521,820.941386570618,819.47147654382,817.767238278593,835.741822671488,851.988245799118,853.927217098679,854.930550438351,855.241167440104,849.08663861582,844.122758825876,833.869014143939,844.716692635949,828.188749758529,822.071683603385,830.178058317649,829.552069543102,836.648957817075,843.473716096425,851.587762453032,866.437288258551,853.293136760908,854.820468634006,868.433592352147,872.557576045793,847.650780889657,852.667822608594,840.453032543749,858.459361729342,874.251131217947,868.638343666656,885.959029805063,881.830083644143,886.730254848615,891.545015027269,879.240327610246,892.793427096935,876.478395579791,882.699966389097,887.550970334563,900.055751993509,903.361229763134,903.569426538339,921.48752271521,941.471005455358,951.750644202593,932.09009903693,931.685130989989,946.133195016368,950.306654686324,975.940230647897,982.644778709888,1025.70825826574,1028.63677256459,1019.38662074026,995.49136195729,990.002553658249,997.894154580914,1008.03088739149,1006.12082597217,1025.50307128075,1030.36136752622,1024.5847462671,1051.5233517833,1079.21631621497,1114.98848508123,1101.88792455921,1108.78685716552,1106.6924428567,1135.01808621295,1118.61705386678,1135.95979637124
3,"Managers-Part time",115.468874941301,110.863988742113,114.937114590041,116.315828584987,109.251790397524,111.226274577848,115.429774836844,116.059498452724,115.333374002097,120.686514751843,120.128305118447,119.737812001473,124.154798363262,122.999998979089,128.325271585877,122.192766493388,129.438044920643,128.214175997534,127.567925742678,120.526548851915,125.901517943458,123.492588994541,128.83053913182,130.569305067911,129.689707423198,126.197146760189,128.595732914809,130.567082813807,132.255383455039,132.28320749267,131.99742131112,131.356640342653,136.342274958494,131.350228570513,137.088032476908,136.777223989776,135.726293774838,137.999784190401,137.980923905602,101.037192916325,98.5295727341909,95.2798839290536,94.1411869828642,97.426183822212,91.1579438393294,93.0711884350099,101.164857707912,99.5746963729183,94.7970023956003,97.0994537435581,97.3931438048897,99.1372239620889,98.512618349904,97.1754823750609,99.908801801321,103.509287252718,109.666070243449,104.619803003072,108.612718397977,119.495505423652,125.599787343581,129.948053114032,126.763427204084,117.726406194389,120.161929132222,123.74079093186,128.291290242586,123.990725738356,124.107443308256,128.483468188774,130.950463830358,133.391796170196,140.34008880641,140.11696070698,144.377146902705,140.751810081943,145.111819707184,151.399820247565,150.651565376487,137.230424929141
3,"Professionals-Full time",908.371201912538,917.858732041695,927.965120514902,924.115116521926,926.126620536475,953.870029997545,953.29390653043,960.170178916194,968.43743724373,987.788480364806,1002.00288518692,1007.73452013209,1018.36151269272,1027.13174515968,1032.81458538871,1055.53316335266,1040.01268041632,1055.10842421606,1054.37897780568,1072.31204101716,1044.00606000266,1061.6321181886,1058.63357833011,1069.02589337085,1059.10268639168,1060.5692378085,1052.74771289641,1073.48135143048,1066.05926930807,1082.45063792784,1069.36507256777,1091.99748613317,1095.73190546228,1107.30882040387,1136.90674004724,1144.37464991792,1174.24894955835,1169.97575611128,1167.08464597875,1167.54776635924,1202.13864559532,1180.98597199458,1193.44843998505,1209.9761271425,1222.05520354719,1233.91076007429,1235.80045723129,1246.61120406956,1283.9586074804,1301.51408452081,1289.84617901291,1283.20850590943,1310.78324852726,1319.96059178593,1346.52080691056,1352.94343614988,1361.40019054133,1396.27806614294,1381.3451540117,1380.6387037987,1372.37920469283,1396.76695623479,1410.59319504746,1411.52806357497,1424.46950332468,1447.78143544853,1425.55589602676,1426.9373769428,1452.35511074587,1474.05556176487,1483.60434355751,1464.30537090704,1472.81245325595,1462.49250887004,1502.47455694438,1503.99724338793,1525.83236043609,1566.40959378066,1573.49940972243,1563.9791761164
3,"Professionals-Part time",162.850904882818,183.261749049901,196.86924721054,186.674266200046,161.655968087631,182.897838622211,197.762348398432,188.088380612417,166.565645939207,195.17623692961,214.878650352982,202.58239809909,186.436161979555,222.260969513744,228.455323236333,220.935948986442,204.059032680131,233.499447057319,238.769372783909,234.353789771891,220.924775268127,246.54062209274,253.547799544684,253.772990339092,236.488843808797,254.77780426805,247.29229685793,242.477599919398,222.909800286346,248.048785497197,259.153119070569,254.016911859965,232.320683428339,262.918249648363,270.201054293467,265.559509640719,252.323805845192,284.019130006049,292.035158269282,282.37597715333,260.84811475681,291.211505747072,295.333401623294,296.276382237882,282.444362258763,311.603712223107,318.94963160429,313.700546736496,288.957249400332,320.419537619601,312.880539178658,313.799800759982,301.03830036688,331.374378285296,337.604365705215,340.665346908726,320.445438151218,346.107303011374,362.707974726565,373.498836137076,356.56999632196,388.478563389465,390.397055278264,402.103183049656,375.234344902912,412.095911148314,416.259149081061,411.332335438315,396.423036934041,428.16580734587,445.680298187994,431.04002472931,414.04828615279,450.610303055217,466.603154521332,469.648077025816,445.419771970058,484.212456586416,499.576634137371,480.48780643082
3,"Sales Workers-Full time",684.194537589836,689.409213172659,674.598988941082,667.75560386394,685.399168361914,684.617323577294,676.608290079527,669.753343660771,667.145876127979,681.192629862405,680.253868313079,700.378531645339,709.061009356288,704.245338236849,715.7973190696,699.486850960732,715.298264901513,697.364715162727,670.660891709665,685.784886678913,676.660404588438,682.92419102457,671.912275653139,650.438848996206,676.98080023426,665.718342644509,652.952959193907,651.164581881444,655.903902693891,663.473171340862,671.087704147196,670.766440743184,683.49843802963,714.031086356368,697.089457983432,684.444212721091,699.205953283436,706.325359318519,710.036252073301,684.320636324586,671.315819450711,670.104559715852,651.232721275621,648.450496925608,671.69031905407,674.225801722932,672.889982850142,668.027724102553,669.458062055413,682.311062058451,669.620738989618,674.920973089699,670.09707600614,668.331906625646,655.913755126265,669.20034784543,688.186064501573,667.750386626034,667.14202957418,644.648547486661,652.922905361322,641.417165393558,657.011262729663,668.342467218099,682.544963293273,694.007785358609,679.969618857023,672.092515161889,675.288192085535,673.715646001101,660.977870392365,661.037737307986,687.574160439727,695.653957346116,693.350598664877,705.133503035189,723.993104822423,709.668699639476,700.238134445859,706.6198846805
3,"Sales Workers-Part time",278.119970353689,284.755271903092,294.249228543488,305.548243321811,312.133447287084,311.416932934027,301.354667483754,311.242960499833,320.910408749978,325.860988266818,337.762525292778,355.600293240493,361.689532146614,367.136662082002,367.188014561932,366.957791276589,365.455800129824,365.591234156435,363.85796602569,375.860385986405,376.480658230596,376.293229582397,386.955079923249,392.792051525499,386.910022494693,384.519930447669,389.715893430877,388.707062222341,382.559566656837,389.517576803129,401.556765397253,414.738554901569,415.846511930193,420.164714735192,421.268498915833,435.707691149137,436.469447135217,448.155407408004,451.17953913933,475.022043558411,478.610807532794,479.360067900463,496.192137344955,488.480550337312,503.001597927237,522.149667225892,514.713883869076,523.879375035032,523.301896082616,522.133013654762,522.317958846367,523.476025113573,519.223485179897,524.558919970588,526.278613397471,542.808329148058,537.361350508307,549.609104555075,560.812364473775,558.434184474951,570.506172772926,570.276820879069,571.512712906481,584.183855057864,598.031652577253,604.886155318301,609.984202327607,617.531537376323,605.107162817059,604.398307112232,605.444952113314,597.048822093741,595.185051888694,608.92218238238,620.544060133467,632.26918319537,635.87062029624,627.107936279132,620.184825660762,628.522940250914
3,"Technicians and Trades Workers-Full time",1181.38869140921,1182.57126208002,1177.44715242,1185.97181652,1168.82688818,1196.60241068,1210.34401512,1234.11357079,1244.72041704,1281.87257624,1296.58586837,1284.37794682,1288.99505865,1270.56587933,1270.54635681,1261.81024701,1239.64159672,1210.83987183,1185.72489485,1175.45577144,1176.03226269,1180.45126399,1172.57108679,1154.66626123,1130.35850389,1152.89383402,1166.82146088,1157.27796922,1180.00927214,1172.14896121,1157.55115333,1169.45385945,1197.0743138,1215.09887289,1214.79652409,1204.41416357,1198.58983756,1227.05686205,1223.62011234,1209.74166066,1202.79750954,1231.26764833,1229.28842364,1195.77979135,1197.36551517,1243.65673766,1215.76863794,1201.18017876,1189.19952537,1187.66550127,1219.53461717,1218.64353218,1254.38691183,1244.11460946,1249.91501167,1236.1732725,1226.35643003,1201.99274798,1195.94384937,1197.52307008,1209.80846818,1224.81364718,1216.89535756,1196.76709318,1216.53558339,1247.31973394,1242.04715275,1254.52878197,1270.95386499,1286.14809165,1269.21366582,1241.20255371,1290.12761708,1338.12401323,1312.66553911,1314.3296736,1332.47236927,1316.04252723,1342.5423909,1346.16620881
3,"Technicians and Trades Workers-Part time",69.7015216691157,72.2354745152788,74.9548632083392,77.2926948527332,79.9122899020931,81.3139997412345,81.6586819319381,83.6815832043714,78.8966320686458,80.3085345061917,81.9305312590635,84.4183286143713,84.4707306358513,87.3625064379461,87.859424976393,90.9457957979743,87.5893240679432,93.7210483838707,94.9684071906163,98.0687965984787,98.0196588806273,104.521918526513,102.144340521235,107.383817779839,105.777257749632,106.045923119415,104.989806690879,106.786058332439,100.267376797671,104.685566670409,105.839091258658,105.384747551548,105.019591064316,108.394027664375,111.354088878604,112.271978227317,109.407512428078,112.280612590344,111.460956392056,111.226303802623,108.280513483147,111.381831739654,114.051113960035,112.419063909457,112.968332133009,113.504908518678,117.120311472868,115.839905991284,113.217614746935,117.158315223441,116.115166558171,123.602205612604,124.126162370026,126.669662145792,128.456241183766,133.784568597877,127.920227114988,131.351619127474,138.432153546824,141.90025608228,140.001404464646,145.551617541027,144.991245650563,146.820903900244,143.681977835782,153.576716653278,157.581011743864,156.422561321022,152.578624328341,159.797724642261,161.212564923136,163.036318140985,165.672434903345,168.257821782392,171.407816966663,172.47036016768,170.6111640504,184.979097403298,184.50007145022,186.721943661536
4,"Clerical and Administrative Workers-Full time-Females",495.634250768617,497.930482605275,508.0006534622,505.362721852829,501.640818206557,529.370048361554,539.220694635636,536.172891028554,557.29739551296,559.705061370727,561.586814403065,563.12724354113,567.558563730036,573.196564350855,560.518777208574,557.021876823337,562.937440623694,561.297721217848,557.841001520591,550.797911117619,528.716900077582,537.62570877647,535.798063160144,513.008239704484,516.564449816664,536.630318934284,533.843764396462,546.758865724126,547.836973674105,549.193306490175,562.918088169693,554.691029580051,548.073729436567,556.836829044301,556.400120873944,579.465488917227,565.244580003287,567.095535082008,585.161954540761,575.273940537794,576.565926658849,575.848314848256,550.525223532072,559.896720837554,570.229089530141,565.405213477996,555.693084426615,566.241870215224,560.631015286017,566.272940153703,571.807864058306,568.576127655397,582.748273264913,594.976532006725,614.474939824362,627.180750437021,624.780848749527,633.964073673902,604.732687412353,585.709016680766,581.891051100794,572.05664772425,553.067595191128,567.161753759745,578.096596619769,585.855222989106,594.395585393858,601.390300242539,588.102877980462,595.677605029532,588.52101795281,568.805817642484,581.035167364769,590.215386339478,582.991361091763,597.487554247737,583.913998081889,597.469650097414,604.314300187402,601.96624893613
4,"Clerical and Administrative Workers-Full time-Males",179.794080725922,180.830360929715,176.208964858832,176.66026319824,180.326037408573,182.723629527967,175.038043442625,169.837464288422,182.703165483187,181.748157174101,181.915338105085,178.11127226819,178.905257265274,178.235016401462,182.556777843511,175.294939145487,182.1603376648,179.936381498217,174.815835067633,173.662405462579,179.2142722629,173.131485993609,165.384843592405,174.447909463441,183.341969994834,176.892132354936,170.573534380431,168.640889695193,175.096910675185,180.24714611845,180.408219513079,177.618113824623,171.575144538661,175.86326811128,164.447117450479,174.959632586843,176.919040090525,179.310419035897,168.408474608576,160.991526190385,169.837665979699,172.342567879997,169.061365776916,168.346392130608,176.757578169037,169.072796975003,167.522631652648,168.041687971928,165.407575256042,164.216242890191,166.889618213942,169.254464384085,171.837476866104,167.324984161352,166.198953113291,175.060390113986,181.267405545714,175.288376920999,166.150441966182,166.795027409264,173.698577995288,171.792423268605,166.95185853017,174.302367378164,180.836964537018,175.111364616694,168.612186316814,172.430098121512,183.098672171053,167.093539227905,173.097741568673,185.228697630696,186.704110943784,187.387589762834,186.686177055188,181.542882388818,177.291270641662,176.192881524866,179.911744219887,190.646453655916
4,"Clerical and Administrative Workers-Part time-Females",242.270622251756,244.414529480836,242.215146201593,243.156827574067,248.08795968654,251.810678465578,263.115486642787,260.764356116439,269.174992974659,268.860329380054,274.098130482959,277.91494215231,283.122507735368,283.725197608222,292.812515937535,285.961904039233,283.402334410394,290.842131762079,292.591954520053,291.467952918414,293.310052177081,289.643970734803,296.998547512048,306.747175228196,289.527205273039,297.456527369758,305.012294584058,304.803244056827,314.672089662017,312.7362012668,312.006407747633,315.369181437907,321.928897488331,332.354467992265,332.157710321216,332.169207005457,337.003747625039,340.203598692536,342.995509865986,347.225169365201,350.507121804859,354.183594258901,360.357191721276,358.145030180091,355.181415477159,368.536039357509,369.685093805012,374.865660267844,370.252611544161,366.259690589183,379.097368079694,374.792345636911,387.608002064722,387.96135053108,392.890627280601,394.465881727798,389.407160283908,395.652201376466,405.082045526519,418.253040337714,413.55554225403,421.319565548402,428.500289476247,416.339069057562,435.473566024657,431.333566120229,444.064264773213,433.711425059785,437.311676671203,422.288142176733,430.62059252387,424.008216698,426.575429585156,421.165232031744,438.56580694579,444.718324556813,446.603889996445,451.205622761561,460.032286311912,442.548718581437
4,"Clerical and Administrative Workers-Part time-Males",6.57173736357176,7.47308253101659,8.6331445817445,8.93763282867589,9.18358340204952,9.13547627847116,9.64653220533503,9.34807970498473,9.78915715132873,9.70638506185085,10.1282133849441,10.5159761854535,10.4900921526806,10.4852289348986,10.9209011854684,10.9367627162367,11.1514111918031,11.5704813996618,12.1574253417404,12.9020638536693,12.9794733551998,12.8175869947614,13.1859016763922,13.1927486074127,13.3994152325381,12.981771459611,13.1935316050353,13.334648915262,13.4126862947194,14.0247615660919,14.3885428199199,15.0494225942509,15.6988598216132,16.1166164526846,16.67784304614,16.8873397343795,17.0850201257902,16.9780102561269,17.7013862809079,17.126217949265,17.1290898375272,16.4337182596542,16.8955764369235,17.1908450577603,17.4526535316356,17.5481859634548,18.9371725101987,19.232193395728,18.8600088927665,18.498744623764,18.5789078714577,19.1639424093769,19.7384210631679,19.8425387574476,20.9195537691866,22.093527127695,21.8261692084801,22.5134225081304,23.1179441297106,23.705090971735,23.8351903868913,23.8190820863858,24.6768194641401,25.5733649280521,26.1743142047886,27.0025917475631,27.9323600617399,27.3826356334272,26.634272558859,26.5467999724126,27.7305298406364,26.9877499689108,27.3512193221256,27.918291112469,27.0045802463588,27.4450372633041,27.2002227533109,26.9210287977375,27.251327601165,27.2662873562581
4,"Community and Personal Service Workers-Full time-Females",107.23325704419,107.888791000364,110.270778625112,111.056643474716,108.899288724208,114.005734001786,118.951070519919,122.586261444398,128.10118881306,129.167606347432,130.732085411995,126.859176596776,133.91807407733,138.235835913736,140.915166312806,139.890263691351,135.214328326317,129.616402835692,133.394225619397,135.229338853375,130.546081184071,141.4570015898,138.689644782922,130.324436851993,142.254837877616,138.385683586414,144.00367396445,136.747265821797,140.451490939576,146.077096977022,147.089463326441,149.234716207555,156.571712179044,159.889390920622,164.894808036077,170.451664171722,172.157011517663,171.412990710863,168.565307456918,177.99655994841,175.80084673117,182.028055211148,183.907162873601,179.728688955786,189.428765913421,191.094750551143,190.38125840163,194.58742065634,196.309716916458,194.51871562389,189.797736636578,190.314826975734,196.231250541784,195.794236528941,182.157637024255,197.788349507909,191.505906644712,203.879901629903,204.4023834563,212.104012509652,210.896051271864,203.829608700891,202.133836378666,215.19809110074,211.976106695097,211.546271174376,210.191613433453,215.898612905207,212.348481004562,217.042660898986,208.119390358167,230.375897406611,231.375901824525,228.941706748315,226.780982737879,237.921454589201,242.352630976119,237.705902311727,244.251988493426,245.252050569698
4,"Community and Personal Service Workers-Full time-Males",125.872043322716,125.651070752736,120.541005300109,125.599315629889,128.737271653233,132.837599692846,133.011493622415,140.864676458637,137.458609440659,137.017992085581,136.101675121746,138.052660009058,142.281881935656,143.716367327239,145.608229971565,146.666765084744,144.791886460429,144.41351524888,147.057238980133,147.479216750731,147.340040710999,147.604839743404,148.757918778255,148.947348563135,145.982175090309,144.398160721797,142.60318557757,141.105341819057,144.138973223116,148.254881096067,147.53529379022,143.650903075882,148.094358892061,147.513682276547,146.979103030947,149.987639585136,149.022047225017,147.908934237828,148.203458624898,156.31946572293,156.309732724098,161.181507541026,157.789523296148,161.452233303807,165.051054681942,166.344858731754,164.407121061634,161.77579141305,163.409588398743,169.623911218962,165.096804702749,168.197496399996,166.352735503487,169.762884889683,168.618760801982,169.514310074915,169.849634990758,173.905896114192,165.678268720283,173.432159848909,169.808165448458,174.353355414956,176.10897941114,174.239557049465,178.031106519543,183.113293812287,177.774586264686,180.55347775196,184.384484391872,187.268720464902,185.426062781178,181.865604666379,184.235896419006,188.513290586344,187.935264618613,191.87626533414,191.200932797006,188.678311590342,191.847586295556,185.201706630638
4,"Community and Personal Service Workers-Part time-Females",123.32375261735,142.582223837486,137.235281258655,139.505474549947,133.319848462083,150.084512477682,144.721663664625,149.909174181141,140.082210717772,163.174211960844,153.917581896777,161.067348624019,154.137236006027,169.088251069512,170.12114076416,170.563456685844,169.65951338734,181.020976136775,182.219057480565,178.389045472537,178.839214523444,187.206643554128,185.719665206399,195.135860847921,186.10636768603,194.128893348115,192.105951014128,200.130051127351,187.864760752131,193.15094790829,201.940496337604,206.549841412725,192.816295061554,210.428373569813,207.726004312054,222.805081654614,209.410585244827,217.372858100888,223.510573781792,234.773242944217,221.675765710452,237.2707137433,240.480656291748,246.898061890022,239.875616184688,249.000964830515,250.256020473603,268.465642124218,246.583861298177,275.524870929901,267.464237545011,269.703701598548,267.10293760289,279.138024085815,284.504695132901,284.05525435611,274.713349983017,299.398156470245,293.377361648708,293.765942837596,285.183553761384,319.27320095087,302.932772962981,307.393096897984,309.656789353257,324.434216534875,317.734776015714,323.073091892127,320.367228013135,329.822461449898,334.346907908979,331.288332661995,323.810315562201,344.073151260909,343.452546547665,338.842330565093,338.394695792311,345.392741315761,360.427008411382,351.780966464947
4,"Community and Personal Service Workers-Part time-Males",19.3402115698688,20.422043407765,22.6453979041683,24.1105841532176,25.8497412673726,26.5301256194231,28.035984904805,25.7036213034839,28.8076941593453,25.7181386041972,31.1575378661118,28.7324511247551,29.6497585382908,28.4124696404554,31.8497247961282,30.644600385786,34.2087514857784,32.8746245341585,35.8900823162394,35.1892259293697,38.4404629223906,38.2857365339167,40.7946818952123,41.4637990793839,40.2238542130044,39.5656184018078,40.1976456139944,36.2329880985535,44.0043289039345,40.1275068996393,44.4768026904133,47.2916673141234,44.2867501840944,49.6596958315316,48.665041243804,51.701158546876,47.651431727032,49.3851385191488,50.561053528044,49.5933889231787,52.4131878904173,56.9073378860866,59.3210923409636,60.1700297846359,61.7875025035773,58.0928013249192,55.383667039035,56.9292162836687,56.7404461270036,58.4225673239288,65.8071456570391,64.8835943146753,62.7958456048259,64.5694855020678,63.6954669168518,65.3420923037897,69.1507871504172,69.9928936371952,70.4596869679067,71.1100753841176,72.7949522748978,70.9495066860644,72.8800040135925,71.5032873184072,74.7720193884697,71.3794899593437,81.0673887163948,76.37536097875,76.4279399969792,80.7296740385503,82.2067856798762,80.6018063640569,84.5671540203168,76.7800778633945,78.6054625517609,83.0034120333743,80.7500154050678,83.6750697821664,83.4911501304252,84.7455677336116
4,"Labourers-Full time-Females",160.040720931821,160.033210995694,159.006566388855,158.748618171858,162.758464861946,165.331716589344,161.394848175195,160.701127729327,168.612783087507,165.237221863933,168.783347665126,167.492352074702,172.795036795761,181.073364976369,178.435586718834,167.504143888031,174.380454988555,169.489405447163,160.641751729095,162.095268586235,159.562538759933,156.426428199336,152.884101967955,156.663833150652,157.897430095378,152.264446839274,153.514157584065,155.034907226769,156.32662785958,157.152534111828,154.862082287546,157.380568894671,159.717009111447,165.72646455466,164.207944394111,165.624669290845,176.889023959564,160.669635001684,164.094702520072,159.759378382373,158.590513379447,164.124440811873,152.884174865488,158.943819280889,153.938673976619,147.438372394375,151.993086686411,158.586265533215,157.851431725441,157.671186012818,154.823301603659,158.396792237134,156.478203544897,154.419482111728,156.408384678923,159.575103331736,157.481651628144,151.647711103819,152.608681491435,150.192537079527,148.927863534912,153.884350004124,149.850883982303,148.79430842865,151.673808919334,151.389497420719,155.151756162157,150.784500055422,148.055845737304,148.111157792792,146.543058041503,155.967131569663,160.27780492892,156.668053077333,151.86738734464,156.122337561143,156.450367685798,153.952525581093,157.150957637066,163.059601776469
4,"Labourers-Full time-Males",547.405406353898,547.615822374219,544.267265093298,529.856207274504,540.325470485187,548.73128233642,540.522642005521,545.092575076162,575.880493822807,569.370058169078,570.154854023721,577.23437107635,576.248579578899,569.302774163889,569.787989808267,571.524967642964,558.026608862598,553.098674240728,532.348973476268,500.998509470233,494.577015521934,505.024601483332,489.506289007851,483.302653077401,494.256501063893,485.514507487436,487.709977372978,497.519219251725,498.397932955499,504.698922599361,508.06492342371,490.529544393247,510.28984469296,539.430018672257,523.402297930901,529.985524963434,542.462790092643,532.665306021486,526.373941586741,516.110312524471,509.345912021084,499.480031989561,501.047143827899,504.83303193201,500.972276982431,507.806750531303,498.545855225419,503.991027161093,491.030846684878,498.81117732003,495.428934833547,491.478366413611,502.157961912117,503.537593653878,503.259742026478,497.737912372116,504.812704340755,497.545819595755,490.036634484441,472.653340527443,470.624424650567,472.833330301273,476.094860036263,491.647756327357,486.541964325829,493.640379327412,477.01151166098,476.818693596591,504.685538988615,503.056384516616,515.600208874895,520.143891916271,505.727142742244,514.212138173771,520.793752670867,506.536225468005,516.50618918306,519.724150567695,509.239264725452,494.70167429681
4,"Labourers-Part time-Females",184.179743958239,184.356757739313,184.29628756859,184.400163640355,192.257098681359,192.708624052332,193.991846432144,195.212167018811,197.7826514186,203.833966575253,209.946035819695,215.716414332809,216.607817672725,209.590445076396,211.711578709099,217.176995173955,220.533020259977,213.018580523913,210.189178344412,206.451879856293,207.617762086903,213.166231120062,212.170395098782,208.384742443919,210.519189712648,210.244237613371,206.986873838844,201.86152851794,208.721431969097,218.353859325299,223.791108763687,215.860423767765,211.488344340357,217.699506472582,222.979824959425,222.412262235743,227.751791226103,223.221917936236,222.811530642149,216.893099345623,213.661209332293,212.706624516855,204.509841937339,204.740093393098,213.040273395143,210.590434775627,213.426954310566,211.311171074056,220.938894644821,217.309861698286,214.708051631936,216.91444071446,227.710390532075,230.913051899773,226.338662641684,224.785426526631,218.363970908239,218.323528243526,225.118412584747,221.642149631275,222.631853308804,224.55400714611,226.387140642207,230.556986342737,237.110518373249,236.088387728748,237.538880081859,230.926477166114,229.00694596694,222.148450745756,221.323219967341,221.198721259373,222.50121793384,224.35195978148,227.619305398558,221.349724821283,222.84729444895,217.279692776609,224.101497272841,244.171322769787
4,"Labourers-Part time-Males",79.5185366016011,82.9135303562279,89.3444871878327,92.646766198791,94.6405984359462,93.5330626921549,100.934918439394,98.6722764831868,102.198081939114,103.588013517794,108.649515443391,110.030968109495,114.082484272301,111.199421009548,114.798735423093,113.781964759994,121.021996648042,121.048783063272,124.008435455171,124.401768767629,128.430869290739,130.570290986104,133.503922878449,132.860132581589,136.611551651464,134.159411327313,136.766060149292,139.732664644942,139.609537800432,141.505155678608,143.303105909384,149.13120606886,149.353892547328,151.181284499859,149.612740123304,151.926235113074,156.894861236675,155.365364406192,158.1516565453,166.081556729305,165.062217716471,162.68579817549,168.337360245452,171.131916786522,174.625105853216,170.9283167177,176.850012639129,176.227281967345,182.054816223932,181.869026188607,186.292901478472,184.925305234171,183.969400816539,186.843011690644,189.006221832185,190.369206215945,191.038083202372,193.637639311788,194.78655542528,198.161026391823,197.380859566516,202.28728012201,201.346656407948,208.816966244801,210.033282217549,207.046394319765,213.012413904299,214.717759721534,216.833538462377,214.371139412727,216.923188429258,215.61894635458,220.611265871538,219.699323304192,220.453724117001,220.152913772864,220.836958292095,219.902880000797,219.024509483457,232.446974886668
4,"Machinery Operators and Drivers-Full time-Females",66.2558478963688,66.3238355867512,66.3703105446882,69.815890853472,73.912541393537,73.235915139258,75.8582051342624,75.3407830165274,75.7043020377169,76.455477248297,75.051255888935,78.3071909831862,76.4783679665597,73.075598525649,72.1550296485952,70.2799953948574,69.8998133477026,66.0999532132321,64.0574725237559,67.0161951053278,68.4722188350271,64.7551341056403,59.1142848773228,57.3283423130083,57.4067102692876,58.8924444172084,62.1729228287874,59.8782685161039,63.1047097842012,62.576421634129,58.1549438697579,55.7313894799174,59.6650878357044,59.2907967666027,55.0714992098064,53.8765962117176,54.1209300378297,51.6977914611808,50.9906739113465,50.9341031663635,50.387158194554,50.8338652110644,49.7234390276637,49.3674050607001,52.341267021715,52.8504156732145,50.4569806453729,51.0569524128177,51.268822200622,50.5780509960379,47.5732257767303,46.5180128929355,45.1097351938765,46.2594398885648,49.5832356803053,46.3900535130622,45.1886051558562,42.609787825266,41.0646564490158,37.1596670778958,38.3504147434056,40.5662480889414,39.9320555017997,41.5200281459526,42.3873897000647,40.0770870093449,42.1981568066144,41.7525217188632,42.0915699876576,42.8305454760246,44.7976294415799,41.4892018717712,40.4016907519322,37.5868138946751,42.0515739768821,39.6512595320839,41.0074787151291,40.4381285874775,39.3202331798997,37.9444792944234
4,"Machinery Operators and Drivers-Full time-Males",473.699786946417,474.17396067,474.08906151,467.92814681,479.37748046,474.09327621,477.85448001,474.79405614,477.48715283,484.33173041,483.31960287,490.84401915,487.86527303,481.54263137,473.97190106,471.98567026,463.34659736,465.85877401,459.12412958,445.08534624,435.76356899,434.80523358,434.51313968,440.22443021,422.61324791,434.66043801,430.06649287,425.23997829,443.51724534,448.2286191,451.45373385,460.95424516,453.47755387,463.68149779,467.77371875,482.88600844,483.12742182,464.78166904,464.30580235,503.84416116,512.88137769,499.58222115,483.86869461,478.91112501,488.72755695,484.37116666,479.89217362,488.41872566,518.67238988,498.20041463,491.1453855,487.83080716,492.62575759,482.66474989,499.81517557,488.48181462,474.38236875,480.49678394,490.68512716,496.02178323,488.43518427,489.13867928,492.36531869,487.92820808,497.13877889,504.9812688,495.01832605,481.8613198,481.20908451,495.02262678,500.69329479,496.90898519,509.45711065,504.61881678,503.67935117,506.97618339,503.98866466,504.56969816,513.82360607,540.96154667
4,"Machinery Operators and Drivers-Part time-Females",25.7697834495967,24.8912863596932,25.600289647394,24.6505944025939,25.5619842266455,25.1120999862148,25.908005516356,25.9527683901346,25.4789444163768,25.3913689341339,26.2384253487009,25.6814921972378,26.3853123218822,26.206308902444,26.034148932633,26.1724266101682,25.5859042373991,25.7327952881248,26.1076733354086,25.2597505281639,25.9329833348465,25.8094885868889,25.4131678934689,25.3608412218598,25.9083064723826,25.0455387971706,25.0824476344054,25.5389674938338,26.1001656114238,26.1518917481171,26.4559551936622,26.2350005276704,26.0122674012693,24.9954856199902,27.171180209707,26.5761421866285,25.9058194748302,25.7535006599159,25.850400841898,25.4837192816431,25.8306996163302,26.0105785039683,27.1731456867674,26.6994226773158,26.4964845623435,24.8627304433851,25.4800795171158,25.1805901698914,25.4075010085924,25.2569764302725,26.7450224547656,25.7113565274831,26.5373811348503,26.3485445569066,25.7806822657984,25.5037351151649,26.8305942279933,26.1781335936294,25.5773011903964,25.9275499543734,25.6172430203096,25.6730085115031,25.7338855382186,25.8869402128675,25.5271641671012,26.5928086770176,25.982375198046,27.678382237385,26.3370291385272,25.6681879875774,26.6165109993682,26.1421654325142,26.3870879928859,26.0949509287861,26.5849879376866,26.1217085895072,26.6735107053714,26.4232353926369,27.0699169756961,24.0316935363543
4,"Machinery Operators and Drivers-Part time-Males",23.7198709650426,24.2780534282664,24.803665948384,25.8141335768433,28.5949591306861,27.0148581933865,27.7057108604077,28.0439991259677,29.9486534932285,26.9105638937176,28.4646554810283,29.3264194427728,31.6124408179291,30.1959286494605,30.7873727593789,30.5092059151035,31.05274040832,31.8829740145493,33.506942324031,34.4943437581246,35.9726111114838,34.8786139197541,37.2390380341077,39.5590959551333,38.4153185495942,38.9460722704403,40.7383867701589,40.5630385170791,43.4935510670877,42.3021206644418,42.7846230904079,45.0413338379906,44.4588667843193,46.0013013773644,46.7181261949761,47.4669019687611,48.9098343438675,49.4084569491764,48.4002289712556,51.5284985077433,51.1795134871183,51.5155809390833,51.1856726509317,51.5031131122457,53.2353140711862,52.418719866269,54.9192060648651,56.0216726496093,56.0257858505992,56.0649541837693,57.3169877699276,54.1225057226349,56.7683005502683,58.4296487494677,57.9804064394256,57.4860144663749,59.188486954799,57.9630893955763,63.640830355645,65.7652170705139,64.0420341651284,68.3555560711371,65.7134384917971,66.0525830763395,68.2112089877922,65.1500047834341,68.6255879748367,69.0211081313145,65.5893886614076,66.2246983390125,68.9245371422567,71.1696951947587,70.689224381543,69.8744026602006,71.5831605652491,67.3749418656553,67.0881674495987,67.9840587248998,69.8473589337091,67.2761961748836
4,"Managers-Full time-Females",156.774893084154,157.569139602651,158.964109329619,160.062857725386,165.360837676004,171.530447236495,169.986236687274,174.438022311883,180.729442110112,177.770069598272,178.23716263806,178.05498408262,187.457114083668,184.408164309416,186.512897951499,194.643619430354,197.897366387678,195.902921024039,194.166583221174,202.391964997473,203.326924404619,194.904013313909,191.754437570707,200.53965876279,200.403163531573,197.285733937812,197.743611828175,205.414716411294,206.201977442167,198.991878008635,198.796070617947,209.353319366777,207.401582680993,195.393205284889,200.095294533381,199.439234170175,200.130236233667,201.301800009259,209.397122779954,226.635769755856,205.529800872364,209.527299209988,209.571401851847,223.604421140391,216.684743474227,212.108758550724,211.012423899846,212.233111301353,215.660824982364,219.091340052324,224.315890926288,226.440842590577,230.265353493954,231.093030454051,233.129877162331,251.388997480211,249.036780622675,256.369629215765,260.586925225417,277.539889056589,279.123335048409,270.287419331324,270.735690755989,278.03026484087,273.188216332405,286.614538861182,280.336609717928,281.924988847821,282.564960167894,281.910651252703,283.767150645315,301.214744440547,323.966052043419,330.619271727585,315.391824059294,327.232975012902,325.219855820597,317.495649224661,321.844882516221,346.909082783075
4,"Managers-Full time-Males",594.61215563335,599.138452647223,607.228469509727,615.445595024277,620.527825620524,619.830906390822,628.707122772965,637.280556110775,640.934142887976,638.518752362461,636.831441419333,638.397871122782,649.96339761953,665.591552866626,667.991111662798,660.849647326944,654.98368288824,650.463936983753,645.287859650668,637.16151290535,641.11569703583,634.664888009243,627.331724796406,629.401561871605,632.874794602025,635.93258003345,643.435367608783,652.890747146099,654.422607702747,647.361673223218,650.880007205415,663.332853535557,664.345252413856,643.095373330257,644.735019193165,650.28817619492,654.680246106881,659.889797906926,664.434651468268,668.236169015843,666.766479444362,667.80486063495,669.555857271544,667.565274527422,670.312953992942,662.080621807181,665.32842482566,672.941834781582,685.346021289453,682.315709947675,678.597970295526,692.26857393732,708.190270276504,716.210132078394,697.883834343088,681.604988435919,687.934552627393,697.324345648329,711.770168999176,716.694466446495,743.550795312541,752.93954692103,746.861048429955,715.458094127829,710.572324725878,714.563712772416,731.655535457502,738.4729969044,743.936302057265,740.276166545364,738.702932843829,752.487640892168,767.721327201428,782.753280410953,781.281893271435,784.021421974625,779.667111477229,802.206982549045,800.104696197817,800.401768344691
4,"Managers-Part time-Females",84.7961553697861,85.1194921792736,89.0502370908432,90.4350058698624,84.0637454534974,84.7516559767283,88.3183716032495,92.2873484001274,89.7521800071324,93.3400763863478,94.0753887958368,92.6213946746883,92.8032726996137,91.7316663777626,93.2375667328436,91.3074483642484,98.2896931748519,97.0416820286618,94.7721479553505,91.2486312927517,94.9714590611849,92.8700259869502,95.3460709169771,95.0274975691736,96.9796566653701,95.7693310891582,97.7056995137332,97.3532322379699,97.1380854142451,96.1664389727018,95.9641240029896,98.928717549669,102.08173960831,98.9396104670782,101.079391861756,99.8956789246258,98.8098099015619,99.7612508695705,100.618409794594,74.6612461981796,67.6089340325398,65.8370277058375,63.8608470216029,65.1533524650687,61.593445643224,58.6248908269202,63.668495937319,64.2381598141555,61.9535847492848,60.0525348726885,60.4236855797379,65.5521429153407,62.7975015245411,62.5142662319272,67.2184162063718,68.2245239878376,71.029181068607,68.9169814282971,66.6064021447699,77.3179162757395,84.5522561725467,86.2783327983299,85.9596617351064,80.6000336596432,77.6689399567906,80.0044284661147,84.598796047301,84.4568099669221,81.803747644107,84.8887434463048,87.0099624868445,90.7093715439351,97.6000216111419,94.9331313362672,98.3709499118359,97.2325359861169,97.8206054487292,98.2122350570757,99.3074365077901,91.4347100546986
4,"Managers-Part time-Males",24.3202125384716,24.6777074855935,24.9670122894163,25.8139065673392,25.0379959671192,25.4586878162476,26.6195919073535,23.8196778341725,26.7360116439899,26.4212507881604,26.6244068185963,27.3271242702866,30.777293227557,30.2821284691796,34.2144141240031,30.5689259896257,31.937319559829,33.0265468200909,33.2483093706186,30.5214892253949,32.1935718016002,32.1543966226982,33.7476962856311,36.0387541931107,32.9671971473122,32.8977435187739,32.6255640579431,35.0044285694928,35.5943958750988,36.8032326059529,36.6615344171283,34.0904567556385,36.9203621018618,34.5888591451598,37.6530834143568,38.2623126836456,38.0169529008217,39.6904048385681,38.9249342699397,30.462128203081,31.9395779022218,30.1847539029312,30.0094336652539,31.0342711594294,28.4373928785022,32.4874981926676,33.5917517899381,32.9849223585882,31.1613055073192,35.167655049561,33.7683826525421,31.876760434877,35.1241095948072,32.1880451665759,31.8642272520872,34.5631551440721,36.249254626641,34.260076053406,40.0884928896851,38.6972490450626,40.9456822276772,43.2469173983591,40.8159816419284,38.9383192270865,43.1343322880988,42.7872335569367,43.7991444352272,40.8779923929323,43.8998746043606,43.6016448781839,44.9723323061773,43.7174372399403,44.8658409726855,47.5399166107561,46.7173791994195,46.4654785278679,49.2909445613418,54.1589868224328,51.9194893404715,49.3036364678458
4,"Professionals-Full time-Females",331.230669663171,336.086644530306,340.415056465699,338.652224599096,348.316035941762,348.355037478978,349.996629113273,355.03582639051,358.91893277848,366.413870998302,372.466786710261,373.238481181033,377.678335669204,385.039646195683,388.541024684644,402.780605548263,389.396831923924,402.439458003402,404.577145571824,409.38749050959,403.681444431563,421.570064200346,415.859831460557,420.250756241109,416.153725876449,418.932221749184,422.488172194371,435.260981599674,428.566696527203,441.999202748581,423.415329992707,434.809976025867,433.076208452547,437.405649000086,457.517666080928,455.818276678266,470.767395512112,464.288137643204,466.207705920046,478.018831008635,485.17008495323,480.109140171367,493.351616125778,499.60437093084,494.778367744319,498.294352525158,507.026517840301,510.103388933201,526.256870255299,527.133582020847,523.552576754211,531.325648473805,543.612595497128,547.249000430396,560.899267515642,562.612425682966,567.838194210863,582.691393617465,573.942084148256,568.374933281413,572.889736968912,581.701729004297,594.124555808586,595.574190054418,594.149807940154,609.291082353003,597.100015965018,603.196560402329,617.668742289777,623.751884430312,637.260677261538,625.895066767499,630.613445127021,635.475295622374,650.024652611357,636.038376920602,645.197334683002,673.75287620825,664.921143934511,668.078883277792
4,"Professionals-Full time-Males",577.140221781338,581.459651993754,587.235711643996,583.664846985824,573.480712701096,607.659842961289,608.480197277889,602.541501395573,616.316628000729,624.118000836482,631.455755673961,636.341405377928,645.203770601211,643.664791311404,641.878323386962,652.318486291935,646.367798823522,651.639316002944,647.514803791936,661.170768736008,635.488672251744,628.914730987768,638.880510158066,642.084656664829,640.514160625755,640.725994899135,627.855776250993,632.123291082675,633.587043581657,635.820962362366,647.222244566928,666.395943648033,671.093055911515,677.852023038603,688.707822227317,689.345441528763,707.997322469148,707.151663059684,699.36906444951,685.217037733396,714.457198091902,697.358587626474,688.673848350313,712.91453760131,726.938656568227,742.488982090178,732.614381786722,738.758676088131,764.931447508979,777.535294336039,767.77159554746,749.587670676839,765.121715492161,768.283423429495,780.498013438282,792.371494917404,792.837111350612,818.029046207359,805.881332566495,811.57846563375,803.409269554353,812.936962297552,819.068765666807,807.716957950832,833.48441478156,843.720727463802,822.71121713176,822.921727257653,835.923504408775,848.232427611943,842.999655592087,830.283764132352,841.477793466622,818.184270733089,846.855757187325,877.761946903595,889.68002475607,906.934219274965,914.88391608927,897.654327779863
4,"Professionals-Part time-Females",126.443771217705,145.493708214148,154.19422043775,146.135785130128,125.433112285285,144.90338271553,154.772429504058,147.658529754463,130.021345646796,155.941816121115,169.554312398927,157.710267868591,145.054540255346,175.446671049573,177.953706735733,172.227800368475,163.326993649297,187.730002162352,189.210441591602,187.23300297896,175.148389723338,195.668961683703,194.1573518896,196.44597067612,186.35942320605,203.647375718112,196.171950686339,195.05787873805,178.390673974872,193.126726644596,201.590438188969,200.085263209755,179.854739896532,203.376868935906,207.926997673686,205.694185866986,193.522849328191,220.56144333404,222.303600524161,220.157483572769,204.883937224284,228.75750828961,229.76841837895,232.575024548176,219.691212741088,238.464746652518,243.713370289539,242.696752089313,220.61831347961,241.787660032869,237.994700117189,238.990814579555,231.050547525846,250.084774760955,252.896909511392,256.791281185471,237.720541116283,259.002472774618,272.176076121983,277.995346751037,266.912951461689,289.224091476856,291.007319345425,299.565811479155,281.077364035568,308.136594383084,312.722177130156,312.632630897868,298.623111779198,320.597468580054,335.625368603546,331.729839515752,318.625294355538,344.147922403283,351.212486667526,357.000228332531,343.108522684949,364.854622380455,380.162924044622,366.434433452259
4,"Professionals-Part time-Males",36.3927363239079,37.7427120309342,42.6463276095586,40.4929981486578,39.5288330347164,40.5275160906399,44.8847854256662,42.8089956602609,39.7578365893088,41.7695806682513,45.9725429790693,45.9071895159896,42.4523605620779,46.891894240415,50.6635500036486,49.6875939220359,43.8272192372222,47.8385559412161,51.0949311183449,48.6260202890693,46.8375727047576,51.7711507505576,57.9970074419959,56.3402977338148,51.5616949102582,54.9496198545481,55.6012020227068,51.112137394604,47.3896835308057,55.9636634289669,58.2388223466084,55.0756085565421,53.4228030959618,60.0249515829309,62.5475507642466,60.2828016230348,58.5953085257251,63.9597497907876,68.5731434300658,63.9196785149911,58.7576900065591,65.123232176061,66.5092524118647,64.2445939237133,62.4322077649152,72.7134518717266,74.0359540235515,71.3585141146299,68.9093255950493,78.8578390198579,76.5898427349719,75.3700507983882,70.84584950073,81.0661935849028,83.088772736447,82.0493518439271,81.1689686518922,88.1259824491999,89.083461620087,91.1700098086446,87.047072391915,98.0693373010464,98.9329220881364,98.8157264113486,93.1458092131264,103.396712908199,104.494258732126,98.9812425058038,96.3363745781934,106.739768743872,109.261092966651,101.565143098821,96.2763953028812,106.779015818256,112.449848007323,110.128297833911,102.442972801548,117.656193690414,117.831991095146,114.128308125574
4,"Sales Workers-Full time-Females",296.084109274603,298.141784209316,284.470838833282,282.515203704909,300.311116061003,285.542944413341,284.478627268933,296.569412962868,290.921448546242,293.627962885048,295.270700110034,311.073580796072,312.667660050981,304.027597550029,318.448936897118,309.35048597237,312.047493752883,308.354198187077,291.025158644226,300.256463784416,291.88164419024,295.0220478879,294.723503614238,287.33379824333,293.846801688588,289.90414142992,278.038343983111,272.696195739406,281.115267234475,279.761336285297,282.261364414259,289.829890987793,298.621800004001,307.14297022604,299.326131040764,296.950375824132,306.314910257114,308.963045214701,304.241253806934,300.736586451311,297.647103790565,292.48213275804,283.568846723208,275.394144540595,289.446173021883,291.113809501609,285.377009123863,294.586658075002,288.135788718871,292.252578981853,285.336284224506,284.164658751062,281.541737276591,277.712115107489,275.282629104778,279.955885293198,283.999733116632,275.285692042311,285.505718387041,278.178664742002,281.525804961889,272.500969126161,279.647076029771,281.297957094215,286.189501046978,295.08655624708,288.93396034415,285.703253841126,288.859955589692,285.266148196424,269.918003336969,284.67647569403,297.627769562267,296.643865715311,292.592970730234,305.718324928873,317.713776361594,301.008861969466,302.509276414806,319.857582579306
4,"Sales Workers-Full time-Males",388.068343066123,389.577497255277,389.981537991814,387.670323353443,385.462504180634,395.386459706259,386.860257599702,379.880400533295,373.46903963871,390.587641490264,382.887946068091,395.296045439253,389.220395477045,403.745447951541,392.898839126169,393.793579906446,396.474774304835,390.251033635006,380.445268513884,390.23426698013,381.578326468019,390.720494392373,371.516232845178,370.690775648341,386.241623743859,375.850764768297,380.824179096395,375.838355684022,381.498856346265,380.892343815967,387.350917362237,379.822917200448,387.891757665995,405.999653841329,392.155222398956,391.721248560764,387.722227110175,399.582816381358,400.084755150102,383.640858512199,376.658257883851,378.548304937223,369.127685085408,380.65863201088,380.840556999468,387.425699380653,381.019329086494,377.205534080727,383.550132747675,391.099295210985,384.421986467343,391.44243308682,386.198800508128,392.832283628096,376.049738123991,393.104529891721,398.895029196257,392.057633963129,380.144895907506,363.044341922277,376.471359085522,370.207346756615,387.091626658612,384.52670381254,395.898307562444,394.852065502862,387.143818293104,390.103497047164,382.397171536081,394.368334585411,382.600299527228,383.728161737797,384.561499090462,398.489857691698,397.740126218938,404.072856787465,399.420239691134,404.733295839718,391.268632111441,393.218404696825
4,"Sales Workers-Part time-Females",233.329203471072,238.20510438946,244.571706570809,250.847563560851,258.140643819107,260.403355735837,253.652283969594,261.39983518736,270.908747862362,273.357270311493,280.050423810342,293.03795520575,300.951449167671,301.206798693342,295.493622465608,297.453986256151,304.664255276437,306.633965648357,302.045426262468,305.890286123631,307.240124732559,303.561385978428,307.635613317499,314.00762657018,313.376768253988,309.372235371487,312.204253890343,317.448074105798,312.288863395163,309.134547677274,322.277191216519,333.15703458374,331.646840550662,332.279491254645,334.785538689324,343.600979806983,348.401002327865,356.253929640457,360.113725267836,371.673737027235,372.49924003853,367.912214756471,375.795678745679,376.719391114034,390.272779656604,404.106094895137,400.369862463613,402.27421316405,405.706323165929,410.67261635619,411.770344324317,410.783694168433,407.346597503848,407.715231301552,409.523368006102,418.593456733372,420.830958201043,419.914472393962,424.100523982677,421.902875935927,423.987598682786,432.885759726651,437.407471668422,439.897665394189,449.999450166326,452.551505878765,455.364903029641,464.957514710363,457.260023910497,454.031781192265,458.671186023085,454.632379247069,450.504490866248,459.561819293528,470.195620427263,477.998533040913,478.835698183441,473.348519444119,467.527801516091,472.278464674077
4,"Sales Workers-Part time-Males",44.7909010222078,46.610392159899,49.5805986421514,53.5007095845716,53.613843688968,51.7455226032385,49.0645208227766,49.6888536684816,54.5778966901403,54.8261284969739,55.2904240295496,58.1498202633696,61.0058140739917,63.7129297989405,67.2664197450449,65.9010433173288,64.6409145424861,63.1849801780816,65.5143893355706,68.3976980501963,71.67414764605,72.8883297847157,76.6701974807402,78.2178556806539,76.9514529607894,75.4768073487733,78.0749391545767,75.1268860637842,77.6221281814543,77.5883268179718,80.8599170213079,83.4035136279309,85.2647039443357,82.4213565546636,87.2174445568003,90.1050383439846,91.6252238832511,88.7207959855136,91.5576286685612,99.0578530550572,104.932199184157,106.587540919835,111.951623435017,111.643473775474,113.321265132452,115.670382097721,116.644469874392,116.069462653183,117.506941820704,114.020416149338,115.663641539652,112.719916615496,116.815010266256,115.79941424105,121.402545771891,121.282570005193,120.802405516254,127.276621115499,131.648567597492,137.763729044044,140.288471593751,136.095984681082,138.050354973554,142.555695170181,146.725939267322,150.895110661587,149.835221963326,150.069881338959,151.221853635554,149.998570344163,149.492254380084,148.864631755968,148.437803033668,150.11596423261,153.992642515205,154.304808287645,155.521533838042,151.284058869141,155.663172205104,155.607850335719
4,"Technicians and Trades Workers-Full time-Females",100.176877936303,100.425919892329,101.184585426175,99.9511411166042,96.6176038742697,97.814562990947,96.3218145703604,97.1695523738836,98.0959099393289,100.84317781245,106.711593153523,109.28137477807,110.902813277062,110.622566984357,114.832046585286,116.068449554094,112.223339261201,107.816841364564,107.10847411674,105.798953636344,103.686141132198,102.70148629328,101.513776621222,100.708605586525,101.748617363226,101.008339579834,103.754166971998,103.534144891882,102.417429760682,105.224027504589,106.741943107186,108.744954067092,108.811510132275,110.363532757695,111.636503758966,111.35997775612,108.963746886526,111.758226833919,111.550522899484,111.061126568459,109.127184163386,111.988086238005,115.148420694771,113.75926308234,109.741597497493,115.143486815883,111.211625084071,111.222014155267,106.856966847921,107.687587257398,111.022875376,107.357682602472,114.527962691641,115.719491685175,113.927604313077,108.921643888591,109.426278926379,107.912482019416,109.718769367754,109.420698925523,111.550612507759,114.715000290028,113.251467617139,112.208662418296,113.284665315953,120.025531683447,114.846541348315,113.966324432988,117.056493917013,115.286992332638,113.994359920666,110.765142938933,110.059953110206,122.539663561697,128.08645636673,127.338062256734,125.760980915512,125.062897993277,126.641790816415,127.795334394388
4,"Technicians and Trades Workers-Full time-Males",1081.2118134841,1082.29410705003,1075.6175685,1087.03371356,1075.17512381,1097.71641677,1115.35900697,1136.18471872,1145.79471526,1178.56841445,1184.61734686,1172.79455869,1176.63975853,1160.19435739,1151.94345243,1144.63422592,1130.86271272,1106.97037754,1079.25097712,1070.82988811,1074.238782,1078.6318329,1072.12126218,1054.678929,1027.6782425,1052.54863633,1060.60757783,1053.94092042,1078.59219738,1064.41077946,1049.44945927,1058.91460532,1088.20318265,1103.34503606,1102.0196911,1093.3018982,1091.77263769,1112.79533611,1112.25565092,1099.11893602,1095.40275373,1116.71676195,1111.30897085,1083.26493763,1091.22294821,1123.67423072,1108.07918018,1089.94885806,1086.2527741,1079.23384307,1105.52398596,1114.56913447,1133.43580205,1127.32774441,1137.59258261,1131.73597507,1116.47809832,1095.43632738,1084.60700523,1088.36938308,1096.34987606,1107.26398382,1104.95492459,1085.49257714,1102.28703315,1121.25572459,1131.8399583,1141.3509571,1151.12919286,1172.44622135,1156.37724785,1133.33014793,1180.69937402,1204.40500732,1179.61025787,1187.66202385,1208.12414006,1191.60497291,1214.48622565,1217.33752844
4,"Technicians and Trades Workers-Part time-Females",35.9205690158178,36.30098681847,36.1350680818441,36.4954640592233,40.1559878307092,39.8921399323532,41.3253241801808,39.2581513187517,39.2976805130007,40.2157430990515,41.7034136954183,42.2210367810198,42.9169976068553,41.7730741499001,43.8174374292944,43.1293840952627,44.1963239326725,43.9705300883775,45.7388169760078,46.5862495609731,46.5171717019989,45.6254940313271,45.4791778384493,47.6903252454164,47.7870624319897,46.3214285517938,47.4985552709784,48.0647917713839,48.3306584673729,49.0869141610722,46.9169194981165,49.4816956309503,51.9424397370128,52.0051733600537,51.9175461359261,53.0242070686955,53.1245792215728,52.1494144914126,51.8928817682709,52.2683744617152,53.3112178364006,53.4447717373214,55.0739941805556,54.6449913735439,56.6744580199591,55.1091307575383,56.0069060045609,54.5862912225638,55.4893086684646,55.9957823836923,56.7008125758299,58.434473407032,60.5326905021667,58.8384698508956,59.8706183824322,61.0564860131261,60.7785766680743,61.6869641356693,64.2286618541823,63.9489479621654,64.7995061640177,62.3402022246341,62.5313197316009,62.9418940586416,64.7973871234205,68.100174722215,68.7648885364931,67.4346786142971,68.7586627873217,70.27025269637,71.6279936029954,70.7483446718566,72.5582836364087,72.4744668700183,75.5829877033792,74.9176531315645,77.0605841484288,77.4004101753508,77.4484585295535,80.3059390482253
4,"Technicians and Trades Workers-Part time-Males",33.7809071593765,36.0271499161981,38.8432121673743,40.3678468682481,40.3633520086251,41.2379999747615,40.5842249598896,41.5174801623731,38.7858551662769,39.7370259791504,42.3079809657783,41.6525945285495,41.2964444816136,44.489802518197,45.5538475452269,47.2840224474495,44.1204896501571,48.9366202738898,51.0237283073668,51.1887267359227,52.1522838828532,57.8748381258019,57.667864107328,60.6245018553235,59.4585922384963,59.1742546936208,57.3049707182419,58.795480821034,53.5252701332294,55.5626213990773,58.4959573102128,56.7525939679563,54.6148308454357,57.0226047616309,58.1373666376579,57.7609795572599,56.3814711912452,60.9789833476612,58.8374448341599,58.6702890984958,56.5907101611914,60.0872504509817,59.120628757253,56.620278694054,57.1439439010916,58.6481327202211,61.7416608124952,59.8569018360593,59.6747537504774,62.4864443298744,61.2560942131172,65.160021580462,64.8481342112383,67.5518430061309,68.6816430317616,71.2205839122535,67.9585573411968,69.743744956098,74.4135316057775,76.9224236891309,75.8364486713425,81.8647144244642,82.7701668049359,84.1837553953563,81.7918948431041,86.3746429223373,88.6114773409661,86.6937649199656,82.5418263912135,88.445129370558,90.0866119401391,90.9647128084591,92.2631772776388,94.0320448200147,97.0118802838302,95.675761364429,92.4938963912893,105.444230048688,107.968661140189,105.093248090062
