Level,Description,1,2,3,4,5,6,7,8,9,10,11,12,13,14,15,16,17,18,19,20,21,22,23,24,25,26,27,28,29,30,31,32,33,34,35,36,37,38,39,40,41,42,43,44,45,46,47,48,49,50,51,52,53,54,55,56,57,58,59,60,61,62,63,64,65,66,67,68,69,70,71,72
1,Aggregated,7544.2373046875,7694.8955078125,7651.91943359375,7809.9091796875,7739.21728515625,7846.20556640625,7733.1533203125,7726.9599609375,7627.4609375,7634.369140625,7544.0361328125,7545.6884765625,7511.9775390625,7549.92578125,7479.16064453125,7544.13330078125,7509.998046875,7573.89697265625,7574.3154296875,7676.39892578125,7696.330078125,7796.203125,7800.87744140625,7944.958984375,7894.59033203125,7993.3369140625,7970.93017578125,8078.78759765625,8080.31298828125,8149.9501953125,8131.30029296875,8231.505859375,8219.376953125,8262.822265625,8235.4970703125,8291.14453125,8393.93359375,8476.3701171875,8456.87890625,8535.3671875,8547.73046875,8608.7177734375,8610.94921875,8720.322265625,8737.6396484375,8798.79296875,8795.2548828125,8881.2841796875,8919.9267578125,8983.7021484375,8963.5693359375,9055.576171875,9089.1982421875,9151.251953125,9115.9560546875,9225.2900390625,9223.4140625,9274.8251953125,9251.326171875,9340.2470703125,9430.515625,9510.0322265625,9495.6982421875,9593.5361328125,9622.5234375,9691.8720703125,9677.5234375,9772.03125,9793.671875,9841.9736328125,9816.234375,9905.8369140625
2,Clerical and Administrative Workers,1013.2860107421875,1023.5433959960938,1015.5067749023438,1037.4874267578125,1025.3795166015625,1033.9560546875,1010.8268432617188,1012.7263793945312,1001.7041015625,997.4749755859375,984.678955078125,993.8141479492188,1019.72998046875,1016.4266967773438,1009.6627197265625,1019.792724609375,1019.03515625,1028.4713134765625,1027.10693359375,1038.743408203125,1044.42236328125,1056.267578125,1054.874755859375,1068.429443359375,1079.6063232421875,1085.411865234375,1085.861328125,1096.695068359375,1102.3199462890625,1108.2745361328125,1115.376220703125,1130.637939453125,1133.6810302734375,1136.18408203125,1135.3677978515625,1151.9056396484375,1120.4874267578125,1123.72119140625,1120.606689453125,1139.75830078125,1138.5618896484375,1149.69091796875,1155.9891357421875,1162.75732421875,1173.7744140625,1182.89404296875,1184.4610595703125,1201.70556640625,1215.5574951171875,1229.3692626953125,1231.737060546875,1243.8878173828125,1247.4041748046875,1267.7061767578125,1270.324462890625,1284.6612548828125,1291.537353515625,1303.6434326171875,1303.6824951171875,1316.510009765625,1245.94384765625,1247.1630859375,1252.4010009765625,1261.427001953125,1270.43212890625,1270.81396484375,1277.3463134765625,1287.8736572265625,1296.9840087890625,1305.5662841796875,1312.693603515625,1317.1787109375
2,Community and Personal Service Workers,444.14471435546875,451.4513854980469,451.9689025878906,461.413818359375,461.9326171875,467.3570251464844,463.08477783203125,472.6265869140625,465.58050537109375,469.85137939453125,471.5742492675781,474.7009582519531,489.7722473144531,499.4670104980469,501.12982177734375,508.8671875,510.35595703125,518.010498046875,517.1796875,523.6521606445312,526.8948974609375,534.4939575195312,536.5404663085938,546.5044555664062,539.5285034179688,549.5975952148438,554.9113159179688,566.5906982421875,569.8583984375,578.144775390625,581.9642333984375,598.1465454101562,602.77978515625,611.5286254882812,616.5384521484375,629.7676391601562,659.9432983398438,671.8120727539062,677.48876953125,695.1201171875,701.3366088867188,714.9044799804688,715.193359375,732.2459716796875,739.0787963867188,748.8946533203125,754.283935546875,767.91552734375,718.3433837890625,725.0730590820312,729.136962890625,736.71435546875,741.1060791015625,746.799072265625,751.1696166992188,761.9331665039062,763.8487548828125,771.7752685546875,780.4533081054688,783.2767944335938,798.74755859375,802.5965576171875,801.4583740234375,813.6842651367188,816.0296020507812,829.19384765625,828.6411743164062,837.89111328125,846.4165649414062,848.2538452148438,847.654296875,856.5438842773438
2,Labourers,1041.197998046875,1054.2462158203125,1047.6318359375,1067.574462890625,1060.4024658203125,1065.108642578125,1041.9814453125,1047.712890625,1026.219482421875,1030.0660400390625,1019.19287109375,1024.45751953125,1000.882080078125,994.7315063476562,987.0376586914062,999.2711181640625,997.8038940429688,1008.9429931640625,1011.9219360351562,1029.3240966796875,1039.21484375,1056.751953125,1054.6414794921875,1074.20703125,1032.8619384765625,1046.3929443359375,1039.802734375,1059.3206787109375,1059.2882080078125,1069.8739013671875,1070.6365966796875,1083.9061279296875,1088.3843994140625,1101.7510986328125,1097.96044921875,1119.155517578125,1058.4598388671875,1059.6741943359375,1065.0860595703125,1081.8424072265625,1085.800537109375,1092.184326171875,1095.5699462890625,1111.96533203125,1117.16064453125,1125.25537109375,1129.6907958984375,1145.648681640625,1079.13916015625,1087.7069091796875,1090.621826171875,1097.718017578125,1108.0826416015625,1108.078857421875,1115.996337890625,1124.573974609375,1126.359375,1127.940185546875,1138.62939453125,1145.4779052734375,1096.2823486328125,1106.78125,1109.8472900390625,1121.715087890625,1121.4276123046875,1137.2022705078125,1133.2984619140625,1143.6820068359375,1147.4517822265625,1153.539794921875,1156.740234375,1161.9429931640625
2,Machinery Operators and Drivers,621.3720703125,628.8666381835938,626.9735107421875,638.541259765625,637.3129272460938,642.6717529296875,631.8160400390625,633.9799194335938,623.2355346679688,628.028076171875,624.5452270507812,627.7513427734375,568.9188842773438,568.8280029296875,572.1168212890625,576.1392822265625,576.8994750976562,580.3948974609375,581.95458984375,592.7103881835938,594.6539916992188,605.6863403320312,608.7471923828125,618.1941528320312,592.1705322265625,596.5462646484375,601.676513671875,610.0520629882812,609.4384155273438,621.4708251953125,620.469970703125,633.1873779296875,635.4288330078125,644.9342651367188,647.2382202148438,661.4279174804688,624.8571166992188,628.943115234375,631.7801513671875,639.550048828125,642.1378173828125,645.3262329101562,653.8114013671875,663.5607299804688,663.5643310546875,664.72119140625,670.4085693359375,674.3709106445312,623.84375,624.2882690429688,625.6957397460938,632.10498046875,629.3594360351562,635.0590209960938,633.0245361328125,642.053466796875,644.4171142578125,649.9642333984375,653.132568359375,654.1049194335938,631.5494384765625,632.7384643554688,635.9140625,636.4581298828125,643.0974731445312,645.6311645507812,650.3014526367188,653.203125,653.7230834960938,658.9014892578125,656.35986328125,660.7202758789062
2,Managers,941.4398193359375,956.9733276367188,949.3125610351562,961.6882934570312,955.8273315429688,965.3192138671875,948.0064086914062,945.4821166992188,937.2703857421875,930.9769287109375,921.9262084960938,925.3173828125,954.7941284179688,957.0607299804688,954.4903564453125,968.6276245117188,962.4425048828125,965.960693359375,967.9348754882812,981.6117553710938,978.538330078125,995.2063598632812,993.6104736328125,1005.0198364257812,1005.3185424804688,1012.1012573242188,1015.584228515625,1020.0029296875,1030.3797607421875,1041.4805908203125,1040.416015625,1049.9957275390625,1053.20947265625,1067.8271484375,1067.05615234375,1081.5201416015625,979.9279174804688,988.870361328125,992.906005859375,999.1002807617188,1005.9872436523438,1013.5064086914062,1015.3616333007812,1030.35546875,1033.078369140625,1047.860595703125,1047.1488037109375,1060.9324951171875,1050.4942626953125,1058.887451171875,1057.43505859375,1075.3052978515625,1074.8507080078125,1083.2386474609375,1090.18505859375,1093.3426513671875,1098.84765625,1102.82275390625,1106.517578125,1110.8955078125,1151.7869873046875,1160.416015625,1159.5943603515625,1179.209228515625,1181.1907958984375,1188.7767333984375,1187.8787841796875,1204.6845703125,1213.1854248046875,1214.2117919921875,1212.84033203125,1225.3128662109375
2,Professionals,1162.8487548828125,1179.4906005859375,1172.757080078125,1187.6622314453125,1182.5274658203125,1195.577392578125,1162.719970703125,1163.0804443359375,1139.310791015625,1143.13134765625,1125.2708740234375,1131.503173828125,1268.7198486328125,1279.321044921875,1276.36962890625,1278.0404052734375,1272.64404296875,1284.855712890625,1278.467041015625,1287.20361328125,1287.59912109375,1293.546630859375,1291.60546875,1299.4107666015625,1334.6201171875,1353.649658203125,1350.5469970703125,1359.1402587890625,1358.687255859375,1375.3995361328125,1384.9205322265625,1388.3719482421875,1393.134521484375,1407.462646484375,1406.6611328125,1414.1334228515625,1509.2996826171875,1525.1710205078125,1534.3851318359375,1549.6405029296875,1549.0970458984375,1567.117919921875,1567.1683349609375,1583.1895751953125,1593.434326171875,1609.2176513671875,1596.7374267578125,1619.193115234375,1700.9237060546875,1707.40380859375,1710.642333984375,1731.0150146484375,1727.2083740234375,1743.8294677734375,1746.207275390625,1763.53076171875,1768.2550048828125,1775.6025390625,1776.8272705078125,1788.0596923828125,1860.7916259765625,1878.5511474609375,1878.0958251953125,1884.9425048828125,1899.7247314453125,1918.630615234375,1920.744140625,1929.691162109375,1938.2928466796875,1949.7962646484375,1947.1495361328125,1950.5111083984375
2,Sales Workers,1000.9703979492188,1022.0009765625,1013.8309326171875,1030.0611572265625,1019.8086547851562,1031.31494140625,1008.14208984375,1005.9009399414062,989.097412109375,990.2596435546875,977.8854370117188,987.0621337890625,1048.6348876953125,1042.5660400390625,1044.86279296875,1049.62890625,1044.3236083984375,1059.884765625,1058.1322021484375,1064.237548828125,1068.3662109375,1074.871826171875,1076.2840576171875,1094.9912109375,1093.1181640625,1101.9300537109375,1100.76416015625,1116.8106689453125,1124.23388671875,1128.3564453125,1136.938720703125,1147.0948486328125,1154.0023193359375,1167.7117919921875,1167.3641357421875,1185.7840576171875,1166.5726318359375,1176.894775390625,1172.297119140625,1194.464599609375,1195.4356689453125,1206.9931640625,1210.27392578125,1220.113037109375,1223.054931640625,1238.0472412109375,1238.581298828125,1253.5208740234375,1220.5029296875,1230.914794921875,1234.04443359375,1243.7508544921875,1249.4571533203125,1256.746337890625,1252.8046875,1273.983154296875,1271.4990234375,1285.8345947265625,1291.8642578125,1311.8074951171875,1290.759765625,1294.1624755859375,1293.5234375,1311.304931640625,1316.28515625,1326.4095458984375,1321.4910888671875,1331.4110107421875,1342.9541015625,1349.855712890625,1340.6556396484375,1356.9564208984375
2,Technicians and Trades Workers,1332.030517578125,1347.729736328125,1340.935302734375,1364.6387939453125,1351.30078125,1366.691162109375,1329.2205810546875,1328.431884765625,1310.58251953125,1310.883544921875,1287.67578125,1288.2479248046875,1276.54150390625,1281.7119140625,1276.0797119140625,1287.692626953125,1293.93701171875,1309.33154296875,1310.1536865234375,1324.274658203125,1336.5050048828125,1354.847412109375,1363.3231201171875,1375.4053955078125,1298.637451171875,1311.91796875,1308.3939208984375,1321.5848388671875,1327.0611572265625,1343.4566650390625,1344.19873046875,1355.567626953125,1367.129638671875,1376.13818359375,1373.193603515625,1387.5516357421875,1341.006103515625,1343.7559814453125,1343.8697509765625,1351.7470703125,1370.865966796875,1373.1669921875,1371.3282470703125,1384.7626953125,1397.8902587890625,1409.4595947265625,1410.46533203125,1430.0372314453125,1385.5771484375,1394.42578125,1395.781005859375,1407.2086181640625,1419.96875,1430.93310546875,1427.4412841796875,1449.8927001953125,1456.4453125,1466.28515625,1462.47509765625,1481.7886962890625,1426.747314453125,1428.60302734375,1437.88232421875,1447.850830078125,1455.8372802734375,1458.775146484375,1463.6513671875,1475.2392578125,1482.2823486328125,1488.08935546875,1490.94580078125,1503.2930908203125
3,Clerical and Administrative Workers-Full time,738.6045532226562,750.3095092773438,747.6105346679688,756.0736694335938,760.5169677734375,767.65380859375,746.4357299804688,746.7650146484375,743.4583740234375,741.1813354492188,732.3018798828125,733.0100708007812,715.9124145507812,711.8377075195312,703.6495971679688,699.3306274414062,705.8847045898438,703.9894409179688,700.4478149414062,699.3389282226562,716.5099487304688,710.9278564453125,711.203369140625,717.1802368164062,738.669921875,741.284912109375,744.3771362304688,744.54296875,748.9163208007812,752.563232421875,749.4821166992188,761.833740234375,760.3471069335938,761.485595703125,761.8551635742188,768.7472534179688,748.3786010742188,742.2042236328125,743.3378295898438,752.2980346679688,755.3345947265625,751.8279418945312,750.4673461914062,763.704345703125,764.869384765625,763.8146362304688,766.98779296875,776.8729858398438,799.8040771484375,804.8242797851562,810.273193359375,815.765625,819.1459350585938,824.802001953125,827.5001220703125,831.963134765625,825.8153076171875,838.728271484375,840.1384887695312,837.6392211914062,777.7716674804688,772.50439453125,775.4125366210938,784.0924682617188,786.7408447265625,787.6973266601562,788.9352416992188,792.5588989257812,804.9640502929688,799.2628784179688,805.3228759765625,811.8201904296875
3,Clerical and Administrative Workers-Part time,277.63104248046875,291.3223876953125,290.5206298828125,298.3229675292969,297.52716064453125,312.78887939453125,311.2117004394531,314.7154541015625,310.5923156738281,323.20611572265625,323.2079772949219,329.1176452636719,297.4893493652344,309.69488525390625,306.304443359375,309.7467956542969,304.465576171875,320.3536376953125,315.6782531738281,315.31585693359375,316.6070556640625,327.0370788574219,326.0184020996094,327.0957336425781,333.2225646972656,341.09954833984375,342.9363098144531,348.5111083984375,342.8741760253906,353.96783447265625,360.6785888671875,363.9150695800781,361.086181640625,372.9234313964844,374.48394775390625,382.1567077636719,372.8521728515625,385.04150390625,383.1053466796875,385.1265869140625,387.2372131347656,397.43145751953125,394.75909423828125,400.35986328125,399.40045166015625,413.6145324707031,412.325927734375,421.95294189453125,407.63232421875,424.72161865234375,423.8402404785156,427.5935974121094,421.2379455566406,436.6313781738281,436.92169189453125,443.31866455078125,440.73529052734375,451.5995178222656,450.8739013671875,460.9698486328125,466.30841064453125,477.1275634765625,474.0450134277344,479.7138366699219,475.9501037597656,491.03973388671875,484.2222900390625,492.4913024902344,491.6611328125,503.20806884765625,498.68682861328125,507.096435546875
3,Community and Personal Service Workers-Full time,270.15899658203125,279.42498779296875,282.8052673339844,289.0809631347656,284.3980407714844,299.6275634765625,301.0997619628906,300.6927795410156,296.7666931152344,306.57000732421875,308.8731384277344,316.1351623535156,276.12200927734375,285.6155090332031,285.63427734375,287.284423828125,280.98040771484375,291.40679931640625,293.05743408203125,297.1669921875,293.4963684082031,305.1932373046875,307.41265869140625,309.77667236328125,302.5694274902344,311.58526611328125,307.7932434082031,315.1465148925781,315.4588317871094,324.3060607910156,323.94482421875,332.3878479003906,329.0871276855469,341.9447021484375,345.34051513671875,355.2656555175781,352.7125244140625,355.8814697265625,363.0954895019531,372.7167663574219,367.0005798339844,375.85919189453125,381.90399169921875,388.6137390136719,384.995361328125,392.9882507324219,394.78302001953125,407.9628601074219,365.7510986328125,368.5722961425781,366.0897521972656,370.7781066894531,368.94830322265625,374.9637756347656,379.55792236328125,384.6000671386719,385.1172790527344,394.9705505371094,395.48016357421875,397.55291748046875,401.09405517578125,406.94140625,409.01092529296875,414.7323913574219,414.1305236816406,421.51275634765625,424.2156066894531,432.9898376464844,431.8182678222656,442.2419738769531,444.7509460449219,454.28485107421875
3,Community and Personal Service Workers-Part time,168.73672485351562,179.68101501464844,180.45603942871094,187.5082244873047,183.70913696289062,192.17466735839844,191.70248413085938,198.8597869873047,192.41683959960938,199.096435546875,205.109130859375,207.93081665039062,210.55078125,221.20175170898438,224.37640380859375,228.39010620117188,222.56199645996094,234.72140502929688,235.765869140625,240.7367401123047,235.99990844726562,247.69192504882812,249.96299743652344,255.3079071044922,237.3972930908203,249.0464630126953,248.35568237304688,258.4268493652344,250.6004180908203,262.04022216796875,267.6295471191406,273.2144470214844,267.5592346191406,280.0962219238281,281.7344055175781,290.6479187011719,304.6403503417969,317.56317138671875,315.90350341796875,329.2822265625,322.8699645996094,335.4674377441406,332.8642883300781,345.72320556640625,342.87225341796875,354.4955749511719,352.9476318359375,362.125244140625,350.36383056640625,370.501220703125,371.3019714355469,370.1374816894531,366.3898010253906,391.87408447265625,392.2796325683594,396.6056213378906,391.52728271484375,411.53607177734375,417.693359375,417.1880798339844,393.01116943359375,407.6282653808594,412.0516357421875,415.272216796875,407.3501892089844,421.2718505859375,425.53448486328125,428.9699401855469,425.805908203125,444.15643310546875,442.69769287109375,444.5115661621094
3,Labourers-Full time,755.7057495117188,757.66162109375,750.327392578125,770.3367919921875,770.593994140625,775.45703125,750.6487426757812,761.4881591796875,752.1455078125,751.6444091796875,738.1901245117188,741.2318725585938,662.8607788085938,663.3803100585938,638.130859375,645.7067260742188,651.2530517578125,648.28515625,629.879638671875,645.874267578125,660.7870483398438,653.4932250976562,656.4573364257812,673.4737548828125,673.4972534179688,678.18896484375,674.5612182617188,687.8287963867188,684.285400390625,692.1835327148438,682.5477294921875,698.6979370117188,696.0516967773438,706.1145629882812,699.968017578125,715.4351196289062,664.0499267578125,667.8921508789062,660.0538330078125,670.38232421875,671.0074462890625,673.7457885742188,674.2383422851562,682.2606811523438,685.7086181640625,690.5287475585938,689.1504516601562,697.3085327148438,666.3881225585938,670.2965087890625,667.5055541992188,669.3330688476562,673.3338623046875,676.9363403320312,682.3690795898438,684.8917846679688,690.5289916992188,692.9757690429688,694.8348999023438,699.9894409179688,654.5123901367188,652.6004028320312,652.5646362304688,655.8764038085938,665.4293823242188,663.4970092773438,664.2760009765625,671.096435546875,667.8397216796875,674.4664306640625,673.1925048828125,683.0706176757812
3,Labourers-Part time,299.8876037597656,313.949951171875,313.67608642578125,324.5704345703125,321.18792724609375,336.4120178222656,328.52398681640625,336.8570251464844,328.354736328125,338.4697265625,339.0613708496094,346.72564697265625,333.3553771972656,342.53033447265625,337.7298583984375,346.8537902832031,335.6986999511719,347.74920654296875,346.2010498046875,354.5701904296875,345.31378173828125,352.9745788574219,351.71356201171875,357.85028076171875,364.58795166015625,371.35955810546875,371.56683349609375,378.1138000488281,375.0377197265625,382.94830322265625,387.1968688964844,392.02984619140625,392.34136962890625,402.3736572265625,406.2984924316406,408.79193115234375,385.2670593261719,391.14263916015625,395.29022216796875,401.5665283203125,393.1344909667969,405.0621337890625,405.85137939453125,415.1172180175781,407.8075256347656,416.1609802246094,418.3992614746094,429.08929443359375,405.7677001953125,419.0772705078125,416.63958740234375,421.0088806152344,418.7166748046875,428.3329772949219,430.9749755859375,433.6029052734375,433.3807373046875,445.4344177246094,449.453125,448.2708435058594,454.7189636230469,460.98297119140625,463.0964660644531,468.9376525878906,464.8887939453125,479.9106750488281,481.51702880859375,482.9958801269531,482.57574462890625,496.1890563964844,497.5737609863281,501.83221435546875
3,Machinery Operators and Drivers-Full time,570.3677978515625,580.571533203125,577.6931762695312,590.5737915039062,585.1195068359375,600.5258178710938,586.5652465820312,589.0692749023438,582.5540771484375,591.1329345703125,583.834716796875,581.9642944335938,506.87841796875,507.4228210449219,503.41876220703125,500.2103271484375,500.8353576660156,499.9840087890625,496.9732360839844,498.75091552734375,501.0439147949219,506.6294860839844,503.29833984375,508.74786376953125,518.2638549804688,521.4473266601562,521.3690795898438,533.5278930664062,530.4070434570312,532.5232543945312,536.6439819335938,539.802490234375,541.0845947265625,546.9514770507812,546.8890991210938,553.7698974609375,541.1094360351562,542.8359375,548.8037109375,555.2811889648438,549.9812622070312,550.5765380859375,554.31298828125,558.1937255859375,558.6390380859375,563.7548217773438,560.535888671875,567.3470458984375,528.6469116210938,537.0216064453125,536.0443725585938,544.4473876953125,542.1741943359375,548.9109497070312,548.8923950195312,550.5321655273438,551.783935546875,562.0303955078125,562.3298950195312,565.515869140625,536.8143310546875,545.1424560546875,539.8240356445312,546.5422973632812,544.7620849609375,556.1444091796875,551.091064453125,552.3478393554688,558.110107421875,566.5548706054688,562.3173828125,566.039306640625
3,Machinery Operators and Drivers-Part time,51.874298095703125,55.62141036987305,56.235511779785156,59.4669303894043,56.1310920715332,59.49729919433594,60.15222930908203,60.306060791015625,58.3857536315918,60.93731689453125,60.31326675415039,61.76929473876953,59.195255279541016,62.796783447265625,63.46638870239258,65.53377532958984,62.76055145263672,65.33728790283203,66.68775177001953,68.2010726928711,65.22671508789062,67.71881866455078,68.44864654541016,71.2044448852539,70.02265167236328,73.87175750732422,76.62197875976562,77.84011840820312,73.7044677734375,77.71192169189453,78.8829574584961,81.02901458740234,79.31608581542969,81.75301361083984,83.04943084716797,84.91587829589844,80.3960952758789,83.8155288696289,87.1331787109375,88.82860565185547,86.9200439453125,90.40726470947266,91.35276794433594,95.7845230102539,92.64752197265625,94.78418731689453,95.3870620727539,99.6065444946289,86.79163360595703,89.97077941894531,88.97753143310547,92.53772735595703,92.57197570800781,95.58039855957031,96.08362579345703,99.41048431396484,97.3255386352539,100.06298828125,101.35342407226562,103.52239227294922,94.42798614501953,100.47025299072266,102.1748046875,103.41498565673828,102.46659851074219,106.81080627441406,110.91563415527344,110.88140869140625,110.36116027832031,116.9937515258789,116.54513549804688,118.29114532470703
3,Managers-Full time,830.134521484375,838.354736328125,840.2717895507812,854.6099853515625,850.0535278320312,861.6183471679688,837.0951538085938,838.0050659179688,830.77001953125,823.5739135742188,815.6353149414062,815.3723754882812,836.5009765625,829.59375,823.6795043945312,828.9031372070312,830.6221923828125,829.3412475585938,819.0387573242188,831.8240966796875,831.2293701171875,824.4717407226562,832.2842407226562,838.521484375,867.6550903320312,864.9319458007812,872.2488403320312,875.7770385742188,877.9286499023438,880.6253051757812,882.9598999023438,891.7117919921875,887.859130859375,884.8561401367188,890.360595703125,899.5114135742188,899.6268310546875,893.250244140625,900.0838623046875,901.73046875,919.8447875976562,915.4382934570312,912.766845703125,921.5724487304688,921.3935546875,923.6680908203125,917.5136108398438,930.157470703125,947.9022216796875,943.6298828125,948.2777709960938,959.9613647460938,962.5991821289062,960.8478393554688,963.60009765625,973.184814453125,975.5783081054688,971.3702392578125,969.9830932617188,985.814697265625,1026.828125,1029.0609130859375,1022.9266357421875,1037.9786376953125,1044.9122314453125,1047.6767578125,1043.0205078125,1056.7081298828125,1060.9227294921875,1057.572265625,1059.1259765625,1071.4501953125
3,Managers-Part time,115.32267761230469,122.8262710571289,124.10194396972656,126.33529663085938,125.89734649658203,133.47848510742188,133.76161193847656,135.67221069335938,131.38377380371094,137.81166076660156,141.1232147216797,143.64532470703125,126.36653137207031,133.0072784423828,130.6082000732422,136.4116668701172,134.62515258789062,139.55526733398438,137.5660858154297,146.90264892578125,142.62803649902344,147.96856689453125,149.6579132080078,156.59573364257812,137.63169860839844,142.7755889892578,144.211181640625,148.42149353027344,145.67359924316406,151.35690307617188,154.81805419921875,159.08377075195312,157.02920532226562,161.1432647705078,166.4112548828125,172.33180236816406,89.85355377197266,97.99047088623047,90.41881561279297,92.41471099853516,92.42806243896484,97.40380096435547,96.41431427001953,97.58946228027344,99.09160614013672,107.73058319091797,107.83567810058594,109.35577392578125,104.80061340332031,109.32561492919922,112.72140502929688,114.68897247314453,111.64324188232422,117.2658920288086,118.67972564697266,124.2437973022461,120.4957046508789,125.44600677490234,127.23416137695312,130.5411834716797,127.0001449584961,133.59176635742188,132.0227508544922,135.69281005859375,134.23065185546875,140.91062927246094,141.2788543701172,146.11216735839844,144.02981567382812,150.68850708007812,152.0614013671875,155.73480224609375
3,Professionals-Full time,981.6112060546875,989.151611328125,986.4915161132812,992.7774658203125,997.0513916015625,1002.5645141601562,972.10400390625,972.7925415039062,964.6435546875,957.1985473632812,938.3764038085938,942.8976440429688,1034.396240234375,1024.7469482421875,1034.6346435546875,1025.2086181640625,1026.3831787109375,1010.3153076171875,1016.486572265625,1016.6932983398438,1033.0885009765625,1015.7332153320312,1023.5253295898438,1037.804443359375,1087.4857177734375,1081.595458984375,1085.060546875,1094.36572265625,1098.275390625,1090.14306640625,1102.1522216796875,1115.800048828125,1118.25732421875,1103.6005859375,1102.611083984375,1120.814208984375,1213.381591796875,1209.172119140625,1210.215087890625,1224.9852294921875,1227.4886474609375,1219.2666015625,1227.15966796875,1238.7767333984375,1236.3182373046875,1224.3145751953125,1232.745361328125,1252.7554931640625,1359.4451904296875,1356.0848388671875,1362.1875,1366.2181396484375,1382.5479736328125,1366.27392578125,1370.8565673828125,1382.7603759765625,1405.775634765625,1381.7896728515625,1389.0771484375,1400.3114013671875,1467.46875,1443.228515625,1441.227294921875,1461.129150390625,1486.3189697265625,1469.15673828125,1462.658935546875,1483.67578125,1503.414306640625,1483.781494140625,1484.1229248046875,1503.08837890625
3,Professionals-Part time,188.36822509765625,200.5942840576172,205.88397216796875,209.73248291015625,201.77615356445312,218.5381317138672,221.52163696289062,222.45530700683594,214.21153259277344,225.8671112060547,228.1998748779297,233.20620727539062,228.85653686523438,245.1790008544922,248.8321075439453,250.04937744140625,243.122314453125,257.71783447265625,262.2716979980469,263.684814453125,255.53225708007812,268.1442565917969,270.1478271484375,276.2970886230469,241.3468475341797,257.9986572265625,265.1580505371094,263.9847412109375,252.431884765625,269.9090270996094,274.2575988769531,277.41387939453125,269.25787353515625,282.7839660644531,285.631591796875,292.47418212890625,292.8734130859375,313.931884765625,315.47540283203125,321.3878173828125,313.2665100097656,328.4809875488281,333.33843994140625,339.26153564453125,329.7236328125,344.27813720703125,351.1800231933594,352.3438415527344,331.7460021972656,349.5478515625,354.29901123046875,357.6906433105469,354.19683837890625,368.49847412109375,373.81683349609375,380.86846923828125,373.5093688964844,388.4280090332031,395.2485046386719,402.2706298828125,406.1185607910156,426.8208923339844,435.2564392089844,435.5407409667969,427.7987365722656,442.98101806640625,452.4934387207031,454.4382019042969,450.6321716308594,471.08795166015625,476.2474670410156,479.9452209472656
3,Sales Workers-Full time,696.6557006835938,703.1766967773438,697.8162231445312,710.9570922851562,714.2168579101562,722.435791015625,695.7683715820312,696.6636962890625,698.1231689453125,697.8124389648438,688.4273681640625,690.2357177734375,679.1484375,678.556640625,670.5504150390625,675.2041625976562,672.8836059570312,669.89111328125,667.9481201171875,671.73828125,672.0802612304688,674.4546508789062,677.3050537109375,686.3801879882812,682.1805419921875,682.6070556640625,680.7607421875,693.6879272460938,692.9454345703125,696.9138793945312,696.1572265625,705.984130859375,701.1006469726562,704.4216918945312,709.5494384765625,713.2837524414062,672.540771484375,669.9085693359375,656.883056640625,667.5328369140625,676.2734985351562,676.0498657226562,671.5603637695312,682.2073364257812,690.5487060546875,693.2572631835938,693.6948852539062,705.6987915039062,691.8931274414062,687.490234375,691.7166748046875,694.8115234375,699.35107421875,700.4832763671875,705.6550903320312,720.263427734375,721.666748046875,718.2742309570312,713.2379760742188,729.5380859375,679.0166625976562,687.3893432617188,680.7193603515625,688.5715942382812,693.6104736328125,698.413818359375,697.1842651367188,702.4868774414062,706.273193359375,712.9017333984375,705.72802734375,710.65185546875
3,Sales Workers-Part time,320.7774353027344,330.1756286621094,333.7413330078125,347.6625671386719,339.89300537109375,349.9805603027344,349.67071533203125,354.9082336425781,347.9881591796875,360.2437744140625,362.4521789550781,368.04937744140625,365.52264404296875,371.7756652832031,376.9518737792969,379.79144287109375,374.7473449707031,382.5985412597656,384.06158447265625,391.8349914550781,384.3648986816406,392.0728454589844,394.6456604003906,398.77130126953125,406.038818359375,422.6828308105469,420.7224426269531,428.5700378417969,420.2138671875,439.1881408691406,437.3218994140625,444.8474426269531,436.6960144042969,454.4530334472656,454.62188720703125,464.3924255371094,497.5576171875,509.9608154296875,513.145263671875,523.0293579101562,518.5245361328125,531.2073974609375,532.4252319335938,545.1879272460938,538.9431762695312,559.1500854492188,556.3449096679688,562.6469116210938,529.9143676757812,544.5496826171875,541.1992797851562,547.8314208984375,544.9292602539062,557.6091918945312,557.0640258789062,557.5111694335938,557.0955200195312,570.5186157226562,570.2515258789062,571.6351318359375,604.0578002929688,619.7354125976562,620.0383911132812,625.0067749023438,622.1983032226562,630.203369140625,631.105224609375,633.8707885742188,628.4102783203125,641.316650390625,639.4151000976562,643.8843994140625
3,Technicians and Trades Workers-Full time,1262.025390625,1265.8544921875,1264.0283203125,1274.4425048828125,1275.365966796875,1274.5743408203125,1245.25341796875,1234.4351806640625,1227.8875732421875,1212.288330078125,1195.6590576171875,1193.327880859375,1181.1221923828125,1154.3306884765625,1150.069091796875,1152.54248046875,1169.3646240234375,1150.559326171875,1150.795654296875,1165.1334228515625,1186.5352783203125,1173.7752685546875,1182.27587890625,1193.50390625,1201.2288818359375,1188.3997802734375,1183.8243408203125,1198.4635009765625,1209.6673583984375,1195.06884765625,1194.78515625,1222.52978515625,1226.5830078125,1210.16845703125,1211.9835205078125,1227.067626953125,1234.98095703125,1221.9493408203125,1218.055419921875,1227.43408203125,1244.756103515625,1228.1986083984375,1222.011962890625,1240.264892578125,1260.6143798828125,1244.082275390625,1248.937255859375,1260.56494140625,1256.941162109375,1256.493408203125,1254.462890625,1267.52880859375,1274.9483642578125,1273.2601318359375,1275.439453125,1278.727294921875,1292.03369140625,1280.91455078125,1282.790771484375,1293.7113037109375,1280.1982421875,1280.068603515625,1279.0828857421875,1293.4876708984375,1308.947509765625,1299.1982421875,1293.8438720703125,1316.2911376953125,1330.47802734375,1311.1739501953125,1314.3656005859375,1332.3402099609375
3,Technicians and Trades Workers-Part time,76.35366821289062,81.11846160888672,82.01033020019531,86.31319427490234,83.83687591552734,88.68475341796875,87.90128326416016,90.11299133300781,86.87714385986328,91.2285385131836,91.30702209472656,93.82134246826172,97.40702056884766,103.73480987548828,104.41120910644531,107.98896026611328,103.31742095947266,109.40088653564453,111.16426849365234,114.12806701660156,110.1351547241211,115.24992370605469,116.1125259399414,119.41461944580078,104.38627624511719,108.46114349365234,113.4058609008789,113.32997131347656,111.99200439453125,117.36528778076172,118.7208251953125,122.0900650024414,117.12413787841797,124.15070343017578,127.01500701904297,130.8340301513672,115.47147369384766,119.43312072753906,121.48627471923828,125.0314712524414,122.44115447998047,126.4322280883789,129.5900115966797,134.83193969726562,129.2172088623047,136.1901092529297,137.9178924560547,143.14447021484375,126.83122253417969,135.1588592529297,136.79214477539062,139.69906616210938,137.13343811035156,144.8935089111328,146.8511199951172,150.8360595703125,147.2913360595703,156.38543701171875,157.68321228027344,161.32569885253906,151.7351531982422,161.59751892089844,160.9611053466797,163.4459686279297,163.19688415527344,172.8901824951172,172.16598510742188,176.4336395263672,175.81260681152344,186.32818603515625,186.38461303710938,190.77574157714844
4,Clerical and Administrative Workers-Full time-Females,551.73486328125,556.1073608398438,552.9344482421875,556.7667846679688,555.369140625,556.7098999023438,542.9580078125,544.706787109375,538.9059448242188,536.4512329101562,526.3992919921875,523.9893798828125,537.7713623046875,531.2329711914062,527.3341674804688,528.65234375,532.3051147460938,526.6531982421875,523.23388671875,522.578857421875,531.2017211914062,530.5427856445312,531.1930541992188,534.2479248046875,560.754638671875,562.8917236328125,558.0772705078125,563.9860229492188,565.4049682617188,568.0424194335938,563.5848999023438,572.5001831054688,569.81884765625,575.8981323242188,571.0445556640625,580.0865478515625,576.9004516601562,572.7584228515625,575.105224609375,577.4244384765625,578.5172119140625,572.1597900390625,578.4407348632812,587.2522583007812,588.8859252929688,585.4354858398438,588.5684814453125,593.5091552734375,625.232177734375,625.7343139648438,627.2006225585938,633.0936279296875,631.4470825195312,637.2896118164062,638.6633911132812,644.3350830078125,638.308349609375,640.70751953125,639.427978515625,642.1436157226562,597.2324829101562,588.060546875,592.9404907226562,596.1516723632812,604.9833984375,604.8032836914062,600.5869750976562,606.82080078125,606.7833251953125,610.7454833984375,606.7625122070312,613.940185546875
4,Clerical and Administrative Workers-Full time-Males,180.89646911621094,182.95387268066406,183.61190795898438,187.8509063720703,190.05026245117188,190.53651428222656,188.10279846191406,188.3834991455078,189.71250915527344,190.57440185546875,187.40684509277344,191.94473266601562,173.6635284423828,174.46063232421875,172.1243133544922,169.71922302246094,172.1711883544922,174.6070556640625,171.5140838623047,170.72866821289062,172.4700469970703,176.27734375,177.07537841796875,175.97372436523438,178.2959442138672,182.16270446777344,179.81080627441406,181.20314025878906,184.14834594726562,187.39535522460938,184.8639678955078,186.77130126953125,187.38543701171875,191.5648956298828,190.672119140625,192.12686157226562,172.42767333984375,170.2284393310547,167.72840881347656,172.1772003173828,172.5345458984375,172.4422607421875,173.29885864257812,175.5703887939453,174.6409149169922,179.139892578125,175.73385620117188,180.2639923095703,179.36639404296875,179.2064208984375,179.4768524169922,182.49676513671875,183.2684783935547,185.43165588378906,184.59425354003906,188.9514617919922,187.721435546875,189.97921752929688,189.7134552001953,194.37208557128906,181.69277954101562,181.08865356445312,180.70591735839844,183.45423889160156,182.00173950195312,183.30885314941406,185.11590576171875,186.82437133789062,187.76768493652344,189.7971954345703,191.6999969482422,192.096435546875
4,Clerical and Administrative Workers-Part time-Females,265.8693542480469,273.4795837402344,274.3153076171875,277.8847961425781,274.0943908691406,284.65130615234375,278.2571105957031,282.54901123046875,276.6708984375,279.68463134765625,278.3310852050781,280.76104736328125,284.90118408203125,286.0219421386719,284.3218688964844,283.0509033203125,285.0384521484375,289.6964416503906,285.4993896484375,287.4295959472656,286.8941345214844,289.51611328125,286.340087890625,290.39886474609375,316.4766845703125,322.73236083984375,319.6409606933594,325.92803955078125,323.9966125488281,328.56396484375,327.489501953125,332.943603515625,330.7692565917969,331.75738525390625,333.0610656738281,334.45025634765625,354.7698974609375,360.7281494140625,356.5957946777344,361.3285217285156,360.1082458496094,366.5268249511719,362.75799560546875,364.22137451171875,364.83673095703125,369.54693603515625,371.1407470703125,370.79248046875,390.18365478515625,398.2386169433594,396.55621337890625,399.6238708496094,397.6752624511719,406.9772033691406,402.75970458984375,403.2421569824219,405.41119384765625,409.15533447265625,407.9583740234375,415.5998840332031,433.06243896484375,443.9253845214844,440.4864501953125,442.01837158203125,443.232177734375,449.5064392089844,442.9393615722656,449.9845275878906,450.6517639160156,453.27288818359375,455.9142761230469,459.39300537109375
4,Clerical and Administrative Workers-Part time-Males,8.77993106842041,9.765694618225098,9.585235595703125,10.222297668457031,9.984015464782715,10.944767951965332,10.2869873046875,11.04771614074707,10.378440856933594,11.14159107208252,10.85677719116211,10.87332534790039,12.481131553649902,13.363868713378906,13.473258972167969,13.166120529174805,13.132613182067871,14.16445255279541,14.949445724487305,13.900444984436035,13.72128677368164,14.44646167755127,14.686614990234375,14.321890830993652,15.824319839477539,16.426694869995117,16.765676498413086,16.449317932128906,16.18167495727539,16.983421325683594,17.77482795715332,17.528182983398438,17.060144424438477,18.418861389160156,18.768321990966797,18.698040008544922,16.37372589111328,18.17685890197754,17.583206176757812,18.081634521484375,17.410093307495117,19.112926483154297,18.75343132019043,19.897565841674805,18.332500457763672,19.96987533569336,20.123445510864258,21.068185806274414,20.693313598632812,22.519617080688477,23.85865020751953,22.198177337646484,21.504013061523438,23.477903366088867,24.895784378051758,23.961217880249023,23.020912170410156,25.472578048706055,26.7664737701416,24.933391571044922,24.06477928161621,26.322505950927734,26.318315505981445,26.449010848999023,26.789913177490234,27.684051513671875,27.125905990600586,26.84090805053711,26.01388168334961,27.924434661865234,28.114051818847656,27.922849655151367
4,Community and Personal Service Workers-Full time-Females,126.42127227783203,131.85488891601562,135.00038146972656,136.56483459472656,136.1510772705078,140.97511291503906,141.97825622558594,144.5890350341797,138.4017333984375,143.38070678710938,145.72532653808594,146.53237915039062,129.87115478515625,133.27838134765625,132.02459716796875,131.57029724121094,131.0160675048828,133.8162078857422,135.38819885253906,133.15911865234375,133.51026916503906,135.8192901611328,136.31829833984375,141.10646057128906,155.36001586914062,159.46363830566406,155.05015563964844,160.82855224609375,158.8434295654297,165.43898010253906,163.20828247070312,167.41539001464844,166.35911560058594,170.6639404296875,170.08795166015625,172.6156005859375,184.03614807128906,189.8676300048828,190.94178771972656,194.1836700439453,191.53965759277344,195.992919921875,193.89041137695312,200.51437377929688,198.41278076171875,201.51553344726562,204.10777282714844,203.01698303222656,192.78738403320312,191.78305053710938,190.23617553710938,195.03585815429688,193.4920654296875,193.44091796875,195.48915100097656,198.17132568359375,198.34869384765625,201.03057861328125,199.23568725585938,205.36737060546875,210.81661987304688,214.12205505371094,214.77890014648438,218.05068969726562,213.6597137451172,218.45782470703125,217.6161651611328,221.38011169433594,216.939208984375,220.35867309570312,219.19200134277344,223.21827697753906
4,Community and Personal Service Workers-Full time-Males,141.3799591064453,144.287109375,150.31195068359375,152.08274841308594,151.9915313720703,156.09617614746094,157.67904663085938,153.65005493164062,152.4506072998047,155.85302734375,156.1063690185547,159.01806640625,144.697998046875,144.38490295410156,145.769287109375,145.8499755859375,144.31480407714844,146.36770629882812,144.25137329101562,145.28375244140625,145.3699493408203,150.7484588623047,150.1166534423828,148.98948669433594,146.66824340820312,147.76101684570312,147.74398803710938,149.7643585205078,148.1825714111328,151.98370361328125,148.3779296875,150.7064971923828,152.77969360351562,153.28005981445312,152.83560180664062,155.13140869140625,166.55337524414062,167.28233337402344,169.37948608398438,174.28965759277344,171.8302001953125,175.0138397216797,176.65695190429688,177.07235717773438,176.3537139892578,179.1522979736328,180.89315795898438,185.3287811279297,171.84878540039062,171.2666473388672,169.97689819335938,170.7242431640625,173.209228515625,175.80050659179688,172.5553741455078,173.17877197265625,175.58689880371094,177.49954223632812,176.19659423828125,179.91015625,186.3056640625,185.22854614257812,186.36920166015625,188.4860076904297,190.50930786132812,190.33766174316406,189.18312072753906,192.49951171875,193.07020568847656,196.50633239746094,192.8377685546875,197.1292724609375
4,Community and Personal Service Workers-Part time-Females,143.36766052246094,151.602294921875,151.04891967773438,153.09738159179688,151.65496826171875,158.77658081054688,156.21206665039062,156.91822814941406,154.64955139160156,158.92491149902344,158.86375427246094,158.0586395263672,176.17298889160156,180.79957580566406,180.4332733154297,183.5272216796875,179.227294921875,185.1363067626953,184.94830322265625,187.8581085205078,185.74386596679688,191.61935424804688,187.99090576171875,192.9005584716797,191.77870178222656,197.57444763183594,197.9723663330078,204.62171936035156,197.31576538085938,204.93280029296875,204.19676208496094,208.38819885253906,203.5940399169922,207.2009735107422,209.36334228515625,212.5323028564453,242.2706298828125,248.19468688964844,248.23410034179688,254.6011505126953,253.28900146484375,256.8804626464844,254.13235473632812,263.65887451171875,258.5848693847656,264.4382629394531,264.5736083984375,271.8783264160156,284.2023620605469,294.3487548828125,289.7869873046875,290.81494140625,291.90228271484375,302.2147521972656,302.684814453125,302.48089599609375,301.2733459472656,306.96197509765625,308.9153137207031,308.9080810546875,321.68499755859375,326.7477111816406,326.3497314453125,328.24932861328125,328.1834716796875,331.44677734375,330.5456237792969,331.5299987792969,332.7863464355469,337.84326171875,334.3051452636719,341.5979919433594
4,Community and Personal Service Workers-Part time-Males,25.246129989624023,27.32840919494629,28.49930191040039,28.934764862060547,29.302522659301758,30.269744873046875,30.656902313232422,31.355619430541992,30.36566925048828,32.19000244140625,32.44693374633789,32.840309143066406,35.55037307739258,37.73788070678711,37.80012512207031,39.431640625,37.3657112121582,39.873626708984375,40.39805603027344,41.6783447265625,40.85808563232422,41.555091857910156,43.25505447387695,43.931034088134766,43.755821228027344,44.94126510620117,44.9089241027832,46.40083312988281,45.185428619384766,47.51589584350586,47.8509521484375,47.988426208496094,47.62150573730469,48.77117919921875,49.69480514526367,50.36796951293945,58.292606353759766,62.10346984863281,61.46910095214844,62.03269958496094,61.877830505371094,65.60302734375,64.51286315917969,65.85298156738281,64.5047378540039,67.91486358642578,66.2986831665039,67.19751739501953,65.74777221679688,69.42835235595703,70.96588897705078,70.9906234741211,68.67571258544922,71.67108154296875,72.83995819091797,71.41699981689453,70.34381866455078,72.89341735839844,74.29849243164062,73.86092376708984,72.3936538696289,77.46883392333984,76.62537384033203,77.50480651855469,75.2512435913086,79.61886596679688,78.27099609375,78.76013946533203,78.42420196533203,79.7760009765625,80.60477447509766,80.77458953857422
4,Labourers-Full time-Females,169.5257568359375,173.76846313476562,175.2630615234375,179.50531005859375,178.01441955566406,182.84271240234375,180.3949432373047,182.89511108398438,181.79977416992188,183.55050659179688,183.67295837402344,187.19821166992188,160.56846618652344,161.319091796875,153.7428436279297,156.8673095703125,155.7749786376953,155.70753479003906,151.751220703125,153.80776977539062,153.6388702392578,154.1206817626953,153.7348175048828,157.431396484375,156.7261199951172,159.54843139648438,159.71914672851562,164.607421875,163.09786987304688,165.40586853027344,163.9867706298828,167.01622009277344,165.896484375,171.0523223876953,169.7943878173828,173.5853271484375,153.11102294921875,155.69009399414062,151.97654724121094,154.5524444580078,154.48233032226562,155.9794921875,154.16317749023438,154.75311279296875,154.78038024902344,157.09210205078125,156.33790588378906,160.38731384277344,157.63140869140625,158.54969787597656,160.635986328125,162.241943359375,160.96072387695312,162.68643188476562,164.31744384765625,163.7644500732422,163.33047485351562,167.63433837890625,168.2723388671875,168.0731201171875,148.1580047607422,151.10452270507812,149.56625366210938,148.34906005859375,148.23873901367188,152.1812286376953,149.1172637939453,149.5972137451172,151.6949005126953,155.0572967529297,151.75949096679688,154.38626098632812
4,Labourers-Full time-Males,575.0623779296875,576.0647583007812,571.4498291015625,581.8983154296875,579.4761352539062,573.6376953125,564.359375,567.0103759765625,563.22607421875,553.871337890625,547.6198120117188,551.9695434570312,504.5949401855469,501.7060241699219,487.9110412597656,488.41693115234375,493.3486022949219,493.8485412597656,483.9875793457031,491.0455017089844,501.3875427246094,501.4715576171875,497.7490539550781,506.19256591796875,517.092041015625,519.5723266601562,509.0085754394531,519.6183471679688,517.9821166992188,523.8347778320312,517.3682250976562,528.9561767578125,528.6643676757812,528.0913696289062,528.1622314453125,532.8536987304688,516.7066040039062,516.1878662109375,505.0982360839844,513.3380737304688,520.3115844726562,524.786376953125,522.1441650390625,526.740234375,527.7509155273438,531.9324340820312,532.393798828125,538.7401733398438,512.3687744140625,512.1217041015625,512.7407836914062,518.6583251953125,522.2373046875,524.5575561523438,523.1075439453125,529.48486328125,533.560791015625,532.7752075195312,535.0039672851562,539.8684692382812,506.23486328125,503.6824951171875,503.62432861328125,511.60137939453125,514.3123168945312,514.1923828125,519.8543090820312,528.5033569335938,525.2032470703125,528.9031982421875,532.0989990234375,536.0817260742188
4,Labourers-Part time-Females,200.8842010498047,205.9065399169922,206.63137817382812,210.63169860839844,209.42913818359375,213.93185424804688,211.8740234375,215.41839599609375,212.32916259765625,212.6712188720703,214.2614288330078,215.08758544921875,206.84011840820312,208.94140625,206.80557250976562,208.31698608398438,205.1259002685547,206.31097412109375,204.8085174560547,206.77542114257812,208.18417358398438,210.0615234375,209.24281311035156,213.66860961914062,216.78448486328125,219.7646484375,217.3056182861328,223.0428466796875,223.63525390625,226.05238342285156,222.10406494140625,227.6268768310547,227.4241943359375,230.97303771972656,231.16827392578125,233.42300415039062,213.111083984375,214.00331115722656,209.91575622558594,215.00697326660156,214.35023498535156,213.862060546875,213.07347106933594,218.335693359375,215.94256591796875,217.2721710205078,218.09646606445312,222.9085693359375,219.32882690429688,224.66432189941406,222.8863067626953,226.8763885498047,224.64138793945312,227.2880859375,223.03421020507812,227.1561279296875,229.33319091796875,231.98069763183594,231.26419067382812,231.8596649169922,232.93890380859375,237.02682495117188,237.2067108154297,239.98985290527344,238.53147888183594,240.95486450195312,238.67958068847656,241.49949645996094,240.13388061523438,247.88742065429688,243.54579162597656,246.3582305908203
4,Labourers-Part time-Males,98.93767547607422,103.4793472290039,106.0015869140625,107.55389404296875,105.94410705566406,112.09576416015625,110.57274627685547,112.75484466552734,110.16613006591797,115.12149047851562,113.42115783691406,115.87532806396484,125.44635009765625,129.900146484375,129.0292205810547,132.8341522216797,130.40968322753906,135.57655334472656,133.61849975585938,137.06297302246094,136.52603149414062,138.07150268554688,140.38278198242188,144.97689819335938,147.0206756591797,149.96896362304688,152.98898315429688,155.00811767578125,150.5486297607422,154.61294555664062,158.34136962890625,161.86984252929688,161.23178100585938,164.36119079589844,166.06753540039062,167.970703125,173.32054138183594,176.27841186523438,181.01840209960938,184.81753540039062,178.95721435546875,182.92762756347656,185.31956481933594,191.6076202392578,185.66729736328125,191.37571716308594,192.4389190673828,198.45220947265625,185.13140869140625,190.70155334472656,189.20518493652344,188.2677001953125,189.5095977783203,194.38754272460938,194.31900024414062,195.8240966796875,195.0083465576172,200.13165283203125,199.47918701171875,200.3483428955078,215.60009765625,221.1272430419922,225.17221069335938,224.3737335205078,222.60714721679688,229.0411376953125,231.12094116210938,235.79762268066406,230.084228515625,236.66604614257812,239.9470977783203,242.168212890625
4,Machinery Operators and Drivers-Full time-Females,76.01537322998047,79.63574981689453,80.6058349609375,82.84169006347656,83.53369903564453,86.59911346435547,85.69549560546875,88.11087036132812,86.59600830078125,89.42656707763672,89.86925506591797,92.60401153564453,66.2966079711914,66.16155242919922,66.85794067382812,66.3593521118164,65.16184997558594,67.07152557373047,67.71123504638672,68.86068725585938,67.16403198242188,68.18589782714844,69.53553771972656,69.9706039428711,58.881988525390625,60.07439422607422,58.2398796081543,60.48955535888672,59.07591247558594,59.38368225097656,58.433353424072266,61.137420654296875,58.90609359741211,62.408607482910156,61.5062255859375,64.56449890136719,51.48292922973633,50.80991744995117,51.519256591796875,52.626564025878906,51.957149505615234,52.168235778808594,53.936771392822266,53.94697952270508,52.96928024291992,54.36275100708008,55.332557678222656,55.94913864135742,45.736305236816406,46.1905517578125,46.65788269042969,46.17009735107422,46.155921936035156,48.679500579833984,46.80039978027344,47.322288513183594,46.24489212036133,48.61070251464844,48.11606216430664,48.27777862548828,41.12233352661133,42.00770568847656,41.75763702392578,41.752193450927734,41.78996658325195,43.50550079345703,44.747886657714844,44.17766571044922,43.73672866821289,45.11240768432617,45.60946273803711,45.10145950317383
4,Machinery Operators and Drivers-Full time-Males,489.6899719238281,493.7821350097656,489.35626220703125,493.0770263671875,493.85430908203125,495.3758544921875,483.42431640625,485.0899963378906,477.1090393066406,476.2853698730469,469.47784423828125,468.2032165527344,442.955322265625,439.57647705078125,432.0940246582031,430.5755920410156,437.8368225097656,437.2986755371094,429.273193359375,430.67950439453125,436.27215576171875,440.0963439941406,433.1272888183594,438.93035888671875,457.7557067871094,456.68414306640625,460.1541748046875,461.9891357421875,465.2350769042969,467.21661376953125,467.41351318359375,467.627685546875,470.06549072265625,476.3913879394531,474.986572265625,482.0325622558594,488.7698669433594,492.7394104003906,496.0390930175781,505.0570068359375,495.98883056640625,497.490234375,499.1485900878906,502.8545227050781,502.9635009765625,510.54400634765625,504.35223388671875,509.2668762207031,483.1266784667969,488.0820007324219,486.68536376953125,490.9906921386719,492.9576110839844,498.33697509765625,493.2643127441406,495.0648498535156,503.093505859375,506.1043701171875,504.46490478515625,508.0491027832031,494.8996276855469,498.2296142578125,495.6616516113281,501.9052429199219,503.06927490234375,504.0535583496094,498.22137451171875,507.01263427734375,511.4263916015625,513.8619995117188,504.7796936035156,517.30224609375
4,Machinery Operators and Drivers-Part time-Females,23.95576286315918,26.180253982543945,26.55409812927246,27.255512237548828,26.98180389404297,28.97658348083496,29.638835906982422,29.327425003051758,27.99344825744629,29.587417602539062,31.205699920654297,31.226524353027344,25.093706130981445,26.46946907043457,26.35347557067871,26.67449951171875,26.437341690063477,28.20285987854004,27.87990951538086,29.14323616027832,28.703632354736328,30.219730377197266,31.122758865356445,31.26518440246582,26.199121475219727,27.270153045654297,27.3391170501709,28.488611221313477,27.887420654296875,29.010305404663086,29.023916244506836,29.85017967224121,28.784099578857422,30.078956604003906,30.438173294067383,31.337739944458008,27.492258071899414,30.14385414123535,29.99068260192871,29.42127227783203,29.400672912597656,31.378625869750977,31.402923583984375,30.926715850830078,31.3516788482666,33.389488220214844,32.78909683227539,32.172996520996094,27.4549503326416,28.852191925048828,28.00893783569336,29.445714950561523,28.330398559570312,29.651323318481445,29.082284927368164,30.630298614501953,29.519058227539062,30.695449829101562,31.73634910583496,31.656749725341797,27.99936294555664,29.253585815429688,30.309812545776367,30.019304275512695,29.25385284423828,30.57699203491211,31.576675415039062,31.41888427734375,30.093746185302734,32.47056579589844,33.1374397277832,33.25883483886719
4,Machinery Operators and Drivers-Part time-Males,28.38996124267578,29.895381927490234,30.31039047241211,32.12834167480469,30.873273849487305,32.29378128051758,32.514347076416016,33.835697174072266,32.22802734375,33.62828063964844,33.83354187011719,35.02204895019531,34.42104721069336,35.98602294921875,36.276851654052734,37.7814826965332,36.76137161254883,39.28492736816406,39.69704055786133,39.695804595947266,38.5403938293457,40.46358108520508,41.569854736328125,43.8510627746582,42.71807861328125,45.461082458496094,45.54449462890625,46.74274444580078,45.53086853027344,46.47908020019531,47.760581970214844,48.476619720458984,47.768699645996094,49.75712585449219,50.71257019042969,50.39281463623047,51.285404205322266,53.024227142333984,54.0975456237793,54.861854553222656,54.61787033081055,54.871891021728516,55.57173538208008,57.58169174194336,56.41533279418945,56.59236526489258,58.48615264892578,58.61406707763672,57.48977279663086,59.08803939819336,58.14876937866211,59.55979537963867,60.89985656738281,61.11888885498047,60.48158264160156,61.02330780029297,62.57881546020508,62.60393142700195,62.97880172729492,64.12862396240234,64.50686645507812,67.14714813232422,66.81597900390625,65.48016357421875,64.41165924072266,67.63340759277344,67.31970977783203,64.73786163330078,63.786373138427734,67.2153549194336,67.75140380859375,66.67766571044922
4,Managers-Full time-Females,177.87081909179688,181.3026123046875,183.10870361328125,189.83633422851562,187.81138610839844,191.79493713378906,188.67291259765625,190.6844024658203,188.9365692138672,192.20925903320312,190.45562744140625,195.63504028320312,197.1013641357422,198.8113250732422,197.68777465820312,202.7165985107422,200.78619384765625,200.19195556640625,201.26161193847656,203.49880981445312,203.6335906982422,205.1183624267578,202.91012573242188,209.46835327148438,206.0733642578125,205.23289489746094,208.89620971679688,215.13302612304688,208.65895080566406,212.42300415039062,212.92465209960938,218.0576629638672,213.0602264404297,216.5327606201172,219.2284393310547,223.35105895996094,216.75106811523438,217.3197479248047,219.6152801513672,220.5982208251953,221.028076171875,221.880615234375,223.3739013671875,221.1819610595703,223.34132385253906,225.84779357910156,222.97874450683594,227.77261352539062,247.05645751953125,249.93109130859375,253.13888549804688,258.4322509765625,255.4607391357422,260.25299072265625,264.3573913574219,266.2841491699219,264.8155517578125,267.7830505371094,269.6658020019531,277.9885559082031,282.546630859375,282.7256774902344,277.7565002441406,283.2419738769531,285.9048767089844,284.054931640625,282.6715087890625,286.5765686035156,286.12548828125,289.5650939941406,285.4173889160156,289.2145080566406
4,Managers-Full time-Males,645.992919921875,652.081298828125,647.0669555664062,653.825927734375,647.3981323242188,647.8262939453125,635.0982055664062,634.242431640625,626.955078125,621.361083984375,612.9008178710938,611.5707397460938,637.1956787109375,631.0281982421875,625.103759765625,623.7230834960938,630.3532104492188,619.6351928710938,621.7474975585938,624.5503540039062,626.5828857421875,627.1552734375,624.3604736328125,630.540283203125,656.8485107421875,660.8654174804688,664.1329345703125,663.7948608398438,664.463623046875,665.81005859375,663.1425170898438,669.9376220703125,671.4161376953125,671.185546875,669.32373046875,670.2725830078125,672.1131591796875,672.2440795898438,673.051025390625,676.7741088867188,682.5090942382812,683.0194091796875,679.4468994140625,685.5128784179688,691.6358032226562,691.3991088867188,682.8109130859375,690.6959228515625,699.889892578125,697.8125610351562,700.1026000976562,708.1221313476562,709.7553100585938,699.0225830078125,695.9801635742188,704.8554077148438,712.1033325195312,713.3397216796875,705.5723266601562,713.1844482421875,738.9415893554688,741.7421264648438,734.2920532226562,742.8148803710938,744.476318359375,749.51025390625,745.87939453125,749.2996826171875,752.8831787109375,752.9656372070312,749.2192993164062,757.5287475585938
4,Managers-Part time-Females,90.69113159179688,94.40620422363281,95.5790023803711,96.01534271240234,97.57360076904297,101.83500671386719,101.90723419189453,99.1688003540039,98.8085708618164,100.4446792602539,102.29473876953125,103.96639251708984,95.19561004638672,95.49274444580078,95.09354400634766,98.02735137939453,96.01304626464844,96.88578033447266,96.82542419433594,99.99372100830078,99.48548889160156,102.02363586425781,101.16223907470703,102.48490905761719,99.80086517333984,101.71450805664062,102.23955535888672,103.72456359863281,102.87493896484375,104.30585479736328,104.9168930053711,104.64714050292969,105.33715057373047,109.07384490966797,109.58333587646484,109.63863372802734,64.0830307006836,65.124267578125,59.18239212036133,58.980552673339844,61.0265998840332,62.581878662109375,60.637939453125,59.95533752441406,62.953636169433594,63.901695251464844,61.91127014160156,63.22056198120117,68.29883575439453,70.47563171386719,70.36907196044922,71.86029815673828,70.59173583984375,72.71697235107422,72.33049774169922,74.29215240478516,72.22872924804688,76.14048767089844,74.74685668945312,75.58551025390625,82.76939392089844,85.01575469970703,83.77086639404297,83.7728042602539,84.42092895507812,85.16937255859375,84.25922393798828,85.55757141113281,84.5483627319336,87.69039154052734,86.45088195800781,87.00277709960938
4,Managers-Part time-Males,24.631385803222656,26.753637313842773,27.401700973510742,27.788776397705078,27.863094329833984,29.534543991088867,29.200836181640625,29.64881134033203,28.851682662963867,31.070276260375977,29.989221572875977,30.923139572143555,31.554386138916016,33.46890640258789,31.80288314819336,32.935951232910156,33.50184631347656,34.88789367675781,33.60844039916992,35.1707763671875,34.416748046875,37.23619079589844,37.72853469848633,37.805580139160156,35.54279708862305,36.7819709777832,36.3392333984375,37.12742614746094,36.412288665771484,37.528236389160156,36.82170867919922,38.18312072753906,38.330596923828125,38.755699157714844,38.543617248535156,39.892845153808594,27.84852409362793,28.678733825683594,27.447402954101562,27.372159957885742,27.725961685180664,28.944997787475586,29.00749969482422,28.009817123413086,28.826297760009766,29.859590530395508,29.562307357788086,29.350522994995117,35.784759521484375,36.66332244873047,36.99985122680664,37.27568817138672,36.79099655151367,37.97873306274414,37.413185119628906,38.75785827636719,38.12816619873047,39.5108528137207,40.405921936035156,41.39827346801758,41.73780059814453,42.97689437866211,42.237586975097656,43.49002456665039,43.71090316772461,44.49114990234375,43.51959228515625,44.35261535644531,44.33065414428711,45.45170593261719,44.16320037841797,45.44016647338867
4,Professionals-Full time-Females,354.3498229980469,360.9669189453125,359.8675231933594,364.5008544921875,363.447998046875,369.5029602050781,362.9875183105469,364.6492919921875,360.9923095703125,362.5189208984375,360.52777099609375,362.24609375,395.7772521972656,394.6787109375,396.6614685058594,396.5254211425781,393.84136962890625,398.9808044433594,398.4278869628906,399.89410400390625,395.34454345703125,401.7381286621094,397.90185546875,400.40081787109375,424.35296630859375,424.4463195800781,425.1820068359375,427.7251281738281,429.0232849121094,427.14251708984375,427.2953796386719,433.2323913574219,432.6893005371094,435.82244873046875,433.5704345703125,438.8001403808594,496.240478515625,493.59417724609375,498.4229431152344,504.3017272949219,501.5497741699219,504.3549499511719,503.0163269042969,507.1990051269531,513.916015625,514.2108764648438,515.868896484375,517.1273803710938,566.6123046875,566.2257690429688,567.9555053710938,574.96337890625,575.9072875976562,580.7933959960938,575.7575073242188,580.0677490234375,576.606201171875,584.5770263671875,585.4998779296875,591.0077514648438,612.5162353515625,610.8695678710938,605.4520263671875,612.8203125,613.7783813476562,615.3147583007812,614.6160888671875,617.7796020507812,621.4400634765625,620.6565551757812,618.0419921875,626.0218505859375
4,Professionals-Full time-Males,616.3048095703125,622.3687744140625,616.5082397460938,619.6423950195312,618.292724609375,618.3851928710938,607.6984252929688,606.5441284179688,596.6202392578125,597.6920166015625,585.9501953125,582.464599609375,636.6442260742188,637.4000244140625,634.045166015625,634.5027465820312,634.2722778320312,633.3496704101562,634.6726684570312,627.1361083984375,634.72021484375,633.1551513671875,631.8865966796875,633.2809448242188,663.6640014648438,660.4528198242188,660.6594848632812,667.2235107421875,668.1411743164062,669.4815673828125,668.3327026367188,674.2229614257812,675.9769897460938,675.1656494140625,673.8746337890625,679.6080932617188,719.3436889648438,715.6539916992188,715.0028686523438,728.6130981445312,726.348876953125,723.3314208984375,726.5238037109375,734.2257080078125,730.920166015625,732.693603515625,732.2356567382812,741.8560791015625,788.8173828125,792.7015991210938,781.1505737304688,792.3346557617188,795.5216064453125,795.796630859375,792.4664306640625,799.0074462890625,802.606689453125,801.4021606445312,794.1265869140625,801.46142578125,842.4293212890625,832.4659423828125,827.2144775390625,837.2943115234375,844.8628540039062,842.2166748046875,834.1334838867188,841.0064086914062,842.962890625,842.1174926757812,841.3678588867188,845.7584228515625
4,Professionals-Part time-Females,146.9501495361328,155.71060180664062,160.02313232421875,159.2214813232422,155.81884765625,163.891357421875,163.51303100585938,164.29115295410156,158.55577087402344,163.3241424560547,164.5908660888672,166.9086456298828,180.86041259765625,189.61514282226562,190.06051635742188,190.93711853027344,185.69309997558594,195.97689819335938,195.79017639160156,199.32098388671875,192.87013244628906,201.65731811523438,200.509765625,202.35354614257812,189.4447479248047,196.4595947265625,197.8101348876953,200.53749084472656,192.7356719970703,200.39852905273438,202.2444305419922,204.11549377441406,199.28627014160156,210.59713745117188,207.66236877441406,212.18356323242188,229.70755004882812,236.00428771972656,234.85826110839844,240.67684936523438,235.22377014160156,243.30848693847656,242.8339080810547,247.31893920898438,242.15994262695312,251.7280731201172,253.03172302246094,257.65350341796875,246.37066650390625,252.8717498779297,255.17794799804688,257.045166015625,252.27674865722656,260.1543273925781,261.42156982421875,260.6593933105469,257.6062927246094,263.3616943359375,261.57330322265625,262.0599365234375,307.09197998046875,315.4251708984375,320.48541259765625,320.0848083496094,320.949462890625,325.6452331542969,331.14825439453125,333.81085205078125,332.34075927734375,337.1788024902344,338.034423828125,337.3824157714844
4,Professionals-Part time-Males,40.6689567565918,43.333351135253906,44.91154479980469,46.10896301269531,45.30697250366211,46.97344207763672,48.15035629272461,49.783660888671875,47.07870101928711,49.406280517578125,51.31597137451172,51.057918548583984,46.91256332397461,50.466861724853516,51.50728988647461,50.48248291015625,50.29011535644531,53.076969146728516,55.205989837646484,54.063472747802734,52.4842643737793,56.68624496459961,57.05751419067383,57.13579177856445,53.6013298034668,56.22804260253906,57.90898513793945,57.34003829956055,55.966548919677734,59.89296340942383,60.918338775634766,62.00619888305664,59.57322311401367,63.274810791015625,64.72621154785156,64.80989074707031,63.34967041015625,69.4151382446289,67.43485260009766,67.60697174072266,65.18821716308594,72.18457794189453,70.83934783935547,70.34741973876953,69.5302734375,74.66316986083984,72.72052764892578,73.92679595947266,83.79435729980469,89.10446166992188,90.32424926757812,90.54591369628906,88.33903503417969,93.18898010253906,95.86123657226562,94.26597595214844,93.29966735839844,97.14649200439453,97.67916107177734,97.43594360351562,100.88018035888672,106.39999389648438,110.33650207519531,108.16029357910156,103.9671630859375,109.30074310302734,111.06805419921875,111.69148254394531,109.3106460571289,113.81680297851562,114.52931213378906,115.28015899658203
4,Sales Workers-Full time-Females,299.8597412109375,300.6484375,301.2303161621094,308.0249328613281,305.2933654785156,310.7804870605469,303.73590087890625,305.7684631347656,304.4062194824219,304.0002746582031,300.8848876953125,303.3876953125,294.65374755859375,293.8659973144531,291.1697082519531,291.17034912109375,288.6140441894531,288.465087890625,285.4503173828125,291.00543212890625,293.11859130859375,291.7257385253906,291.574951171875,291.9780578613281,299.0391540527344,298.5313720703125,294.5268859863281,301.02264404296875,307.0250549316406,309.1490478515625,308.3480224609375,314.04595947265625,314.4093933105469,317.6357421875,316.5082702636719,321.84521484375,292.6911315917969,292.3934631347656,281.2732238769531,286.50909423828125,289.1865234375,290.5770263671875,289.33355712890625,292.1678771972656,293.74822998046875,295.3116760253906,295.227294921875,296.5791320800781,282.5267639160156,283.6809387207031,283.50885009765625,282.506591796875,287.76507568359375,287.35357666015625,290.87890625,295.0328674316406,293.55865478515625,292.7460632324219,298.6915283203125,300.9039611816406,286.51953125,291.3340148925781,288.4763488769531,298.3691101074219,296.1246032714844,295.2882385253906,293.23382568359375,296.5602722167969,296.628662109375,299.99188232421875,301.5000305175781,304.7415771484375
4,Sales Workers-Full time-Males,387.71209716796875,397.3233642578125,391.33062744140625,395.3385314941406,398.09564208984375,399.68414306640625,388.938232421875,387.8736267089844,389.438720703125,387.72930908203125,385.8255920410156,386.422607421875,384.9485778808594,383.1677551269531,377.34320068359375,381.0207214355469,380.1463317871094,380.8231201171875,377.46502685546875,379.6639099121094,379.57464599609375,378.56072998046875,381.717529296875,382.28607177734375,386.8352355957031,385.2799072265625,383.3674011230469,389.6886291503906,389.98846435546875,395.05914306640625,391.1499938964844,397.9708557128906,399.36614990234375,403.07550048828125,400.8575439453125,404.33367919921875,384.70806884765625,383.771728515625,382.36907958984375,380.5068359375,389.06793212890625,388.4416198730469,387.7182922363281,391.5715637207031,396.9391174316406,401.1387939453125,397.5357360839844,400.8123779296875,404.3915100097656,402.15771484375,402.4256286621094,410.2101745605469,408.22125244140625,407.6664123535156,411.02325439453125,415.38433837890625,408.7587890625,415.03125,416.3304138183594,419.89788818359375,392.1199035644531,395.0393981933594,394.3964538574219,396.95367431640625,400.2769775390625,401.2568054199219,398.2417297363281,403.2333984375,404.2328186035156,410.49334716796875,409.5953674316406,412.4194641113281
4,Sales Workers-Part time-Females,264.2018127441406,270.1279296875,271.8133850097656,277.3262634277344,272.96368408203125,279.2528991699219,276.78265380859375,277.99774169921875,271.1756896972656,278.0646057128906,276.11962890625,276.33807373046875,295.42584228515625,297.2969970703125,296.1540832519531,299.89398193359375,295.71661376953125,300.6986999511719,298.4103698730469,300.818115234375,297.97064208984375,300.47381591796875,298.4853210449219,305.462646484375,326.7088623046875,332.3652648925781,330.526123046875,334.36328125,331.4376220703125,339.4844665527344,336.55767822265625,341.2803649902344,341.04736328125,345.9420166015625,340.3053894042969,345.1219482421875,390.9667663574219,392.3572998046875,394.630859375,401.31011962890625,401.54144287109375,404.9422607421875,407.8572082519531,414.0166931152344,411.698486328125,415.5845031738281,408.3892517089844,418.1506042480469,414.5247497558594,419.9980773925781,418.12652587890625,422.9247741699219,420.97088623046875,427.8891906738281,424.5840148925781,426.95928955078125,427.2087097167969,434.88055419921875,429.4018249511719,437.77423095703125,455.2843933105469,462.0247802734375,462.0314636230469,464.9605712890625,465.60205078125,472.1822204589844,466.6890563964844,471.5523681640625,470.5600280761719,476.8880920410156,474.3040771484375,478.5913391113281
4,Sales Workers-Part time-Males,52.18924331665039,54.40885925292969,56.97563171386719,58.45267868041992,56.55371856689453,59.11290740966797,59.75776672363281,63.2920036315918,60.19962692260742,61.91628646850586,63.25670623779297,64.76582336425781,68.16350555419922,71.37599182128906,71.7387466430664,72.67196655273438,71.47480773925781,74.25716400146484,75.5632095336914,75.68207550048828,74.75260925292969,78.06819915771484,79.39090728759766,81.36991119384766,82.33829498291016,86.05680084228516,85.85795593261719,86.56262969970703,84.59527587890625,89.2092514038086,90.00839233398438,90.09606170654297,90.05044555664062,93.11270904541016,94.33233642578125,96.18492126464844,109.16448211669922,113.71905517578125,118.45008850097656,122.8623275756836,118.76194763183594,121.92594146728516,123.72425079345703,126.19609832763672,123.54219818115234,127.32383728027344,127.2013168334961,129.42300415039062,116.6065673828125,122.36567687988281,119.45772552490234,120.8673324584961,119.46815490722656,123.37456512451172,123.47125244140625,124.18761444091797,121.72774505615234,127.41793060302734,127.68830871582031,125.55017852783203,149.04747009277344,153.31695556640625,153.25157165527344,155.95297241210938,154.0741424560547,155.50877380371094,157.5428009033203,158.51243591308594,158.4593505859375,158.20355224609375,160.0995330810547,164.95994567871094
4,Technicians and Trades Workers-Full time-Females,100.88041687011719,104.16738891601562,105.07902526855469,107.72146606445312,109.21199798583984,112.06757354736328,110.39572143554688,110.56067657470703,110.25834655761719,113.98300170898438,115.2744140625,115.17145538330078,102.31410217285156,106.12628936767578,104.7325668334961,103.60125732421875,103.43818664550781,104.72801208496094,104.75020599365234,104.42993927001953,104.03267669677734,106.12276458740234,105.61006164550781,108.70671081542969,108.62847137451172,112.13062286376953,111.69017791748047,112.24466705322266,112.52100372314453,114.34505462646484,113.72084045410156,115.1942367553711,115.16753387451172,119.57538604736328,118.85840606689453,120.74826049804688,109.85688781738281,113.51367950439453,112.82949829101562,110.84552764892578,110.93780517578125,113.82257843017578,112.82244873046875,112.94793701171875,112.92462158203125,116.6408462524414,115.85316467285156,115.01276397705078,112.51622772216797,114.5878677368164,110.77404022216797,114.1860580444336,114.8800277709961,116.46188354492188,111.34349060058594,117.35138702392578,115.47382354736328,116.34366607666016,114.9986572265625,118.59610748291016,118.59810638427734,118.37926483154297,117.39014434814453,119.67707824707031,121.10420227050781,121.80924987792969,121.1605224609375,124.73468017578125,123.14198303222656,124.3494873046875,126.67939758300781,126.3501205444336
4,Technicians and Trades Workers-Full time-Males,1147.1090087890625,1147.840087890625,1138.070556640625,1143.6309814453125,1138.27294921875,1133.0977783203125,1108.40087890625,1095.404052734375,1089.7076416015625,1068.5684814453125,1051.4822998046875,1046.2191162109375,1078.404296875,1066.2230224609375,1053.80322265625,1055.7945556640625,1071.6158447265625,1067.038330078125,1060.2027587890625,1070.1666259765625,1086.6915283203125,1079.2908935546875,1080.1678466796875,1092.2506103515625,1094.310546875,1083.88037109375,1080.4678955078125,1092.833740234375,1094.5552978515625,1093.3907470703125,1093.0599365234375,1101.9921875,1106.66748046875,1102.8541259765625,1098.2613525390625,1106.7083740234375,1118.595458984375,1114.15869140625,1104.7864990234375,1112.4139404296875,1128.8079833984375,1124.650390625,1114.29833984375,1122.320068359375,1136.965087890625,1130.4356689453125,1119.5093994140625,1132.209716796875,1141.7835693359375,1142.561279296875,1135.116455078125,1140.6859130859375,1151.0093994140625,1152.6253662109375,1143.85791015625,1147.574462890625,1158.001220703125,1158.802734375,1149.494140625,1153.310791015625,1151.794921875,1146.584228515625,1145.0948486328125,1152.967529296875,1164.0394287109375,1157.7403564453125,1156.39501953125,1163.1566162109375,1166.601806640625,1164.634521484375,1156.8885498046875,1169.226318359375
4,Technicians and Trades Workers-Part time-Females,37.560020446777344,40.62120056152344,40.66818618774414,42.360679626464844,42.378170013427734,43.822689056396484,42.707618713378906,42.79725646972656,42.95107650756836,45.39374542236328,43.67876434326172,45.821598052978516,44.88896560668945,47.996795654296875,48.114524841308594,48.777164459228516,46.88896179199219,48.85163497924805,50.150299072265625,51.227718353271484,49.79435729980469,53.633331298828125,54.27972412109375,54.19161605834961,51.11130905151367,50.299495697021484,52.21575927734375,54.55348587036133,53.4672966003418,53.304683685302734,54.77602005004883,56.264671325683594,55.04576873779297,56.19093322753906,58.02153778076172,59.95025634765625,55.625465393066406,55.67282485961914,55.32957077026367,58.016563415527344,56.355194091796875,58.52169418334961,58.00650405883789,60.17067337036133,59.66145706176758,60.997798919677734,61.18880844116211,62.447776794433594,59.08997344970703,61.413700103759766,61.11196517944336,61.55759048461914,60.64821243286133,61.402061462402344,62.09218978881836,62.97718811035156,61.95973587036133,64.11538696289062,63.85284423828125,63.36498260498047,68.50872039794922,70.33002471923828,69.74432373046875,71.53044128417969,71.72370147705078,72.1459732055664,71.37814331054688,74.0401382446289,73.68228912353516,74.35887908935547,74.60595703125,75.56378173828125
4,Technicians and Trades Workers-Part time-Males,38.29430389404297,41.110145568847656,43.97784423828125,44.180259704589844,42.8477783203125,45.92002487182617,46.56818771362305,45.74855041503906,45.090145111083984,46.96255111694336,46.81357955932617,47.87325668334961,52.440185546875,54.712432861328125,54.95262145996094,57.21942138671875,56.21432876586914,59.056480407714844,59.63163757324219,60.34137725830078,58.519466400146484,62.575904846191406,63.22123718261719,65.43586730957031,54.2327995300293,56.45650100708008,57.3807258605957,56.377105712890625,55.78324890136719,57.77444839477539,58.098541259765625,56.72804260253906,56.986637115478516,60.10292434692383,59.591793060302734,60.375885009765625,57.884159088134766,58.4495735168457,58.25551223754883,58.944725036621094,58.957359313964844,59.68192672729492,58.32875061035156,61.071990966796875,59.79951858520508,62.2871208190918,61.69887161254883,63.522422790527344,66.40126037597656,70.91178894042969,71.0822525024414,71.25328063964844,70.25086212158203,71.77046203613281,73.04106140136719,73.06842041015625,70.91938781738281,73.55615234375,73.85765075683594,74.91073608398438,80.53719329833984,85.58027648925781,84.28146362304688,84.11842346191406,83.62850189208984,85.68963623046875,85.43146514892578,82.4360580444336,82.1886978149414,85.7696304321289,86.37663269042969,85.74440002441406
