Level,Description,1,2,3,4,5,6,7,8,9,10,11,12,13,14,15,16,17,18,19,20,21,22,23,24,25,26,27,28,29,30,31,32,33,34,35,36,37,38,39,40,41,42,43,44,45,46,47,48,49,50,51,52,53,54,55,56,57,58,59,60,61,62,63,64,65,66,67,68,69,70,71,72,73,74,75,76,77,78,79,80,81,82,83,84
1,Aggregated,7625.841796875,7779.046875,7773.251953125,7923.6279296875,7874.2294921875,7968.080078125,7868.0419921875,7850.310546875,7752.3037109375,7730.1484375,7640.84228515625,7633.05712890625,7640.8720703125,7663.05615234375,7641.34716796875,7700.29833984375,7698.43017578125,7741.79296875,7779.17431640625,7854.26904296875,7884.49609375,7954.37744140625,7979.7958984375,8049.97900390625,7987.5751953125,8065.41162109375,8103.8681640625,8204.25390625,8229.1748046875,8295.6943359375,8330.26953125,8406.455078125,8440.2490234375,8488.8876953125,8510.3017578125,8589.3359375,8508.708984375,8579.6220703125,8606.740234375,8676.322265625,8717.9521484375,8783.990234375,8808.697265625,8880.603515625,8904.3515625,8997.6845703125,9011.2158203125,9071.7177734375,9027.5205078125,9124.0537109375,9132.5126953125,9207.2705078125,9276.44140625,9341.7294921875,9359.7216796875,9444.228515625,9494.958984375,9531.068359375,9559.4765625,9650.9892578125,9588.0546875,9665.3154296875,9696.701171875,9788.3291015625,9854.3984375,9934.7412109375,9959.005859375,10034.587890625,10112.4091796875,10173.40625,10207.302734375,10259.0810546875,10314.685546875,10409.462890625,10438.3505859375,10546.62890625,10611.3974609375,10670.13671875,10713.701171875,10791.9814453125,10856.775390625,10938.009765625,10956.2392578125,11039.6748046875
2,Clerical and Administrative Workers,1026.4813232421875,1039.256591796875,1024.6944580078125,1047.7725830078125,1053.4403076171875,1050.16015625,1030.3857421875,1018.9620361328125,1046.6075439453125,1029.270751953125,1009.1346435546875,990.56884765625,1015.871826171875,1010.1405639648438,1006.9140014648438,1007.3856201171875,1026.3734130859375,1034.7977294921875,1038.4608154296875,1048.2451171875,1070.31201171875,1076.4141845703125,1077.9683837890625,1084.7579345703125,1089.28173828125,1092.69775390625,1087.0303955078125,1090.3604736328125,1105.725830078125,1101.176025390625,1096.3094482421875,1093.517333984375,1104.1168212890625,1101.359130859375,1092.916015625,1093.583984375,1125.421142578125,1128.9453125,1124.90478515625,1125.1820068359375,1143.2401123046875,1143.8446044921875,1150.6585693359375,1150.182861328125,1162.8873291015625,1167.025634765625,1168.3455810546875,1167.7054443359375,1203.7882080078125,1203.478271484375,1200.5076904296875,1201.153564453125,1213.9873046875,1207.759033203125,1200.2049560546875,1197.686767578125,1212.0467529296875,1207.4132080078125,1204.3660888671875,1199.169921875,1240.5572509765625,1251.479248046875,1248.742919921875,1258.8109130859375,1262.6785888671875,1271.98291015625,1278.356201171875,1276.147216796875,1287.6207275390625,1283.7435302734375,1278.97265625,1280.939208984375,1282.847900390625,1288.86962890625,1289.55517578125,1293.512939453125,1303.880126953125,1306.7733154296875,1302.7781982421875,1304.21923828125,1311.3062744140625,1313.5374755859375,1305.912841796875,1297.5428466796875
2,Community and Personal Service Workers,429.911376953125,465.8752136230469,458.47515869140625,463.527587890625,461.7225036621094,494.672119140625,492.4656677246094,493.6809997558594,474.83642578125,506.8279724121094,507.92822265625,506.7606506347656,478.7006530761719,507.93389892578125,502.0150146484375,506.4852294921875,484.42156982421875,514.0751342773438,505.6015930175781,509.4586486816406,495.57769775390625,524.5424194335938,520.1974487304688,521.9384765625,532.2521362304688,561.7131958007812,560.1383666992188,570.623291015625,557.9674072265625,591.8169555664062,587.5237426757812,600.3261108398438,588.21484375,627.563232421875,617.5768432617188,624.816650390625,646.5158081054688,678.4461059570312,675.5988159179688,686.1968383789062,670.5363159179688,709.778076171875,706.374755859375,710.9364624023438,694.8934936523438,732.4923706054688,724.6241455078125,733.97607421875,710.8786010742188,746.5504760742188,740.9968872070312,747.9232788085938,744.0091552734375,780.0526123046875,780.8505249023438,784.3881225585938,773.7672119140625,812.4574584960938,815.111572265625,818.812744140625,800.675537109375,833.0128173828125,830.8125,839.7608642578125,836.9012451171875,872.580810546875,866.9368896484375,869.771240234375,864.8231201171875,901.9228515625,899.0244140625,902.6958618164062,872.1212768554688,912.7886352539062,909.1795043945312,916.1660766601562,907.2051391601562,945.9630126953125,946.0143432617188,955.2037353515625,948.09326171875,990.0364990234375,981.2107543945312,995.3817749023438
2,Labourers,1048.6884765625,1074.2191162109375,1055.1553955078125,1091.7056884765625,1063.7249755859375,1091.2020263671875,1051.4605712890625,1071.4443359375,1041.0296630859375,1028.9573974609375,994.4428100585938,1006.634521484375,985.1151123046875,984.8474731445312,962.570556640625,988.3195190429688,983.4400634765625,992.142578125,972.4739379882812,1007.1116943359375,1013.7793579101562,1019.4151611328125,1014.8237915039062,1042.3885498046875,1034.1336669921875,1035.7900390625,1022.8211059570312,1039.101318359375,1036.01806640625,1030.0501708984375,1006.5928344726562,1027.1287841796875,1015.2315063476562,1016.859375,1003.9635620117188,1025.2117919921875,1041.3748779296875,1051.9510498046875,1032.47119140625,1060.7508544921875,1059.358642578125,1062.9803466796875,1056.16455078125,1078.3892822265625,1079.4144287109375,1080.5595703125,1065.9002685546875,1093.3768310546875,1070.997314453125,1071.298095703125,1062.1964111328125,1081.5555419921875,1079.2198486328125,1074.4390869140625,1072.0933837890625,1083.0386962890625,1084.80859375,1086.36376953125,1075.5535888671875,1095.959716796875,1092.5902099609375,1089.9342041015625,1081.7744140625,1099.1866455078125,1092.7802734375,1094.447998046875,1075.4642333984375,1097.978759765625,1097.7666015625,1101.0579833984375,1087.5174560546875,1111.2183837890625,1130.761962890625,1127.1021728515625,1111.2213134765625,1141.345947265625,1128.755615234375,1132.611572265625,1123.477783203125,1142.2138671875,1132.698974609375,1134.054443359375,1118.3564453125,1147.909912109375
2,Machinery Operators and Drivers,614.1581420898438,613.788818359375,625.9537963867188,622.0833129882812,610.5436401367188,599.7330322265625,595.7600708007812,585.782958984375,581.7811889648438,570.9384155273438,561.3678588867188,550.7402954101562,557.1326904296875,552.16650390625,548.7149047851562,545.977294921875,551.2557373046875,552.9627075195312,557.16259765625,562.506103515625,568.6112670898438,575.0771484375,580.3240356445312,594.51171875,587.8064575195312,592.5364990234375,601.0836181640625,612.1659545898438,601.0469360351562,604.125244140625,604.0519409179688,609.1884155273438,603.1248779296875,599.7984619140625,598.4500732421875,607.8579711914062,620.1433715820312,619.4104614257812,620.9498901367188,617.3040771484375,619.18115234375,620.234375,618.75390625,625.508544921875,620.1509399414062,621.8460083007812,627.3585815429688,632.432861328125,617.597412109375,623.4359741210938,625.5354614257812,625.8126220703125,621.955078125,625.6647338867188,633.76904296875,640.646728515625,637.2112426757812,637.9990234375,644.0957641601562,651.9197387695312,630.4955444335938,629.9929809570312,637.9025268554688,644.2181396484375,638.3463745117188,638.4854125976562,645.2809448242188,651.486572265625,649.1201782226562,645.8676147460938,656.9500122070312,661.4280395507812,663.974609375,662.82666015625,665.681640625,675.1821899414062,672.7882080078125,676.2314453125,681.0177612304688,695.1301879882812,677.7969970703125,682.4254760742188,685.2827758789062,690.775390625
2,Managers,948.3788452148438,952.6145629882812,959.2946166992188,973.3681030273438,982.2351684570312,986.4296264648438,988.8826293945312,992.5623168945312,994.9417114257812,988.516845703125,989.2318115234375,999.384521484375,970.6824340820312,962.8577270507812,964.5060424804688,977.0814208984375,981.43017578125,979.942626953125,975.8612060546875,993.3358764648438,1004.2562866210938,1000.9808349609375,1012.5734252929688,1017.7859497070312,1010.5895385742188,1013.828125,1019.451171875,1028.854736328125,1038.92626953125,1039.2857666015625,1047.1514892578125,1058.7950439453125,1074.4072265625,1075.856201171875,1084.273681640625,1092.7447509765625,1000.2056884765625,1001.7708740234375,1002.4166259765625,1020.0850830078125,1033.629150390625,1031.30224609375,1043.12109375,1062.044677734375,1070.6944580078125,1076.278076171875,1084.2830810546875,1107.0635986328125,1071.645751953125,1069.4296875,1078.9981689453125,1094.52734375,1108.4442138671875,1111.1761474609375,1118.673828125,1133.6114501953125,1154.1181640625,1155.08837890625,1159.285400390625,1171.99365234375,1166.0267333984375,1169.713623046875,1173.4049072265625,1197.691650390625,1212.0400390625,1219.100341796875,1227.1087646484375,1244.2254638671875,1267.4521484375,1267.2894287109375,1280.99951171875,1297.8182373046875,1328.490478515625,1322.266357421875,1335.3289794921875,1348.0596923828125,1375.6705322265625,1376.351806640625,1386.11279296875,1402.3125,1430.3846435546875,1434.03955078125,1445.2481689453125,1453.561279296875
2,Professionals,1162.392333984375,1218.969482421875,1210.8140869140625,1221.2659912109375,1240.25927734375,1278.6546630859375,1268.151611328125,1261.835693359375,1243.3006591796875,1281.7197265625,1270.358154296875,1274.5765380859375,1257.7427978515625,1296.3497314453125,1296.7796630859375,1296.768310546875,1278.9171142578125,1310.921875,1310.4014892578125,1308.190185546875,1294.896728515625,1335.292724609375,1332.90380859375,1338.2928466796875,1341.1434326171875,1390.4542236328125,1395.9200439453125,1411.543701171875,1409.65087890625,1446.670654296875,1457.349609375,1467.21630859375,1462.98876953125,1510.467041015625,1502.3385009765625,1515.5162353515625,1519.6060791015625,1558.75341796875,1555.4801025390625,1578.3575439453125,1575.7464599609375,1620.9571533203125,1627.2918701171875,1637.216796875,1630.60205078125,1685.3214111328125,1676.4251708984375,1685.32861328125,1693.1280517578125,1735.7991943359375,1737.5828857421875,1758.16748046875,1760.859130859375,1810.859130859375,1812.1343994140625,1823.299560546875,1824.5718994140625,1868.9837646484375,1868.4166259765625,1868.9000244140625,1880.67919921875,1924.5897216796875,1928.012939453125,1935.5166015625,1956.7884521484375,1998.2081298828125,1995.7684326171875,2013.422607421875,2024.542724609375,2058.4638671875,2057.235595703125,2061.51416015625,2075.577880859375,2130.023681640625,2133.91650390625,2144.350341796875,2157.715087890625,2206.931396484375,2198.005615234375,2206.97216796875,2231.442626953125,2274.434814453125,2268.630615234375,2270.7490234375
2,Sales Workers,996.7227172851562,1001.669677734375,999.9627685546875,1042.6904296875,1045.9599609375,1052.4310302734375,1038.965087890625,1041.479248046875,1031.1427001953125,1014.9126586914062,1009.7527465820312,1021.8125,1047.0526123046875,1045.969970703125,1038.216064453125,1049.5672607421875,1052.451416015625,1047.7547607421875,1048.686767578125,1056.8355712890625,1060.6761474609375,1058.1025390625,1062.1680908203125,1075.257568359375,1081.4615478515625,1072.31591796875,1070.271728515625,1081.7803955078125,1079.5657958984375,1081.665283203125,1077.3587646484375,1091.8922119140625,1095.2333984375,1088.0616455078125,1086.755859375,1101.6177978515625,1167.7860107421875,1166.023681640625,1159.0374755859375,1181.4813232421875,1184.6263427734375,1176.4837646484375,1172.260498046875,1191.072021484375,1188.4283447265625,1182.3326416015625,1182.78515625,1206.133056640625,1225.337890625,1212.52978515625,1206.0689697265625,1227.9923095703125,1239.656005859375,1227.0,1229.6695556640625,1248.1671142578125,1251.06396484375,1236.107177734375,1241.3798828125,1255.658447265625,1274.3465576171875,1271.5645751953125,1268.29833984375,1287.60986328125,1291.080810546875,1289.8006591796875,1289.6961669921875,1311.560791015625,1313.55810546875,1303.9178466796875,1299.7425537109375,1317.9337158203125,1341.2740478515625,1337.8179931640625,1333.2064208984375,1356.2706298828125,1361.85009765625,1361.0997314453125,1361.335693359375,1379.302734375,1388.216064453125,1371.4222412109375,1365.56884765625,1382.0142822265625
2,Technicians and Trades Workers,1362.9256591796875,1370.829833984375,1361.1451416015625,1366.929931640625,1344.03955078125,1351.5,1332.4189453125,1314.3636474609375,1292.4505615234375,1279.6529541015625,1260.8116455078125,1262.5216064453125,1268.077880859375,1259.56005859375,1246.1822509765625,1244.2659912109375,1262.24169921875,1255.110595703125,1245.351806640625,1252.9896240234375,1271.24462890625,1273.8868408203125,1267.6224365234375,1274.1048583984375,1296.4019775390625,1294.5457763671875,1284.4940185546875,1298.7716064453125,1312.76416015625,1307.6705322265625,1299.7974853515625,1311.8636474609375,1328.1881103515625,1321.92724609375,1315.569091796875,1324.1195068359375,1342.1661376953125,1341.0279541015625,1333.462158203125,1347.87841796875,1360.0738525390625,1364.9932861328125,1350.020263671875,1361.5501708984375,1385.2760009765625,1379.9598388671875,1375.68017578125,1389.4700927734375,1394.646484375,1392.95361328125,1383.8883056640625,1396.9453125,1409.4205322265625,1412.68017578125,1408.3121337890625,1416.5394287109375,1437.0791015625,1432.4814453125,1418.6240234375,1433.4393310546875,1433.1129150390625,1431.0164794921875,1429.058837890625,1445.0780029296875,1457.059326171875,1465.5955810546875,1453.5133056640625,1457.820068359375,1483.3824462890625,1480.9932861328125,1465.6033935546875,1472.7889404296875,1574.9588623046875,1565.6329345703125,1558.49560546875,1580.3717041015625,1602.5872802734375,1592.082275390625,1585.8619384765625,1594.244140625,1610.69775390625,1604.3143310546875,1592.88427734375,1614.23486328125
3,Clerical and Administrative Workers-Full time,743.6068725585938,741.6271362304688,725.346923828125,747.4370727539062,748.6357421875,728.3997192382812,720.207763671875,726.2694091796875,743.2921142578125,728.6976928710938,714.8292236328125,702.3533325195312,713.788330078125,703.0858764648438,699.685302734375,696.6289672851562,716.8059692382812,711.9241943359375,710.7686767578125,716.5337524414062,734.5245971679688,732.86572265625,735.6792602539062,735.662353515625,745.3540649414062,737.4956665039062,739.2389526367188,734.9705200195312,746.336181640625,740.6044921875,737.6201171875,733.342041015625,744.5328979492188,741.2507934570312,738.3612060546875,737.0415649414062,747.2332763671875,738.3059692382812,740.5939331054688,744.4755249023438,758.6449584960938,747.6904296875,751.2496948242188,755.4395751953125,765.5208129882812,758.7477416992188,758.6328735351562,762.3270263671875,794.0457153320312,778.1993408203125,772.5517578125,769.9767456054688,780.0120239257812,764.9019775390625,760.022705078125,765.2496948242188,779.26513671875,765.9837036132812,767.0925903320312,768.1146240234375,778.3635864257812,772.1802978515625,771.34912109375,775.9849853515625,791.6663208007812,784.5377807617188,781.64697265625,789.8648071289062,799.1298217773438,786.7548828125,792.017578125,789.6348266601562,807.314208984375,797.036865234375,798.6548461914062,799.6639404296875,806.4275512695312,799.304931640625,798.727294921875,802.5548706054688,812.3732299804688,800.7885131835938,805.7997436523438,805.3159790039062
3,Clerical and Administrative Workers-Part time,277.9924621582031,292.378662109375,297.8959655761719,311.4409484863281,297.0653991699219,307.3593444824219,306.3700866699219,311.23724365234375,305.65130615234375,316.6121826171875,315.6734313964844,325.82684326171875,299.39862060546875,312.6528625488281,310.4720153808594,317.26715087890625,315.290771484375,327.022705078125,327.1180419921875,335.36358642578125,330.6112060546875,343.513671875,343.2705078125,349.4576110839844,337.11376953125,348.7710266113281,347.5172119140625,354.6249694824219,356.7422790527344,368.233154296875,368.35589599609375,372.2116394042969,371.4505920410156,384.87396240234375,385.1308288574219,390.2347412109375,372.03271484375,385.1152038574219,384.9659423828125,390.74078369140625,387.9117736816406,404.2217102050781,399.26483154296875,407.1941833496094,402.7948303222656,419.9859313964844,417.3557434082031,423.5753173828125,410.7648620605469,426.848876953125,423.6368103027344,431.4042053222656,427.78759765625,440.3426513671875,439.3460388183594,440.6783752441406,440.1865539550781,455.8597412109375,451.5088806152344,457.3575134277344,459.8904113769531,479.45263671875,470.13897705078125,475.5165100097656,469.94110107421875,488.02978515625,486.9190979003906,493.5679931640625,486.7462158203125,505.26116943359375,505.512451171875,507.63067626953125,463.3941345214844,482.4825134277344,480.2684020996094,485.4745178222656,482.24371337890625,496.4295654296875,492.0254821777344,497.53375244140625,491.6560974121094,508.0153503417969,504.3832092285156,509.0494689941406
3,Community and Personal Service Workers-Full time,268.0863037109375,264.30987548828125,263.03173828125,276.81842041015625,278.7896423339844,282.19268798828125,277.4523620605469,282.295654296875,277.89208984375,276.562255859375,276.1660461425781,283.6357116699219,273.2528991699219,270.6268310546875,274.0484619140625,280.1272888183594,279.2018737792969,276.5052490234375,278.8072204589844,283.74322509765625,284.35626220703125,284.9008483886719,284.9492492675781,292.7004699707031,299.16656494140625,299.50006103515625,301.0255126953125,306.2541809082031,302.78082275390625,302.96514892578125,303.2058410644531,313.8332214355469,312.8369140625,311.1690673828125,313.28741455078125,321.65521240234375,350.9794921875,348.5254211425781,350.9771423339844,357.7315673828125,357.7898254394531,355.50860595703125,357.4462890625,367.7457275390625,361.6530456542969,361.3184814453125,364.18634033203125,375.0231018066406,367.690185546875,368.67999267578125,368.26812744140625,379.9189453125,380.6664123535156,378.30267333984375,376.5348815917969,390.1763610839844,393.884521484375,385.4803161621094,390.0984802246094,400.4984130859375,403.388916015625,403.7657470703125,404.4400939941406,415.8894958496094,416.0078125,413.5654296875,414.28424072265625,426.3477478027344,424.6659240722656,421.5687561035156,421.8726806640625,430.75732421875,436.80645751953125,437.4795837402344,441.07080078125,449.7544250488281,451.7970886230469,452.28375244140625,451.82012939453125,464.8375549316406,462.5668029785156,461.4320983886719,460.1218566894531,470.58349609375
3,Community and Personal Service Workers-Part time,165.138427734375,187.80197143554688,183.34263610839844,183.7764129638672,178.5157928466797,200.9237823486328,200.0366668701172,201.8563232421875,189.1969757080078,211.76358032226562,212.72386169433594,213.51882934570312,201.989501953125,224.70272827148438,219.7739715576172,221.41119384765625,206.6342315673828,229.29705810546875,227.5144500732422,226.4418182373047,215.35694885253906,235.38311767578125,231.32481384277344,230.0363311767578,232.7433624267578,254.62110900878906,252.869140625,257.2611389160156,248.5393524169922,267.8654479980469,268.22491455078125,271.9385681152344,263.6357421875,285.2445983886719,285.6492004394531,285.885009765625,294.7103271484375,320.417724609375,319.6851806640625,321.34161376953125,311.4114074707031,337.1242370605469,335.19232177734375,336.0470886230469,324.674072265625,352.3806457519531,350.60650634765625,349.4505310058594,342.2923278808594,370.3473815917969,369.73297119140625,370.1356506347656,358.28094482421875,388.42730712890625,386.9251708984375,385.64459228515625,372.4010009765625,406.3089599609375,402.4292297363281,403.3493957519531,395.2025146484375,421.7861328125,421.8675537109375,420.75274658203125,411.3116149902344,442.57269287109375,441.182861328125,437.4567565917969,428.9621276855469,460.73651123046875,457.2225646972656,452.86285400390625,429.46002197265625,463.46612548828125,459.8215637207031,462.54107666015625,448.7727966308594,486.0519104003906,486.6209716796875,485.5454406738281,473.05023193359375,508.3076477050781,503.592041015625,505.53399658203125
3,Labourers-Full time,737.0497436523438,746.397216796875,720.0635986328125,753.1482543945312,738.1494750976562,750.7894287109375,715.525634765625,726.0383911132812,704.27490234375,681.43310546875,644.5487060546875,652.3016357421875,656.8245849609375,648.7759399414062,625.4845581054688,641.7295532226562,647.8890991210938,648.2943115234375,634.3214721679688,654.55224609375,669.9119873046875,673.4430541992188,662.6842041015625,683.0296630859375,682.8251953125,678.3530883789062,670.0724487304688,678.1331176757812,680.677734375,680.58935546875,661.7655639648438,673.2890625,679.3150024414062,664.5411987304688,654.18408203125,659.5145874023438,660.0286254882812,658.297119140625,641.4738159179688,652.7383422851562,662.4447021484375,660.3609619140625,653.1865844726562,665.267578125,672.7642822265625,673.0001831054688,662.7962036132812,675.8195190429688,673.8334350585938,666.8228759765625,658.7283935546875,664.8264770507812,680.5036010742188,674.4345092773438,662.927734375,668.3604736328125,678.1327514648438,672.3880615234375,658.7373046875,669.9461059570312,656.4525146484375,652.0661010742188,648.9373168945312,652.7244873046875,663.3993530273438,655.7388305664062,644.72998046875,655.8068237304688,661.69970703125,658.1016235351562,642.2423706054688,652.846435546875,665.5250854492188,657.0742797851562,646.1204833984375,659.6853637695312,661.4628295898438,662.7457275390625,652.0147094726562,662.2067260742188,671.031982421875,670.2675170898438,659.20703125,679.5491943359375
3,Labourers-Part time,303.3443603515625,320.73394775390625,326.01397705078125,336.9589538574219,325.3272705078125,336.501953125,329.2085876464844,337.655517578125,334.92022705078125,346.97900390625,348.32965087890625,351.2264099121094,340.3373718261719,351.1842346191406,352.4347839355469,356.40240478515625,355.6346740722656,366.1549377441406,366.5343017578125,370.7803649902344,371.322998046875,383.053466796875,385.41009521484375,390.31005859375,364.7004699707031,380.2682189941406,383.4932556152344,386.9533996582031,386.6089782714844,400.6368713378906,402.59869384765625,409.9935302734375,406.9834289550781,421.9461669921875,419.94085693359375,428.79180908203125,391.89727783203125,405.1710510253906,405.20904541015625,408.99713134765625,412.22515869140625,424.6778564453125,421.6374816894531,429.5973205566406,425.3965759277344,442.3379821777344,438.3040466308594,446.7019958496094,410.1833190917969,423.7757568359375,425.1560974121094,426.9803466796875,427.2593078613281,441.3221130371094,442.71514892578125,445.7258605957031,443.4347839355469,455.70623779296875,456.41876220703125,462.89239501953125,448.4508056640625,463.9406433105469,459.0078125,466.6372985839844,460.9490661621094,478.1656188964844,476.1282653808594,481.57086181640625,474.3563537597656,489.13446044921875,486.45269775390625,490.96160888671875,471.19049072265625,479.7066955566406,475.93243408203125,481.51629638671875,478.379638671875,491.1455993652344,485.7166748046875,491.6047668457031,490.5294494628906,500.7541809082031,493.8174743652344,498.54156494140625
3,Machinery Operators and Drivers-Full time,561.5224609375,562.9404296875,573.5401000976562,568.5852661132812,558.31103515625,548.8411254882812,543.7744140625,535.5426025390625,532.0809936523438,522.5272216796875,515.5119018554688,504.55816650390625,501.63409423828125,496.5426025390625,493.6783447265625,489.2666320800781,497.4273681640625,498.45831298828125,501.5240783691406,508.7610778808594,517.7105102539062,522.444580078125,533.10546875,541.3551635742188,519.68798828125,524.7939453125,529.7294921875,543.0635986328125,533.9876098632812,536.8314819335938,541.3662719726562,545.491943359375,541.9961547851562,542.4075927734375,542.8040161132812,552.0252075195312,541.161376953125,544.1837768554688,538.2617797851562,545.8513793945312,540.7845458984375,539.0482177734375,542.4638061523438,547.7822265625,543.2974853515625,547.3284912109375,546.5826416015625,550.2108764648438,535.89453125,539.0176391601562,536.9021606445312,543.9839477539062,541.86474609375,547.9219970703125,551.78564453125,560.4846801757812,560.5889282226562,559.7959594726562,574.96826171875,579.435302734375,537.993408203125,542.0113525390625,545.41845703125,555.8842163085938,546.2766723632812,550.2108154296875,558.408935546875,566.8906860351562,562.3698120117188,562.42236328125,567.3687744140625,581.2391357421875,575.0845947265625,576.2518920898438,571.16552734375,591.2227783203125,587.2150268554688,591.771728515625,597.6070556640625,598.7730102539062,587.648681640625,593.8665161132812,595.0679931640625,601.6146850585938
3,Machinery Operators and Drivers-Part time,48.32184600830078,53.916805267333984,53.91022872924805,60.91434860229492,56.21603012084961,55.7308235168457,55.27804946899414,54.93209457397461,55.66921615600586,60.07999801635742,59.19449234008789,59.69388198852539,60.794647216796875,62.206512451171875,65.12149810791016,64.00084686279297,61.96540451049805,67.95413208007812,65.8121109008789,68.59110260009766,67.63333892822266,69.42353820800781,70.21435546875,70.3924331665039,70.03208923339844,75.7227554321289,72.80911254882812,74.7206039428711,74.42501068115234,77.17937469482422,77.95088195800781,77.71086120605469,75.64881134033203,79.9724349975586,78.6275405883789,79.89157104492188,81.13714599609375,82.33245086669922,82.39179229736328,83.15733337402344,79.51539611816406,87.1719741821289,85.9427490234375,86.33128356933594,85.08296966552734,88.34395599365234,86.1994400024414,87.9405288696289,83.08914184570312,89.11449432373047,88.18932342529297,86.01040649414062,87.81281280517578,88.32542419433594,89.02806091308594,92.5251693725586,86.14636993408203,91.28656005859375,92.64697265625,88.3608627319336,93.00653839111328,99.22856140136719,93.0728530883789,96.71862030029297,94.64203643798828,95.91106414794922,96.81410217285156,96.54033660888672,93.46630096435547,101.4524154663086,92.8272705078125,99.4556884765625,92.41438293457031,96.64012145996094,93.81139373779297,96.66350555419922,90.17005920410156,95.0831527709961,96.7663803100586,96.44430541992188,95.1602783203125,96.84358215332031,94.91947174072266,97.26070404052734
3,Managers-Full time,814.2119140625,813.6792602539062,809.0108032226562,842.5352783203125,849.6409912109375,853.7784423828125,838.380126953125,844.0274047851562,830.748291015625,826.7914428710938,822.44921875,832.7443237304688,825.0388793945312,819.4931030273438,821.0745849609375,828.5318603515625,831.3535766601562,830.833251953125,828.4695434570312,847.1481323242188,841.9208984375,836.6049194335938,838.9712524414062,850.4312133789062,860.7483520507812,856.8514404296875,852.7398071289062,867.7670288085938,870.058349609375,866.8639526367188,866.85888671875,876.6521606445312,876.5178833007812,870.3984985351562,872.5371704101562,889.8745727539062,887.2470703125,884.2085571289062,883.1669311523438,902.1436157226562,899.6251831054688,891.6676025390625,893.1724853515625,906.8603515625,907.72314453125,907.1290283203125,899.260986328125,916.1633911132812,941.4929809570312,934.0527954101562,936.4602661132812,949.7710571289062,954.2218017578125,947.960205078125,948.1585083007812,969.5797729492188,965.4606323242188,957.3408203125,953.2852172851562,970.9805908203125,1028.496337890625,1020.4613647460938,1026.455810546875,1038.67138671875,1047.68359375,1041.07080078125,1032.7008056640625,1053.8980712890625,1054.148681640625,1047.7347412109375,1046.7003173828125,1062.972412109375,1152.3056640625,1146.0806884765625,1138.660888671875,1154.5728759765625,1165.8543701171875,1149.7464599609375,1146.3326416015625,1161.5576171875,1162.437255859375,1157.600341796875,1154.400390625,1167.289306640625
3,Managers-Part time,119.64550018310547,119.26187133789062,118.56962585449219,121.48204040527344,122.81867980957031,124.63893127441406,124.25468444824219,125.07743835449219,123.03502655029297,123.05545806884766,121.76702117919922,121.67406463623047,123.84519958496094,127.2008056640625,125.54043579101562,126.20684051513672,125.74981689453125,130.92471313476562,128.19094848632812,131.74404907226562,130.43411254882812,133.44427490234375,133.1889190673828,133.51177978515625,138.30059814453125,139.82374572753906,140.9701385498047,141.88658142089844,144.55145263671875,146.39801025390625,145.8342742919922,150.0508575439453,148.6811065673828,150.4691619873047,150.48892211914062,149.18275451660156,88.53703308105469,94.10355377197266,92.73048400878906,93.88048553466797,94.91082000732422,95.4923095703125,94.89935302734375,93.67115783691406,93.77108001708984,97.49118041992188,98.56585693359375,99.92549896240234,108.6719741821289,111.42333984375,113.27401733398438,115.95683288574219,117.51480865478516,119.2607421875,118.48076629638672,119.58097076416016,119.06536865234375,120.8855972290039,121.31121063232422,121.70823669433594,129.10350036621094,133.20022583007812,133.51708984375,135.2383575439453,136.41029357910156,142.4570770263672,139.97412109375,141.79495239257812,143.17529296875,145.04209899902344,145.29345703125,146.7577667236328,152.50323486328125,156.6865692138672,155.5277557373047,156.55026245117188,162.2852020263672,164.69688415527344,163.74761962890625,170.3431854248047,168.51959228515625,171.72525024414062,172.1194610595703,175.09283447265625
3,Professionals-Full time,981.5547485351562,987.143798828125,990.0323486328125,1005.0941162109375,1020.625244140625,1020.79296875,1020.510498046875,1026.7510986328125,1028.2701416015625,1022.5748901367188,1022.7472534179688,1029.5751953125,1045.9840087890625,1040.5228271484375,1050.5531005859375,1054.7913818359375,1066.253173828125,1057.98779296875,1060.6661376953125,1075.84814453125,1085.731201171875,1080.088134765625,1094.908447265625,1100.444580078125,1091.4495849609375,1088.8658447265625,1098.0931396484375,1110.1549072265625,1120.4466552734375,1117.9609375,1138.4786376953125,1153.9093017578125,1159.050048828125,1157.8343505859375,1168.0675048828125,1182.41748046875,1225.39013671875,1225.113525390625,1236.608154296875,1246.911376953125,1266.96142578125,1259.29052734375,1276.0087890625,1288.6898193359375,1305.0579833984375,1305.3087158203125,1319.501220703125,1332.255615234375,1375.93408203125,1370.1016845703125,1378.7711181640625,1401.9229736328125,1421.6505126953125,1418.8592529296875,1428.2772216796875,1447.7890625,1468.7794189453125,1459.3734130859375,1477.3076171875,1497.8037109375,1473.4658203125,1469.1640625,1479.34130859375,1492.21435546875,1515.5711669921875,1515.5477294921875,1529.4451904296875,1560.8507080078125,1569.903076171875,1560.8289794921875,1580.78662109375,1597.7969970703125,1609.1336669921875,1607.961669921875,1614.7867431640625,1635.8702392578125,1655.2757568359375,1657.8828125,1665.512451171875,1692.531494140625,1719.634765625,1719.9464111328125,1728.58935546875,1754.8470458984375
3,Professionals-Part time,184.57337951660156,210.07960510253906,207.5563507080078,206.7734375,199.60079956054688,225.22711181640625,226.3219451904297,227.5428009033203,211.59075927734375,238.35154724121094,238.94009399414062,237.92233276367188,219.4491424560547,243.0556640625,240.75735473632812,241.49258422851562,227.01243591308594,251.24269104003906,247.9377899169922,245.65919494628906,231.83583068847656,255.27088928222656,254.54473876953125,252.63682556152344,242.76145935058594,268.47216796875,269.721435546875,269.53582763671875,256.8620300292969,282.412353515625,283.9123840332031,287.5936279296875,272.51824951171875,298.63330078125,299.60986328125,301.86785888671875,287.1888427734375,314.7539978027344,313.6591796875,316.6444091796875,302.9410095214844,333.7294006347656,330.8414306640625,334.10986328125,317.09613037109375,346.864990234375,347.8502502441406,346.9817199707031,323.5176086425781,352.070556640625,353.433349609375,354.19329833984375,343.41839599609375,371.61077880859375,370.8712463378906,371.88958740234375,360.66668701171875,387.0255126953125,385.76177978515625,387.7994079589844,401.00457763671875,430.5626220703125,435.7968444824219,434.3758544921875,419.39324951171875,451.4312744140625,451.92071533203125,447.1868591308594,437.4664306640625,471.25384521484375,465.73321533203125,467.8482360839844,473.07049560546875,509.7579040527344,505.7936096191406,503.2137451171875,498.0029296875,531.1297607421875,523.3785400390625,523.9454956054688,512.8397216796875,548.0262451171875,545.5349731445312,541.6677856445312
3,Sales Workers-Full time,682.3505859375,680.7869262695312,710.03125,719.076904296875,714.6774291992188,720.5723876953125,701.1362915039062,721.5736083984375,696.943115234375,665.0392456054688,665.8573608398438,681.6109619140625,687.9158935546875,659.8070068359375,650.7750854492188,664.6126708984375,671.9913940429688,652.109375,639.8450927734375,653.0198974609375,680.5879516601562,666.1004638671875,662.2656860351562,678.9016723632812,703.2847290039062,691.9481201171875,678.8075561523438,680.1481323242188,696.1024169921875,682.7440185546875,665.5178833007812,670.0390014648438,681.82470703125,668.6898803710938,649.171142578125,654.7362060546875,678.9413452148438,670.6049194335938,658.5000610351562,671.8009643554688,681.7827758789062,668.6754760742188,659.9754638671875,675.024169921875,695.2457885742188,682.2098388671875,673.9559326171875,686.5899047851562,691.2112426757812,684.98974609375,671.1321411132812,682.267578125,687.3438720703125,669.2469482421875,666.65087890625,687.6013793945312,695.8737182617188,688.0202026367188,689.12939453125,708.7684936523438,680.1607666015625,671.482421875,670.8860473632812,699.7298583984375,705.3193969726562,698.41943359375,698.6485595703125,713.7537841796875,712.2867431640625,695.9180908203125,692.7974853515625,709.9937744140625,724.5838012695312,718.2505493164062,721.25146484375,757.8615112304688,757.0235595703125,743.3145751953125,737.241455078125,755.444091796875,749.0120849609375,735.0587158203125,735.1934204101562,755.6090698242188
3,Sales Workers-Part time,323.5714111328125,339.5301513671875,344.3402404785156,356.39154052734375,345.9468994140625,355.8112487792969,347.3829040527344,354.2798767089844,351.0499572753906,365.1953430175781,364.9661865234375,370.03021240234375,371.51556396484375,384.2490234375,383.02008056640625,387.6840515136719,387.05633544921875,398.36517333984375,396.38671875,404.09136962890625,402.7676696777344,416.82489013671875,414.65130615234375,422.548583984375,412.6760559082031,427.69085693359375,426.83441162109375,434.242919921875,430.5303649902344,445.61395263671875,444.5614013671875,450.7669982910156,453.2426452636719,466.8986511230469,465.85369873046875,469.703857421875,500.54644775390625,509.4164123535156,507.01324462890625,513.8287353515625,509.33551025390625,526.5254516601562,519.3506469726562,524.7261352539062,520.378662109375,537.9887084960938,533.4024658203125,536.9019775390625,534.2222900390625,549.3331298828125,549.6687622070312,555.165771484375,551.4143676757812,567.0580444335938,563.752685546875,568.4418334960938,567.2642822265625,584.5537109375,579.530029296875,587.4044189453125,602.4736328125,622.7876586914062,614.7861328125,620.791015625,620.3726196289062,637.3256225585938,631.2483520507812,635.6591186523438,627.7681884765625,648.821044921875,642.9508056640625,645.333740234375,624.6533813476562,642.994140625,638.5068969726562,646.7559204101562,644.7406005859375,656.0304565429688,654.4720458984375,661.4091796875,657.1653442382812,674.5497436523438,670.86865234375,670.9479370117188
3,Technicians and Trades Workers-Full time,1281.0513916015625,1293.2105712890625,1280.2203369140625,1289.0634765625,1265.0191650390625,1269.508056640625,1257.7418212890625,1235.205078125,1215.1751708984375,1201.7984619140625,1186.9962158203125,1182.682373046875,1175.0726318359375,1167.3336181640625,1155.6168212890625,1162.028564453125,1174.5220947265625,1171.8123779296875,1164.0289306640625,1175.486328125,1190.2320556640625,1187.4666748046875,1185.6024169921875,1195.7574462890625,1194.3919677734375,1196.7408447265625,1184.76611328125,1197.704833984375,1208.6502685546875,1206.1038818359375,1194.8634033203125,1213.8797607421875,1226.2601318359375,1222.0494384765625,1211.753173828125,1216.2877197265625,1225.5379638671875,1226.0478515625,1222.2894287109375,1230.21044921875,1251.069091796875,1247.894775390625,1239.1181640625,1253.2921142578125,1269.0997314453125,1268.6536865234375,1262.9140625,1271.234130859375,1265.3382568359375,1264.278076171875,1256.8057861328125,1272.4993896484375,1282.982177734375,1285.543701171875,1283.40234375,1287.9349365234375,1303.4664306640625,1306.7701416015625,1293.8468017578125,1310.6864013671875,1282.0186767578125,1281.2020263671875,1279.64892578125,1291.088134765625,1309.30859375,1300.6875,1293.4615478515625,1304.845458984375,1323.445556640625,1321.695068359375,1313.93408203125,1326.0899658203125,1387.9779052734375,1380.2994384765625,1377.377197265625,1395.8656005859375,1418.6441650390625,1416.1519775390625,1399.91259765625,1418.197998046875,1433.3779296875,1421.155029296875,1413.1129150390625,1428.2506103515625
3,Technicians and Trades Workers-Part time,78.51033782958984,82.28435516357422,82.61590576171875,85.93228912353516,86.06165313720703,89.73591613769531,90.93921661376953,91.1324234008789,91.6618423461914,95.2198257446289,94.87748718261719,94.6366958618164,96.99908447265625,101.81769561767578,101.4173583984375,100.6159439086914,99.78465270996094,103.95227813720703,103.62103271484375,103.9213638305664,102.40982055664062,104.19397735595703,105.45201110839844,103.91549682617188,105.58990478515625,108.08194732666016,110.45609283447266,109.14496612548828,109.4980239868164,111.73561096191406,114.34842681884766,113.48592376708984,114.39141082763672,118.72244262695312,119.39511108398438,117.44241333007812,114.7168960571289,117.91185760498047,118.76024627685547,118.27132415771484,119.42089080810547,124.6854248046875,123.40461730957031,123.78250122070312,125.60699462890625,128.72445678710938,127.71031188964844,129.3109893798828,130.52615356445312,134.60792541503906,135.87046813964844,136.74163818359375,137.5381622314453,142.4174346923828,144.21343994140625,143.420166015625,144.21182250976562,150.01498413085938,150.41111755371094,149.2030029296875,154.78126525878906,162.8888702392578,162.70127868652344,162.98251342773438,164.04959106445312,169.36012268066406,169.43991088867188,170.38433837890625,172.68014526367188,177.56008911132812,177.77586364746094,176.42127990722656,188.69464111328125,197.3331298828125,196.68539428710938,196.4896697998047,198.34681701660156,205.056884765625,207.0979461669922,207.11871337890625,207.5218505859375,214.0411376953125,215.82650756835938,215.03994750976562
4,Clerical and Administrative Workers-Full time-Females,559.5035400390625,562.4223022460938,551.9586181640625,569.4473876953125,567.8428344726562,557.27099609375,551.2009887695312,552.1876831054688,558.9251708984375,545.6434326171875,534.7034912109375,517.7548217773438,540.2515258789062,531.2686157226562,528.3739013671875,524.2718505859375,539.4251098632812,540.5703735351562,542.6874389648438,544.2919921875,560.0493774414062,559.824951171875,561.37646484375,560.8933715820312,565.2469482421875,563.2545776367188,561.3787841796875,560.0457153320312,571.1473388671875,565.7703857421875,567.0799560546875,562.7809448242188,575.379150390625,568.9168090820312,567.701171875,567.0137329101562,578.2138061523438,571.722900390625,571.5264892578125,570.0092163085938,584.85107421875,576.7726440429688,578.5344848632812,581.4332275390625,593.914306640625,587.2906494140625,588.2122192382812,587.983154296875,621.6442260742188,610.2831420898438,608.2587890625,602.1434936523438,612.9746704101562,601.3453979492188,600.6115112304688,600.6836547851562,606.5411987304688,601.462646484375,600.8935546875,598.59033203125,600.8464965820312,601.2145385742188,603.1492309570312,604.4718017578125,613.7742919921875,611.48193359375,610.363037109375,611.9769287109375,623.4635009765625,616.6793823242188,614.542724609375,614.7219848632812,622.4419555664062,617.666748046875,613.43212890625,618.0658569335938,628.7139282226562,615.7864379882812,618.4605712890625,616.7843627929688,622.205322265625,622.8291015625,612.9284057617188,622.29150390625
4,Clerical and Administrative Workers-Full time-Males,184.88214111328125,186.68731689453125,178.90536499023438,171.564697265625,181.11441040039062,185.58653259277344,175.3501739501953,177.14002990722656,181.68276977539062,175.91299438476562,171.02163696289062,172.6339874267578,177.4518280029297,172.935546875,172.83099365234375,174.8774871826172,180.94952392578125,173.49876403808594,174.0133056640625,176.1838836669922,182.0709228515625,175.7555694580078,175.76004028320312,179.4526824951172,179.82200622558594,169.89895629882812,172.51173400878906,177.1696014404297,184.89808654785156,176.8386688232422,176.14144897460938,178.44622802734375,180.7791748046875,174.21914672851562,176.2050323486328,179.45106506347656,174.4383544921875,169.39707946777344,168.30752563476562,172.41729736328125,177.44444274902344,170.3415985107422,172.4871368408203,176.50608825683594,179.5158233642578,173.93788146972656,173.73403930664062,176.8096160888672,177.34075927734375,169.3274383544922,168.6704864501953,171.99549865722656,178.43544006347656,172.68980407714844,172.95985412597656,177.19903564453125,181.14804077148438,171.627197265625,172.09970092773438,177.5897979736328,183.85635375976562,179.1112518310547,180.32969665527344,184.5945587158203,186.22048950195312,179.69403076171875,181.5133819580078,186.39930725097656,190.8258819580078,182.41798400878906,183.8704376220703,188.63241577148438,198.20040893554688,189.2149658203125,187.61590576171875,189.620361328125,194.72091674804688,189.77224731445312,194.26771545410156,199.30438232421875,202.19667053222656,193.26026916503906,191.57318115234375,198.08489990234375
4,Clerical and Administrative Workers-Part time-Females,269.214111328125,282.7431335449219,290.3892822265625,301.5899963378906,290.23565673828125,300.1953125,294.2147216796875,302.0337829589844,296.6056213378906,310.63592529296875,308.8035583496094,313.8786315917969,287.8636169433594,299.969482421875,298.2366027832031,305.24627685546875,299.92645263671875,313.515625,314.0429382324219,322.98333740234375,321.149169921875,331.18194580078125,333.26593017578125,338.7909851074219,320.82366943359375,334.2730712890625,333.21051025390625,339.72918701171875,338.40899658203125,351.544189453125,351.2376403808594,356.1946105957031,354.67169189453125,366.3194274902344,367.8818054199219,373.9652099609375,354.7646789550781,368.6923522949219,367.2425537109375,375.4669494628906,372.4769592285156,386.0335998535156,384.8565673828125,391.6013488769531,387.63140869140625,401.6155090332031,398.09033203125,405.677490234375,386.7388916015625,402.5034484863281,401.2225341796875,405.554931640625,404.98834228515625,415.9230651855469,418.2506408691406,423.7976989746094,417.6559143066406,434.2150573730469,430.79412841796875,437.4772033691406,435.2668151855469,450.9500427246094,444.8885803222656,450.7771301269531,446.81134033203125,460.2523498535156,462.12091064453125,466.608154296875,461.7605895996094,476.1609191894531,471.24725341796875,481.4111328125,436.0208435058594,452.4967956542969,449.48138427734375,455.25701904296875,452.8393249511719,465.9203186035156,462.0552062988281,470.4171447753906,461.5379333496094,473.7425231933594,469.7852783203125,477.0115966796875
4,Clerical and Administrative Workers-Part time-Males,8.547761917114258,10.72690486907959,9.926850318908691,9.7080078125,9.257708549499512,11.426078796386719,11.017841339111328,11.129920959472656,11.105883598327637,12.897068977355957,12.252519607543945,12.090246200561523,12.389750480651855,14.0332670211792,13.999444007873535,13.322358131408691,13.189208984375,14.864380836486816,14.855725288391113,14.070541381835938,14.430804252624512,15.57193660736084,15.487809181213379,14.71456527709961,15.266374588012695,16.835222244262695,15.972334861755371,16.061126708984375,15.969035148620605,17.66305160522461,17.189788818359375,16.914241790771484,16.791465759277344,18.469520568847656,18.17241668701172,17.54236602783203,16.627395629882812,19.129079818725586,18.50507164001465,18.336376190185547,17.5760498046875,20.918607711791992,19.939800262451172,19.511690139770508,19.257970809936523,21.45442008972168,21.188764572143555,20.56772232055664,20.649837493896484,23.713850021362305,23.456283569335938,23.253337860107422,22.438350677490234,25.319149017333984,25.141550064086914,24.122737884521484,23.826107025146484,26.563701629638672,26.281415939331055,25.291776657104492,25.797731399536133,29.768173217773438,29.719871520996094,28.374937057495117,28.610923767089844,32.18467712402344,30.265756607055664,29.063282012939453,29.613542556762695,33.33320617675781,32.131343841552734,31.160938262939453,27.149168014526367,29.802570343017578,28.82054901123047,28.573711395263672,28.76793670654297,31.785974502563477,31.468652725219727,30.390687942504883,29.8372745513916,33.429771423339844,32.45707321166992,32.39118957519531
4,Community and Personal Service Workers-Full time-Females,127.86864471435547,125.4631118774414,125.26860046386719,131.8240966796875,133.8541717529297,135.93661499023438,134.91514587402344,136.89955139160156,133.74942016601562,132.94061279296875,134.56150817871094,139.3267059326172,132.69772338867188,131.37753295898438,132.5331268310547,136.7555389404297,135.77490234375,136.57171630859375,137.2718963623047,141.92791748046875,139.54234313964844,139.25900268554688,140.9639892578125,145.6935272216797,152.13638305664062,152.1696014404297,154.17759704589844,159.64492797851562,160.0684356689453,159.3003692626953,158.2065887451172,165.88720703125,165.3922882080078,163.0502166748047,164.88156127929688,170.77049255371094,186.9793243408203,185.10693359375,188.624267578125,193.56004333496094,193.1609344482422,189.95297241210938,192.23558044433594,198.6662139892578,197.18692016601562,197.64683532714844,198.67745971679688,207.18243408203125,199.66879272460938,198.00393676757812,197.5823516845703,205.29177856445312,205.7584228515625,205.32315063476562,208.07667541503906,215.16294860839844,214.848388671875,212.17977905273438,215.42913818359375,221.14881896972656,217.9534912109375,218.9810791015625,220.53611755371094,226.1944580078125,226.91990661621094,227.69677734375,228.1284637451172,236.23536682128906,237.80226135253906,234.91209411621094,237.66824340820312,243.3783416748047,245.45738220214844,244.24513244628906,249.43252563476562,258.64959716796875,255.2266845703125,251.8232879638672,255.1870574951172,263.223388671875,265.384765625,261.96429443359375,263.32196044921875,272.0240478515625
4,Community and Personal Service Workers-Full time-Males,139.8115997314453,144.13717651367188,144.94088745117188,148.4478302001953,149.8173828125,153.33966064453125,154.2210235595703,154.59423828125,154.3395538330078,158.7620086669922,160.47573852539062,157.63352966308594,144.49952697753906,147.56393432617188,148.68849182128906,149.39047241210938,149.0440673828125,150.33010864257812,151.2737274169922,151.0719451904297,150.4670867919922,154.62576293945312,154.07525634765625,155.11361694335938,145.69268798828125,149.73446655273438,149.4949188232422,149.3974609375,150.83267211914062,154.15830993652344,154.14913940429688,154.57623291015625,157.444580078125,160.36878967285156,159.4722137451172,161.30348205566406,166.62258911132812,170.29566955566406,172.86227416992188,173.04290771484375,172.415283203125,176.57240295410156,179.17355346679688,178.1919403076172,179.94432067871094,182.4464111328125,183.47463989257812,183.32073974609375,173.12745666503906,174.24644470214844,174.42176818847656,176.34332275390625,178.5950469970703,182.62979125976562,184.60128784179688,186.236572265625,187.11740112304688,189.33499145507812,193.4825439453125,193.80799865722656,188.99371337890625,190.7497100830078,192.29513549804688,193.4449462890625,197.06573486328125,200.57928466796875,202.83975219726562,203.0515594482422,207.96292114257812,210.68096923828125,213.76719665527344,211.5222625732422,195.2308807373047,198.05624389648438,199.74496459960938,200.29977416992188,202.84738159179688,207.09100341796875,208.925537109375,211.84625244140625,215.0907440185547,220.02838134765625,221.7609100341797,222.9530487060547
4,Community and Personal Service Workers-Part time-Females,138.11773681640625,160.44540405273438,155.5740203857422,155.15211486816406,150.8220977783203,171.1963653564453,170.88604736328125,171.80274963378906,160.39642333984375,182.4061737060547,181.10595703125,182.24913024902344,170.10800170898438,187.5311737060547,186.38299560546875,186.69491577148438,173.5652618408203,193.54318237304688,191.12030029296875,192.15496826171875,180.0546417236328,198.51678466796875,196.23277282714844,196.1009521484375,191.4388427734375,208.89761352539062,207.81199645996094,212.1288299560547,202.6117706298828,221.77882385253906,223.5265350341797,224.8157196044922,216.07510375976562,238.0787811279297,238.14700317382812,236.3581085205078,238.95779418945312,259.46234130859375,260.28607177734375,263.4424743652344,250.6028594970703,273.7356262207031,270.0293884277344,272.3180236816406,264.45233154296875,288.337158203125,284.9862365722656,285.2950744628906,279.298095703125,306.40460205078125,304.0935974121094,302.1205139160156,293.92333984375,320.2762451171875,318.9622497558594,314.63995361328125,306.4036865234375,334.89385986328125,330.5060729980469,329.0538024902344,321.0675048828125,343.8714599609375,342.739501953125,342.5581970214844,333.0959777832031,358.91973876953125,357.26611328125,356.3828430175781,348.1953430175781,373.6485595703125,373.7860107421875,369.28955078125,345.0994567871094,373.1092834472656,374.90411376953125,374.502197265625,363.43096923828125,396.53448486328125,394.0574951171875,393.4495849609375,379.941650390625,414.8528137207031,412.0436706542969,407.8666687011719
4,Community and Personal Service Workers-Part time-Males,24.966087341308594,29.742990493774414,28.025184631347656,28.034976959228516,26.7600154876709,31.614845275878906,30.688945770263672,31.063234329223633,30.07916259765625,34.86677932739258,33.797630310058594,34.24093246459961,34.02518081665039,39.4035758972168,38.76184844970703,37.75541687011719,36.43781661987305,41.537384033203125,41.00204086303711,40.282405853271484,39.12126922607422,43.5247802734375,43.1668815612793,42.245235443115234,42.08294677734375,47.74134826660156,47.451446533203125,46.9012336730957,46.08036422729492,52.19021987915039,51.11040496826172,50.524417877197266,48.7757453918457,54.245330810546875,54.389732360839844,51.943702697753906,56.60352325439453,63.815406799316406,62.6560173034668,60.74220275878906,59.96342086791992,68.52375793457031,66.67093658447266,64.96565246582031,64.360107421875,71.2350845336914,69.8564682006836,69.30972290039062,65.10821533203125,72.06977081298828,71.62347412109375,68.91155242919922,66.75816345214844,76.4944839477539,75.86971282958984,74.17880249023438,71.75811767578125,79.52935791015625,77.73905181884766,75.28126525878906,73.92229461669922,82.59429168701172,82.3599853515625,81.2323226928711,78.18914794921875,87.77969360351562,87.01852416992188,83.62862396240234,82.28506469726562,93.29306030273438,91.1664047241211,88.71256256103516,83.48670196533203,92.388671875,92.65177917480469,89.83625793457031,88.16001892089844,97.32501220703125,97.17012786865234,94.7455062866211,92.69285583496094,101.73652648925781,102.61911010742188,98.84944915771484
4,Labourers-Full time-Females,169.89385986328125,175.13082885742188,164.94808959960938,178.1494140625,187.29319763183594,187.6634063720703,162.12953186035156,172.5654296875,165.50155639648438,163.76072692871094,157.24757385253906,157.10873413085938,152.166259765625,150.18890380859375,150.94480895996094,157.0223846435547,151.56663513183594,150.2396240234375,152.42987060546875,160.1768035888672,158.4889678955078,156.4581756591797,157.7969512939453,164.34934997558594,159.8141632080078,158.92112731933594,158.91905212402344,162.3349609375,159.59817504882812,156.6432342529297,156.05662536621094,160.14117431640625,156.31997680664062,152.3887939453125,153.3292694091797,157.53553771972656,151.8570098876953,151.97341918945312,154.8756103515625,159.58094787597656,156.25196838378906,155.1641845703125,159.59140014648438,165.04562377929688,164.1862335205078,159.72897338867188,162.27671813964844,166.921875,160.24273681640625,155.10194396972656,158.7408905029297,159.4345245361328,158.03085327148438,155.13043212890625,157.59315490722656,161.0432586669922,157.83065795898438,154.50283813476562,154.35809326171875,159.59022521972656,148.04864501953125,150.7320098876953,156.95712280273438,158.85989379882812,152.90966796875,148.57131958007812,151.462158203125,157.4285430908203,156.87203979492188,151.1743927001953,150.4669647216797,153.12017822265625,156.44631958007812,153.01402282714844,156.1958465576172,157.1906280517578,155.77542114257812,151.41441345214844,153.59457397460938,156.76625061035156,155.05868530273438,154.00039672851562,154.6866912841797,159.4979705810547
4,Labourers-Full time-Males,572.2498779296875,577.1671752929688,557.0540161132812,580.4595947265625,570.2841186523438,579.8043212890625,551.3539428710938,553.3201904296875,535.4921875,520.4625244140625,491.6570129394531,497.661376953125,500.2347412109375,493.74188232421875,477.0885009765625,493.4004821777344,499.33233642578125,501.9516296386719,490.0443420410156,506.2574157714844,517.5364990234375,522.353759765625,514.0809936523438,527.8629150390625,521.4490356445312,523.0867309570312,515.1683959960938,521.6634521484375,525.1012573242188,526.1961669921875,516.627685546875,520.8796997070312,523.6532592773438,517.0109252929688,509.2969055175781,517.6566162109375,509.13629150390625,507.3326721191406,494.82330322265625,508.1277770996094,514.4537963867188,513.1649169921875,510.85040283203125,518.53466796875,527.3101806640625,526.7838134765625,519.2979125976562,527.953125,514.8251342773438,509.9176330566406,504.1553039550781,509.9778747558594,521.6786499023438,517.7545166015625,515.31689453125,517.4613647460938,525.9483032226562,522.9293212890625,516.7893676757812,520.425048828125,504.9175720214844,503.8068542480469,498.9844970703125,504.20489501953125,512.369873046875,509.32135009765625,495.93994140625,501.3868713378906,511.9395751953125,507.3803405761719,496.4710388183594,507.4942932128906,505.2672424316406,504.7691955566406,495.7496643066406,502.9986267089844,509.24969482421875,510.0901184082031,507.607177734375,514.5047607421875,521.1861572265625,526.3282470703125,523.9463500976562,525.9395141601562
4,Labourers-Part time-Females,205.04835510253906,211.77200317382812,216.0060577392578,215.83653259277344,204.53421020507812,215.13778686523438,215.50672912597656,221.59512329101562,214.6060333251953,211.52001953125,205.0056610107422,208.65074157714844,203.18487548828125,204.88320922851562,199.6714324951172,208.74867248535156,205.7031707763672,208.2325439453125,202.97323608398438,211.66078186035156,210.26844787597656,215.1205596923828,210.43084716796875,217.04513549804688,212.89059448242188,214.5279083251953,211.17825317382812,214.5355682373047,210.689453125,215.09698486328125,208.69583129882812,211.89857482910156,208.83248901367188,212.30987548828125,210.85250854492188,216.89358520507812,208.42576599121094,211.24313354492188,206.22525024414062,216.3498992919922,217.13998413085938,217.27964782714844,216.4757537841797,224.40695190429688,222.375,226.5773162841797,222.68423461914062,229.78089904785156,217.58580017089844,219.07504272460938,213.66615295410156,219.2430419921875,216.5661163330078,217.14552307128906,217.10401916503906,221.3307342529297,223.11351013183594,226.08987426757812,227.3953399658203,231.5939483642578,229.3666534423828,229.883056640625,227.15945434570312,231.96775817871094,226.76840209960938,230.8761749267578,227.15000915527344,232.82562255859375,231.56259155273438,236.92604064941406,235.16854858398438,242.53721618652344,241.8874053955078,242.49510192871094,239.17669677734375,247.4871368408203,238.99612426757812,242.01776123046875,236.85845947265625,241.10284423828125,237.2397003173828,233.3660125732422,228.6743621826172,237.96656799316406
4,Labourers-Part time-Males,100.2360610961914,106.77234649658203,108.84246063232422,118.23702239990234,110.90113830566406,116.5627212524414,115.98294830322266,121.23045349121094,119.60736083984375,125.12895202636719,126.4361343383789,129.94715881347656,128.03994750976562,134.09390258789062,135.5212860107422,138.67298889160156,135.6100311279297,144.50611877441406,145.7656707763672,147.93309020996094,146.49356079101562,152.08944702148438,152.54672241210938,156.47850036621094,149.3136444091797,156.6372528076172,156.79920959472656,161.4842071533203,159.1099853515625,165.3114471435547,166.04750061035156,169.62367248535156,166.43272399902344,176.32630920410156,173.73521423339844,177.6155548095703,177.2198944091797,181.2992706298828,181.77638244628906,186.81997680664062,185.12625122070312,192.59927368164062,190.7310028076172,194.1689453125,190.21505737304688,198.38673400878906,196.9115753173828,196.6361846923828,186.15838623046875,193.33628845214844,195.3358917236328,196.51507568359375,192.0174102783203,201.84400939941406,201.84107971191406,208.25306701660156,203.15635681152344,210.1687774658203,208.36080932617188,209.1567840576172,214.71632385253906,224.43617248535156,223.0989532470703,225.0142364501953,220.47056579589844,232.37110900878906,226.40611267089844,231.63014221191406,225.0574951171875,233.9742889404297,229.13882446289062,234.39125061035156,227.45677185058594,231.57717895507812,235.39476013183594,236.15316772460938,233.1627197265625,239.87197875976562,235.337646484375,238.17538452148438,231.840576171875,243.61102294921875,238.4838104248047,240.23281860351562
4,Machinery Operators and Drivers-Full time-Females,77.30413055419922,75.45816802978516,81.39602661132812,77.06063079833984,72.33776092529297,72.61711883544922,70.10671997070312,70.60841369628906,65.6036605834961,64.20896911621094,64.8013916015625,66.77014923095703,62.95184326171875,57.4801139831543,58.63434982299805,61.759307861328125,62.27670669555664,59.81618118286133,61.098289489746094,66.5298080444336,64.26595306396484,59.67061233520508,60.033042907714844,63.20048141479492,60.52682113647461,56.318145751953125,56.34482192993164,57.071834564208984,51.77676010131836,52.37995147705078,50.310096740722656,51.07545471191406,51.81696319580078,50.83424758911133,48.298465728759766,51.7551155090332,53.41899871826172,50.220985412597656,49.52494430541992,51.43193054199219,49.461795806884766,47.81024932861328,47.832305908203125,46.71879196166992,44.743011474609375,44.68882369995117,42.06221008300781,42.342567443847656,43.606624603271484,42.625038146972656,41.370933532714844,44.06923294067383,43.94407653808594,43.31381607055664,43.74903869628906,43.567440032958984,40.60040283203125,43.86397171020508,43.65310287475586,42.60842514038086,42.83445739746094,44.19327926635742,40.08034133911133,39.35552978515625,39.924407958984375,40.06656265258789,39.16249465942383,41.37229919433594,40.36795425415039,41.78627014160156,42.51803970336914,42.712059020996094,42.28398895263672,46.83608627319336,45.70903778076172,47.654388427734375,44.2475700378418,47.17790985107422,44.70604705810547,45.63039779663086,46.67182159423828,46.734432220458984,42.455162048339844,43.862396240234375
4,Machinery Operators and Drivers-Full time-Males,485.96673583984375,485.85626220703125,494.52557373046875,491.7042236328125,481.49176025390625,474.03497314453125,470.6711120605469,462.066650390625,459.79132080078125,451.69769287109375,444.4185485839844,433.5525207519531,435.1207275390625,431.6439514160156,428.302001953125,425.8388977050781,429.4949951171875,432.14447021484375,435.24615478515625,438.6262512207031,446.4333801269531,452.8064270019531,461.2122802734375,469.4769287109375,459.2467346191406,460.7673034667969,468.1569519042969,476.70025634765625,475.002197265625,477.01971435546875,479.3561096191406,482.73858642578125,477.453857421875,477.54583740234375,480.91412353515625,483.46478271484375,491.286376953125,492.24298095703125,490.1103820800781,493.4391784667969,487.95416259765625,488.6568908691406,488.5479736328125,487.3426208496094,487.0929870605469,488.4466247558594,492.1387939453125,498.73626708984375,488.6391906738281,491.387451171875,498.3237609863281,496.2992248535156,496.94580078125,502.2729187011719,505.1673583984375,511.14422607421875,508.15130615234375,513.4097290039062,519.0943603515625,530.8095703125,495.9243469238281,497.8872375488281,498.8534851074219,504.58978271484375,503.1964416503906,505.7557678222656,508.91058349609375,512.6361083984375,514.15087890625,518.4764404296875,526.0968627929688,533.90673828125,533.4193115234375,536.4397583007812,539.4684448242188,548.7881469726562,546.1891479492188,550.2106323242188,553.2326049804688,557.9869995117188,545.0665283203125,550.5292358398438,552.443115234375,556.19873046875
4,Machinery Operators and Drivers-Part time-Females,23.863021850585938,27.52069091796875,24.908540725708008,27.909372329711914,27.14570426940918,26.49146270751953,26.972219467163086,24.382503509521484,25.212312698364258,26.751821517944336,23.001445770263672,26.299352645874023,25.267166137695312,23.125682830810547,23.118051528930664,26.168087005615234,22.94546127319336,24.50139808654785,24.539020538330078,27.69432258605957,25.893320083618164,27.001420974731445,27.62921714782715,27.864158630371094,23.481075286865234,26.382009506225586,26.24993133544922,25.74994659423828,24.410171508789062,26.211153030395508,24.30597686767578,25.835424423217773,25.23274040222168,26.923276901245117,26.564931869506836,27.51539421081543,26.547542572021484,25.188020706176758,23.78154754638672,26.723876953125,25.41534996032715,26.018531799316406,26.805418014526367,26.704816818237305,27.037572860717773,26.530485153198242,26.84141731262207,27.341886520385742,26.794466018676758,26.417991638183594,26.1003475189209,24.84432601928711,25.24031639099121,25.708913803100586,26.066646575927734,26.96377944946289,27.5457706451416,28.130273818969727,27.457796096801758,25.155902862548828,24.30036735534668,28.710298538208008,27.101823806762695,27.280710220336914,26.80803108215332,28.146039962768555,26.32943344116211,28.53346824645996,27.5283260345459,30.167613983154297,26.393966674804688,26.56464385986328,24.554908752441406,21.9345703125,22.748065948486328,24.275270462036133,24.023452758789062,24.192914962768555,25.459102630615234,24.29364585876465,24.116069793701172,22.672483444213867,24.08877944946289,22.350624084472656
4,Machinery Operators and Drivers-Part time-Males,26.873947143554688,28.330429077148438,29.75767707824707,32.80169677734375,30.49879264831543,32.538211822509766,32.05439376831055,33.816436767578125,32.632049560546875,35.40940475463867,35.94072723388672,37.33072280883789,35.64434814453125,38.30308151245117,38.732540130615234,39.98832321166992,38.99370193481445,41.303794860839844,42.469757080078125,43.70999526977539,42.808265686035156,44.78263854980469,45.25152587890625,45.970787048339844,44.68722915649414,48.359859466552734,47.74842071533203,50.25699996948242,49.4774055480957,52.1147575378418,52.513885498046875,53.98781967163086,52.300010681152344,56.0269775390625,56.41788101196289,58.004337310791016,52.54147720336914,56.400840759277344,56.035221099853516,58.09947204589844,56.805145263671875,61.00599670410156,60.252037048339844,62.7357292175293,60.86804962158203,65.23946380615234,64.55559539794922,67.16646575927734,58.58452606201172,61.50117492675781,62.8165283203125,63.98089599609375,61.4378662109375,64.64561462402344,66.6192855834961,68.94327545166016,66.07160186767578,69.35833740234375,68.98360443115234,71.9773178100586,66.52725982666016,70.0350570678711,70.4937744140625,72.75437927246094,71.18582916259766,73.92522430419922,73.78467559814453,76.41483306884766,74.09614562988281,77.88384246826172,77.35992431640625,79.2231674194336,65.82963562011719,70.8257064819336,71.2463150024414,72.66567993164062,69.90062713623047,73.51066589355469,74.12117004394531,77.01138305664062,73.56159973144531,77.22900390625,75.3731918334961,79.56221008300781
4,Managers-Full time-Females,178.59747314453125,177.54237365722656,176.64195251464844,184.7163543701172,189.04898071289062,190.64453125,188.4239959716797,192.44480895996094,189.19635009765625,187.07887268066406,189.76727294921875,193.6790771484375,195.03668212890625,193.33615112304688,192.41311645507812,199.53652954101562,196.5337371826172,195.9918975830078,195.75283813476562,201.47216796875,200.00531005859375,199.47897338867188,201.3607177734375,208.25454711914062,212.43350219726562,208.09695434570312,208.9347686767578,217.31529235839844,218.0480194091797,216.14132690429688,217.25901794433594,224.038330078125,221.07374572753906,221.21224975585938,223.908203125,231.3321075439453,217.8701171875,214.39244079589844,217.72703552246094,225.13975524902344,226.1219940185547,226.35450744628906,224.696044921875,235.47512817382812,230.90818786621094,232.02090454101562,231.9416046142578,242.03529357910156,245.55941772460938,242.6767120361328,243.78724670410156,253.24505615234375,251.7485809326172,250.69271850585938,254.19949340820312,262.25958251953125,261.5599060058594,257.9859619140625,258.42340087890625,268.9368896484375,283.1993408203125,287.1517333984375,288.0560607910156,295.2419738769531,295.7969665527344,293.9315490722656,296.25543212890625,304.46282958984375,303.7857360839844,300.5448913574219,300.5788269042969,312.14520263671875,346.26287841796875,340.3324890136719,341.92266845703125,352.1650390625,354.5877685546875,350.7871398925781,352.6476745605469,361.0614318847656,361.29229736328125,358.4991149902344,358.6705322265625,370.2108459472656
4,Managers-Full time-Males,640.7783813476562,637.9613647460938,642.505615234375,657.2346801757812,671.8087768554688,667.4976806640625,659.4495239257812,652.7756958007812,640.8305053710938,634.8804931640625,634.5621948242188,635.443603515625,630.370361328125,635.9512939453125,638.9559326171875,643.5166625976562,638.3111572265625,640.6749877929688,644.7879028320312,649.8969116210938,647.4493408203125,650.6627807617188,656.6885986328125,659.26123046875,651.9967041015625,652.6699829101562,658.53173828125,659.9000244140625,658.5223999023438,667.374755859375,669.2606811523438,672.5123901367188,670.1656494140625,672.8541870117188,675.47216796875,675.7617797851562,670.5609741210938,681.0294799804688,684.5813598632812,689.8736572265625,688.3107299804688,691.763427734375,698.7669067382812,702.5940551757812,703.7815551757812,701.7770385742188,710.2600708007812,712.2549438476562,704.8054809570312,710.1454467773438,717.5179443359375,723.3001708984375,729.6097412109375,731.5279541015625,738.69921875,739.3829956054688,738.39306640625,747.6502685546875,744.7283935546875,747.0116577148438,755.4126586914062,761.4453735351562,770.30078125,777.5850219726562,786.077880859375,781.4873046875,783.373779296875,791.017578125,796.048828125,799.2131958007812,799.318603515625,799.1722412109375,816.479248046875,832.4588012695312,832.9790649414062,841.7343139648438,847.6488037109375,855.5565185546875,855.2921752929688,861.3580322265625,861.6505126953125,859.3457641601562,867.9866943359375,874.1480102539062
4,Managers-Part time-Females,96.83718872070312,95.00211334228516,93.23712158203125,94.94365692138672,93.21475982666016,96.14714813232422,93.11566925048828,101.8337173461914,96.8009262084961,95.97073364257812,93.25534057617188,100.54356384277344,92.40829467773438,98.0843276977539,95.02300262451172,99.91050720214844,96.50735473632812,101.33998107910156,100.5964126586914,101.01920318603516,99.12712097167969,102.54915618896484,100.40047454833984,99.33782196044922,99.57167053222656,102.20307159423828,101.60954284667969,102.2532958984375,101.19282531738281,102.63936614990234,101.65270233154297,102.10852813720703,100.38238525390625,102.5212631225586,101.44342803955078,101.67727661132812,58.6796875,67.8332290649414,65.06144714355469,63.78075408935547,61.33317184448242,64.5155258178711,70.3883056640625,65.2479019165039,67.05720520019531,71.7258529663086,71.6085205078125,74.12285614013672,69.73108673095703,70.5312271118164,73.67272186279297,75.50483703613281,75.02289581298828,78.6712417602539,75.91996002197266,80.19286346435547,80.53091430664062,80.68315124511719,82.19391632080078,78.5567626953125,84.92113494873047,87.00839233398438,87.47586059570312,89.32623291015625,89.5399169921875,92.36151885986328,93.38011932373047,94.67932891845703,93.46373748779297,95.7754135131836,96.91536712646484,96.67071533203125,93.43440246582031,97.98677062988281,97.54126739501953,97.09069061279297,99.10043334960938,101.61143493652344,102.28031921386719,100.93134307861328,100.9200210571289,103.83012390136719,104.02473449707031,105.13529205322266
4,Managers-Part time-Males,25.522232055664062,27.23858070373535,27.742111206054688,29.358482360839844,30.284740447998047,32.69416809082031,32.81801223754883,31.928409576416016,32.73615646362305,33.52327346801758,33.175960540771484,33.35829544067383,31.521482467651367,33.242889404296875,33.00865173339844,32.297523498535156,32.616764068603516,34.616397857666016,33.59822082519531,33.44132614135742,33.87133026123047,35.53841781616211,34.91588592529297,34.39630126953125,36.626930236816406,38.73116683959961,39.088993072509766,38.30635070800781,37.64141082763672,40.20835494995117,40.78864669799805,40.438533782958984,41.44818115234375,42.799381256103516,41.84781265258789,42.23758316040039,27.706262588500977,29.914669036865234,28.8067626953125,29.09904670715332,29.511865615844727,31.0950927734375,30.25739097595215,31.293148040771484,32.60065841674805,33.433467864990234,33.70640182495117,34.57963943481445,36.2148551940918,38.31167221069336,38.575687408447266,38.7122688293457,38.79710006713867,40.2077751159668,40.93947219848633,40.211700439453125,40.4428825378418,42.108333587646484,41.84952163696289,42.04043197631836,44.5897216796875,47.8036003112793,47.15958786010742,47.8225212097168,48.80529022216797,50.090431213378906,51.41286087036133,52.331111907958984,51.539310455322266,54.075408935546875,54.36001968383789,52.86021041870117,54.654693603515625,57.881004333496094,57.282447814941406,58.517616271972656,58.4969596862793,61.879974365234375,60.9171142578125,61.21491241455078,62.371849060058594,65.8436279296875,65.11526489257812,64.43289947509766
4,Professionals-Full time-Females,358.4769592285156,362.9629211425781,366.2008972167969,371.93341064453125,376.4906005859375,381.2988586425781,382.3338317871094,383.02166748046875,383.5142822265625,383.4283142089844,386.7938232421875,385.8318786621094,401.3243103027344,404.09295654296875,407.0897216796875,407.6192932128906,409.34619140625,410.4708251953125,415.6585693359375,415.4141540527344,419.309326171875,420.42413330078125,427.71295166015625,428.8350524902344,432.6480407714844,431.7186584472656,437.72802734375,439.2213134765625,443.05364990234375,448.75518798828125,454.6985778808594,454.9523010253906,463.1396789550781,468.63067626953125,474.6558532714844,475.3929443359375,500.7426452636719,505.8525085449219,509.9966125488281,515.9478149414062,521.3468017578125,526.1065673828125,531.9845581054688,537.6599731445312,546.3169555664062,550.8592529296875,556.058349609375,557.8942260742188,574.6432495117188,578.41552734375,585.4537963867188,594.5825805664062,601.8668823242188,610.6412353515625,611.8397827148438,620.3795166015625,629.525390625,632.444580078125,637.1026611328125,638.3128051757812,625.0706176757812,623.0531616210938,631.0443115234375,639.0646362304688,650.2806396484375,655.9412231445312,659.1414184570312,668.3928833007812,683.6393432617188,689.8134765625,699.1456909179688,703.1629638671875,698.9564208984375,706.171142578125,708.2462768554688,717.6569213867188,735.8392944335938,739.8011474609375,751.0386352539062,760.6825561523438,772.1649169921875,783.9005737304688,776.3751831054688,795.2265625
4,Professionals-Full time-Males,623.7572631835938,627.5744018554688,630.4956665039062,642.4888916015625,650.385986328125,656.4298706054688,656.0150756835938,656.4633178710938,658.69091796875,660.2984619140625,659.9952392578125,663.0471801757812,651.5037231445312,651.459716796875,654.8132934570312,659.8928833007812,661.4298095703125,662.1256713867188,666.9505004882812,672.3931884765625,684.8523559570312,681.4031982421875,687.8914184570312,695.7113647460938,662.661865234375,665.774658203125,671.0296020507812,684.1808471679688,691.3414916992188,693.5292358398438,699.0728759765625,707.22412109375,715.4520874023438,719.060791015625,720.845947265625,735.5036010742188,728.0191650390625,725.8692016601562,733.7361450195312,746.1420288085938,758.3212280273438,758.2091674804688,766.3216552734375,776.7167358398438,785.96923828125,791.250732421875,806.36669921875,809.16259765625,805.40234375,806.4890747070312,812.930419921875,820.4388427734375,834.6615600585938,837.2677001953125,845.5863037109375,858.133544921875,872.2451782226562,877.7477416992188,889.105224609375,898.6871948242188,856.968017578125,855.34765625,862.85791015625,872.4977416992188,892.181396484375,891.6237182617188,906.072509765625,918.1083984375,933.894287109375,936.5191650390625,946.7088623046875,963.1395263671875,913.7650146484375,928.2567749023438,940.1201782226562,945.2651977539062,959.4288330078125,964.232177734375,976.8060913085938,983.1497802734375,1004.468017578125,1013.9906005859375,1026.03369140625,1037.240234375
4,Professionals-Part time-Females,144.54859924316406,166.59030151367188,163.48585510253906,162.67530822753906,156.5284423828125,177.74090576171875,179.20567321777344,179.64256286621094,166.7982635498047,190.00213623046875,189.779541015625,188.850341796875,172.86538696289062,193.77850341796875,192.14109802246094,192.93174743652344,180.35488891601562,201.38412475585938,196.77622985839844,197.24734497070312,187.4828338623047,204.7681427001953,203.1890106201172,198.34274291992188,189.37730407714844,209.88577270507812,210.04144287109375,212.0085906982422,202.37445068359375,222.93190002441406,225.21697998046875,224.29367065429688,216.3799591064453,237.60562133789062,238.50967407226562,237.36074829101562,224.5760498046875,246.41110229492188,244.63720703125,246.4038543701172,240.877197265625,263.77337646484375,262.21234130859375,262.18475341796875,252.08680725097656,277.1224670410156,274.10504150390625,273.1850891113281,241.21392822265625,267.1714782714844,265.72991943359375,266.07977294921875,258.2782287597656,281.59521484375,280.89617919921875,282.3538513183594,271.9976501464844,295.72900390625,296.9667663574219,296.0869445800781,303.0115966796875,329.04852294921875,329.8085632324219,327.3763732910156,313.6566467285156,345.1727600097656,343.4046630859375,339.94342041015625,331.08489990234375,357.15655517578125,356.617431640625,351.40301513671875,353.5937805175781,385.9305725097656,385.20654296875,384.9743347167969,372.84539794921875,402.7014465332031,401.6672058105469,396.8563537597656,390.53399658203125,419.92596435546875,418.442626953125,411.92266845703125
4,Professionals-Part time-Males,39.53995132446289,47.105926513671875,45.37139892578125,44.47758483886719,42.64411926269531,49.93422317504883,50.407413482666016,50.2607421875,47.2226676940918,55.0564079284668,54.829010009765625,54.69693374633789,46.13376998901367,53.291385650634766,52.867164611816406,50.39023208618164,49.1427116394043,56.911415100097656,56.11349868774414,54.4033203125,51.790523529052734,59.500099182128906,58.64501953125,56.82898712158203,52.8045539855957,61.084442138671875,60.82304763793945,59.50817108154297,57.623233795166016,65.75181579589844,65.4279556274414,63.79880142211914,62.153106689453125,69.47735595703125,68.91569519042969,67.0496826171875,63.746246337890625,73.49314880371094,72.92794799804688,70.3525390625,67.10018157958984,78.74518585205078,75.4870834350586,73.58084106445312,72.99664306640625,82.67566680908203,81.54476928710938,79.7855453491211,80.7679672241211,91.22644805908203,90.96965026855469,89.59999084472656,85.34081268310547,97.31501770019531,96.64300537109375,92.09455871582031,90.33267211914062,100.40667724609375,98.51254272460938,96.13873291015625,98.2463607788086,108.96106719970703,110.88681030273438,107.06300354003906,102.9092025756836,114.89007568359375,115.50517272949219,113.61906433105469,108.87169647216797,122.53523254394531,119.85409545898438,117.45140075683594,112.45246124267578,125.56548309326172,124.45358276367188,121.7120361328125,117.23138427734375,131.4777374267578,130.2246551513672,128.1136016845703,124.15042114257812,138.23965454101562,135.92819213867188,133.75706481933594
4,Sales Workers-Full time-Females,295.6815185546875,295.7559814453125,315.14892578125,319.06512451171875,304.6216735839844,314.5203552246094,306.0331115722656,315.7636413574219,301.2254333496094,286.2745056152344,283.8206481933594,296.7763977050781,292.9671630859375,278.54010009765625,272.7337951660156,285.63134765625,285.99859619140625,275.03948974609375,268.887939453125,278.6825256347656,288.296142578125,280.860595703125,276.7222595214844,288.8721008300781,296.3639831542969,290.08795166015625,279.7160339355469,285.95147705078125,285.2657775878906,281.971923828125,274.706787109375,283.9656677246094,287.6273193359375,282.8553466796875,277.75323486328125,286.2084045410156,288.6772155761719,289.1548156738281,283.61602783203125,292.3055114746094,291.1395263671875,286.55682373046875,281.6112060546875,290.91302490234375,295.6788635253906,291.9363098144531,284.29132080078125,294.8038635253906,288.4299011230469,282.89373779296875,279.1285400390625,288.1455383300781,287.81365966796875,281.25970458984375,277.8211669921875,287.3951721191406,289.1829833984375,283.25335693359375,278.7876892089844,287.9768981933594,284.06707763671875,280.1318359375,273.2244567871094,288.9131164550781,288.7809143066406,284.03564453125,278.4093322753906,286.797607421875,285.9622802734375,284.1572265625,277.70281982421875,285.8538818359375,313.2395324707031,302.87200927734375,293.7883605957031,305.96331787109375,304.4375305175781,299.6586608886719,290.1195373535156,301.64556884765625,305.8270263671875,299.54986572265625,291.9696044921875,303.918212890625
4,Sales Workers-Full time-Males,384.4027404785156,381.3978576660156,389.8427734375,393.4664611816406,402.0215759277344,398.5655822753906,390.05450439453125,396.8429260253906,388.704345703125,376.0835876464844,377.3911437988281,382.33294677734375,384.3841247558594,374.6764831542969,368.9676513671875,373.68975830078125,375.593017578125,369.055908203125,367.2743225097656,371.88641357421875,378.9507141113281,375.7745361328125,376.9732971191406,381.1200256347656,385.6451416015625,380.8886413574219,378.019287109375,377.2663879394531,384.83251953125,378.5674743652344,377.9876403808594,380.91058349609375,384.2408447265625,377.892822265625,373.4172058105469,376.57867431640625,388.273681640625,384.70361328125,383.10003662109375,388.83447265625,400.1902770996094,396.4203796386719,391.3763427734375,392.4686584472656,397.7982482910156,394.5332336425781,392.8746337890625,394.944580078125,402.73797607421875,396.4324951171875,387.0603332519531,384.006591796875,392.3349609375,387.8584899902344,381.00543212890625,385.115966796875,392.52880859375,387.9231872558594,386.632080078125,391.54913330078125,394.4151306152344,387.2442626953125,382.927490234375,387.85479736328125,398.33941650390625,392.9658508300781,391.0928955078125,389.9257507324219,396.1352233886719,390.4255676269531,387.4834899902344,390.4261169433594,400.21685791015625,393.2541809082031,396.596923828125,397.6051940917969,405.3786315917969,404.46270751953125,402.47637939453125,403.9616394042969,409.63116455078125,405.6031188964844,402.52392578125,406.2894592285156
4,Sales Workers-Part time-Females,269.9098815917969,283.47100830078125,289.625,298.86090087890625,291.24395751953125,300.1104736328125,293.8379821777344,298.0131530761719,298.39044189453125,308.2287292480469,308.3648376464844,312.8638916015625,304.3616638183594,313.1977233886719,314.87786865234375,317.9326477050781,317.5470275878906,327.88525390625,328.0183410644531,332.9995422363281,331.02447509765625,345.0298767089844,344.35235595703125,351.47589111328125,330.7833251953125,344.8853454589844,342.89251708984375,352.0942687988281,349.2558898925781,362.6349182128906,365.0909729003906,370.9093322753906,369.86962890625,378.9241027832031,379.486328125,385.45330810546875,387.5399169921875,397.8966369628906,397.69915771484375,405.0765075683594,397.9348449707031,411.7585754394531,407.5228271484375,415.03167724609375,412.627685546875,426.50323486328125,425.9470520019531,429.91387939453125,413.8872985839844,428.41473388671875,427.376953125,432.59271240234375,432.3950500488281,440.4900817871094,440.1613464355469,445.5751953125,441.7514953613281,459.96722412109375,455.5220642089844,462.1187744140625,450.82525634765625,470.8443298339844,464.0412902832031,473.1476745605469,468.5954284667969,482.3440856933594,478.298828125,484.460205078125,484.9543151855469,493.3386535644531,490.14288330078125,494.29144287109375,465.91217041015625,481.87969970703125,480.5520324707031,487.5269470214844,485.6340637207031,498.0914306640625,488.87701416015625,498.16143798828125,493.5638427734375,508.8146667480469,504.4830322265625,511.9477844238281
4,Sales Workers-Part time-Males,52.1812629699707,54.53466796875,56.29732131958008,61.77018356323242,58.50269317626953,61.461143493652344,60.05506896972656,62.95276641845703,61.3643913269043,67.08202362060547,67.71318817138672,69.8272933959961,69.2314453125,73.66374206542969,75.83139038085938,77.59776306152344,76.29077911376953,80.31369018554688,80.12307739257812,84.29759979248047,84.09390258789062,88.58985900878906,87.79793548583984,91.01966857910156,82.26383972167969,87.8721694946289,88.82255554199219,91.48905181884766,89.4816665649414,93.08747100830078,95.26960754394531,96.42313385009766,95.2126693725586,100.69347381591797,100.15068817138672,102.2602310180664,111.2245101928711,116.55838012695312,115.93138122558594,118.0532455444336,116.31970977783203,122.1280517578125,121.85030364990234,124.23458099365234,122.05815124511719,127.08258819580078,127.18487548828125,130.8125457763672,116.70000457763672,124.30683135986328,123.88343048095703,125.27166748046875,123.35128021240234,129.6567840576172,129.6382598876953,132.78582763671875,127.87317657470703,135.02871704101562,133.6758575439453,135.51031494140625,147.95962524414062,155.06800842285156,153.18072509765625,156.23439025878906,151.1075439453125,161.44715881347656,159.7320098876953,162.1005859375,160.295166015625,165.7169189453125,164.79324340820312,166.57127380371094,150.90879821777344,158.0021209716797,157.9825439453125,163.12905883789062,156.6573944091797,163.8870391845703,161.8004608154297,165.02096557617188,163.66720581054688,166.9401397705078,167.68896484375,169.2631072998047
4,Technicians and Trades Workers-Full time-Females,102.62047576904297,109.07736206054688,108.48754119873047,110.8437271118164,110.5467758178711,114.17520904541016,111.59275817871094,107.03652954101562,107.23332214355469,104.15279388427734,100.13609313964844,95.47843933105469,103.41687774658203,102.37200164794922,102.52946472167969,101.34320831298828,105.18208312988281,105.08134460449219,105.64472961425781,104.36512756347656,108.45707702636719,109.20323181152344,109.6544189453125,109.79473876953125,111.30681610107422,111.43782806396484,111.05731964111328,109.37215423583984,111.18467712402344,111.44319152832031,111.21398162841797,109.09529113769531,110.93870544433594,111.00926971435547,110.48322296142578,109.23262023925781,112.40599822998047,114.30205535888672,112.22730255126953,112.03274536132812,113.79253387451172,115.40480041503906,113.78642272949219,112.8441390991211,115.89085388183594,116.94461059570312,115.67427825927734,115.21874237060547,112.97282409667969,113.47661590576172,114.06259155273438,112.00276947021484,116.0970687866211,115.7642593383789,114.7814712524414,115.36827850341797,117.08421325683594,117.86565399169922,118.14883422851562,116.60157775878906,119.23847961425781,119.8237075805664,119.69216918945312,117.59906005859375,120.42474365234375,121.20701599121094,119.46672821044922,117.16231536865234,122.37906646728516,119.1159896850586,120.24723052978516,117.75669860839844,134.1660614013672,133.6827850341797,133.1802215576172,130.9373016357422,134.1215362548828,132.703857421875,132.17872619628906,128.7213592529297,131.30862426757812,131.60472106933594,128.84983825683594,127.88282775878906
4,Technicians and Trades Workers-Full time-Males,1177.840576171875,1188.0638427734375,1175.366455078125,1184.7186279296875,1162.511474609375,1165.741943359375,1148.9017333984375,1133.4632568359375,1114.8134765625,1099.0992431640625,1085.9927978515625,1085.1239013671875,1075.4259033203125,1066.06396484375,1052.6055908203125,1058.58154296875,1070.9033203125,1067.098876953125,1058.929931640625,1069.9664306640625,1085.0927734375,1088.76318359375,1085.533447265625,1101.405029296875,1087.47314453125,1086.1290283203125,1074.189453125,1090.3140869140625,1103.645263671875,1103.13427734375,1095.4910888671875,1095.783935546875,1115.3321533203125,1105.071533203125,1094.4478759765625,1104.4251708984375,1115.25341796875,1114.8309326171875,1102.478271484375,1114.7318115234375,1131.80810546875,1134.939208984375,1124.5062255859375,1132.372314453125,1150.2000732421875,1147.36669921875,1140.0535888671875,1151.4459228515625,1151.300048828125,1152.3448486328125,1144.5201416015625,1155.8414306640625,1166.6474609375,1169.1990966796875,1165.2135009765625,1169.17626953125,1186.2918701171875,1185.5966796875,1178.5010986328125,1187.09326171875,1160.657958984375,1160.0533447265625,1158.486572265625,1168.604248046875,1187.9237060546875,1188.4560546875,1186.366943359375,1194.36376953125,1207.79833984375,1206.7828369140625,1198.3109130859375,1207.24609375,1256.6798095703125,1253.07080078125,1242.319091796875,1258.9581298828125,1274.097412109375,1278.42529296875,1265.3974609375,1273.432861328125,1297.658203125,1285.9134521484375,1281.3953857421875,1293.77880859375
4,Technicians and Trades Workers-Part time-Females,38.594154357910156,39.26150894165039,40.12175750732422,41.47455978393555,41.32588195800781,42.408546447753906,41.71686935424805,43.30302810668945,41.72909164428711,41.039207458496094,41.926544189453125,42.9086799621582,44.32316207885742,44.49532699584961,45.4238395690918,46.80704116821289,45.131866455078125,45.40950012207031,45.93623352050781,47.471256256103516,46.83564758300781,46.52461242675781,47.18202590942383,48.993431091308594,51.14998245239258,49.99979019165039,50.11978530883789,52.39443588256836,50.958736419677734,51.38162612915039,51.4348030090332,54.0494270324707,52.67156982421875,52.38107681274414,52.93489456176758,55.10594940185547,55.818538665771484,56.17885971069336,56.545047760009766,58.04257583618164,57.37002944946289,57.742679595947266,57.65764617919922,60.40304946899414,59.936649322509766,59.3529052734375,60.26457214355469,61.03185272216797,59.8967399597168,60.002620697021484,60.826412200927734,63.20494079589844,62.91500473022461,61.88080978393555,63.1710090637207,65.70442199707031,64.7296371459961,63.73040771484375,65.13150787353516,67.19822692871094,67.65595245361328,68.6272201538086,69.19666290283203,70.4310073852539,69.97476959228516,70.15194702148438,71.34318542480469,73.40487670898438,73.75005340576172,73.10623168945312,72.17265319824219,74.85640716552734,81.07963562011719,81.0241470336914,81.38018035888672,85.32525634765625,84.24581909179688,84.18499755859375,85.45222473144531,87.8278579711914,88.7691650390625,86.58145904541016,87.1822509765625,90.28489685058594
4,Technicians and Trades Workers-Part time-Males,39.0765266418457,41.52669906616211,42.48850631713867,44.285831451416016,44.48731994628906,48.14302062988281,49.351436614990234,48.560787200927734,48.26606369018555,51.193634033203125,50.42238235473633,49.971858978271484,52.705352783203125,55.406158447265625,54.915626525878906,54.57545852661133,55.00703048706055,58.272056579589844,57.07619857788086,56.844749450683594,55.89573669433594,58.17378616333008,59.066307067871094,58.3670654296875,55.75498580932617,58.99232864379883,59.15483474731445,58.02585983276367,57.696998596191406,61.21070098876953,62.03841018676758,60.47507095336914,61.387901306152344,64.41997528076172,64.48808288574219,63.77645492553711,59.38224411010742,61.2789421081543,61.9452018737793,61.12324142456055,61.541236877441406,63.44459915161133,63.55125427246094,64.597412109375,64.45188903808594,67.2169418334961,67.78768157958984,67.38923645019531,69.78489685058594,73.99757385253906,74.51495361328125,74.51502990722656,75.49638366699219,79.63168334960938,79.94036102294922,78.45004272460938,80.2575454711914,83.16845703125,84.78101348876953,82.75528717041016,84.91930389404297,90.8749008178711,91.89276885986328,89.87602996826172,92.34205627441406,97.05501556396484,97.84534454345703,95.86209106445312,98.75810241699219,103.50506591796875,102.08380126953125,101.41621398925781,106.84278869628906,114.38018035888672,114.98391723632812,114.10907745361328,115.06259155273438,120.3499984741211,121.59376525878906,121.06147766113281,124.02254486083984,127.1548843383789,127.51074981689453,126.29100036621094
