Level,Description,1,2,3,4,5,6,7,8,9,10,11,12,13,14,15,16,17,18,19,20,21,22,23,24,25,26,27,28,29,30,31,32
1,Aggregated,25797.71484375,26495.00390625,26502.28125,26409.14453125,26333.119140625,26842.57421875,27055.92578125,27196.625,27899.21875,28583.974609375,28816.3046875,28805.3359375,28584.82421875,29070.353515625,29079.2109375,28990.396484375,28811.841796875,29349.044921875,29507.986328125,29528.88671875,29571.48828125,30152.49609375,30294.22265625,30427.984375,29974.955078125,30676.810546875,30842.115234375,31141.099609375,31635.259765625,32249.791015625,32660.94140625,32868.18359375
2,ACT,163.95028686523438,151.0896759033203,156.0196533203125,167.06533813476562,178.76416015625,173.3124542236328,160.92529296875,157.54991149902344,161.1852264404297,167.14015197753906,176.35757446289062,185.37054443359375,204.6214599609375,221.53709411621094,225.58538818359375,230.9029998779297,232.34718322753906,247.5934295654297,255.61611938476562,260.1464538574219,270.43505859375,284.2557373046875,269.9183349609375,254.92092895507812,266.131591796875,279.5936279296875,287.2469482421875,303.4736633300781,317.8144226074219,342.9175720214844,339.9709777832031,342.812744140625
2,NSW,9464.7041015625,9541.5556640625,9494.2431640625,9510.8349609375,9498.1865234375,9678.548828125,9801.7451171875,9830.607421875,10083.24609375,10345.3515625,10390.5986328125,10335.7138671875,10331.0322265625,10358.0322265625,10191.8076171875,9890.2587890625,10014.7802734375,10071.4951171875,9928.673828125,9715.6845703125,9821.4130859375,9946.9990234375,9855.14453125,9757.1982421875,9537.0126953125,9633.373046875,9587.10546875,9685.025390625,9674.5048828125,9963.33203125,9982.4619140625,9973.4873046875
2,NT,846.4827270507812,906.3533935546875,870.0529174804688,847.5657348632812,896.88427734375,918.9085693359375,955.3338623046875,989.6884155273438,1077.821044921875,1085.803955078125,1054.248779296875,1099.3187255859375,1130.711669921875,1176.226318359375,1129.2548828125,1199.26953125,1216.849365234375,1274.0806884765625,1274.4783935546875,1351.5263671875,1429.005859375,1478.2252197265625,1451.2144775390625,1522.1614990234375,1533.969970703125,1579.606201171875,1538.0107421875,1606.5140380859375,1644.7264404296875,1679.632568359375,1642.7530517578125,1726.6175537109375
2,QLD,5590.7265625,5655.10400390625,5428.41015625,5390.8369140625,5354.609375,5515.22509765625,5507.92626953125,5529.7587890625,5580.24169921875,5751.79736328125,5689.11572265625,5668.99951171875,5638.138671875,5779.37060546875,5686.91796875,5672.1376953125,5558.16259765625,5711.8046875,5655.59423828125,5684.775390625,5724.8671875,5927.58642578125,5966.71044921875,6134.0771484375,5735.6103515625,5983.6552734375,6057.25927734375,6243.22216796875,6454.20654296875,6837.62451171875,7101.70849609375,7440.341796875
2,SA,1706.7767333984375,1787.10595703125,1818.43603515625,1849.389892578125,1890.03515625,1944.0914306640625,1973.98828125,1974.8182373046875,1936.4501953125,1996.187744140625,2010.8604736328125,2001.4715576171875,1956.8414306640625,2005.7481689453125,2009.9852294921875,1994.5504150390625,1974.118408203125,2033.419189453125,2053.985595703125,2064.4287109375,2089.19091796875,2175.278564453125,2204.50244140625,2232.708251953125,2199.319091796875,2300.359130859375,2340.1826171875,2373.3984375,2444.863525390625,2505.474365234375,2519.10009765625,2519.189208984375
2,TAS,505.7253112792969,534.0175170898438,534.5911865234375,570.9515380859375,518.7242431640625,536.9620971679688,512.2236328125,534.4308471679688,502.14593505859375,506.406982421875,493.44439697265625,481.8372802734375,437.31268310546875,464.00177001953125,483.63037109375,486.14447021484375,453.2187194824219,470.7727355957031,500.6615905761719,516.3692016601562,490.9185791015625,492.7408447265625,491.1317138671875,490.1979064941406,456.34326171875,462.29547119140625,466.308837890625,464.2064514160156,441.99505615234375,459.6708068847656,476.235107421875,483.4651794433594
2,VIC,4024.586669921875,4101.83203125,4142.13671875,4218.48291015625,4075.01416015625,4149.80322265625,4251.1728515625,4327.03466796875,4256.56982421875,4360.6376953125,4433.60791015625,4529.3896484375,4441.36474609375,4524.71240234375,4627.68017578125,4752.642578125,4569.4482421875,4679.27587890625,4786.25244140625,4912.44970703125,4946.861328125,5126.4775390625,5343.9609375,5567.9169921875,5022.19091796875,5149.70166015625,5305.384765625,5488.98974609375,5602.66162109375,5852.10302734375,6096.4072265625,6405.65869140625
2,WA,3603.20263671875,3780.384033203125,3930.05078125,4025.494140625,3857.5791015625,3855.510498046875,3948.410888671875,4068.404052734375,4104.197265625,4349.16064453125,4602.994140625,4805.7099609375,4888.08544921875,4913.7880859375,4873.357421875,4828.5986328125,4607.1591796875,4680.39990234375,4762.10400390625,4868.2900390625,4929.50732421875,4995.03173828125,4998.572265625,4957.46630859375,4925.6201171875,4972.54052734375,5043.97216796875,5103.93017578125,5140.36767578125,5172.1845703125,5190.1591796875,5140.32275390625
3,ACT-Female,9.680081367492676,8.786028861999512,11.759842872619629,12.100915908813477,14.875059127807617,13.56784439086914,12.323858261108398,13.532389640808105,15.805222511291504,15.420980453491211,12.285762786865234,12.553581237792969,13.562705993652344,15.674222946166992,13.971577644348145,12.704168319702148,14.916801452636719,14.010833740234375,14.178634643554688,12.327600479125977,13.59552001953125,13.741293907165527,15.182670593261719,14.533498764038086,13.700024604797363,15.885737419128418,16.560535430908203,18.307279586791992,18.931089401245117,19.94806671142578,19.98550796508789,19.840309143066406
3,ACT-Male,161.73602294921875,156.6866455078125,156.55929565429688,161.94769287109375,161.73471069335938,157.12686157226562,150.53440856933594,139.99609375,156.1810760498047,165.02857971191406,169.0448760986328,172.62718200683594,181.52664184570312,190.3627471923828,194.97496032714844,196.56082153320312,208.6952667236328,220.38401794433594,223.21749877929688,227.53598022460938,233.2825927734375,239.10516357421875,244.62767028808594,243.08102416992188,262.76788330078125,275.75494384765625,279.34552001953125,277.13165283203125,281.5828552246094,295.3546142578125,299.7601623535156,301.2192687988281
3,NSW-Female,683.638427734375,700.8294067382812,693.6572875976562,671.9745483398438,651.909912109375,700.2890014648438,722.0032348632812,732.525634765625,731.6422729492188,766.1397094726562,781.2984619140625,779.13525390625,761.5136108398438,770.9989013671875,758.5291137695312,727.3768920898438,704.820556640625,695.333251953125,679.15087890625,652.7144775390625,635.903076171875,649.4212646484375,649.5008544921875,648.18994140625,656.8646850585938,684.39501953125,712.3201293945312,739.4166259765625,784.12060546875,838.0855712890625,881.5682983398438,898.4370727539062
3,NSW-Male,8802.21875,8882.294921875,8832.2607421875,8853.56640625,8867.875,9025.2822265625,9124.705078125,9183.4150390625,9399.328125,9648.0107421875,9654.55859375,9600.9384765625,9614.908203125,9677.3994140625,9448.732421875,9195.1044921875,9272.232421875,9371.6650390625,9190.669921875,9029.755859375,9104.9130859375,9223.3623046875,9104.595703125,9011.509765625,8948.9384765625,9023.89453125,9044.703125,8931.1416015625,9078.2685546875,9346.8076171875,9418.587890625,9413.556640625
3,NT-Female,34.82002639770508,36.74867630004883,33.10490798950195,32.43498611450195,37.92341995239258,34.46950149536133,38.17247009277344,38.96814727783203,45.324913024902344,47.69606399536133,43.292518615722656,44.09952163696289,47.967857360839844,49.828453063964844,49.346920013427734,50.33940887451172,50.779293060302734,53.897151947021484,53.07366180419922,57.281585693359375,64.36400604248047,68.43830108642578,69.04444122314453,69.24405670166016,93.22721099853516,95.6099853515625,95.7238998413086,94.82364654541016,102.67504119873047,110.46851348876953,108.16228485107422,111.43177032470703
3,NT-Male,816.1057739257812,871.2020874023438,839.55078125,812.8662109375,865.3598022460938,883.6704711914062,926.0703125,956.4090576171875,1027.02685546875,1033.5870361328125,1013.7206420898438,1050.1439208984375,1084.3916015625,1125.590087890625,1082.568359375,1150.6700439453125,1167.105712890625,1227.70849609375,1226.24267578125,1292.486328125,1371.8192138671875,1415.739990234375,1393.2841796875,1448.9261474609375,1445.380615234375,1488.056884765625,1455.819580078125,1525.5054931640625,1572.7142333984375,1620.576171875,1566.187744140625,1641.645751953125
3,QLD-Female,406.9393005371094,410.0688781738281,387.8256530761719,389.544921875,383.9790344238281,406.27008056640625,416.8789978027344,425.64263916015625,441.4615783691406,456.3732604980469,451.3083190917969,453.4398498535156,455.90032958984375,469.27935791015625,464.5415344238281,461.4053039550781,431.30926513671875,453.9336242675781,467.1973571777344,482.3470764160156,498.8851623535156,532.1117553710938,555.3826293945312,577.1641235351562,517.140869140625,566.7933959960938,605.44482421875,642.9663696289062,667.535400390625,706.5531005859375,713.6432495117188,713.304931640625
3,QLD-Male,5217.5361328125,5263.95068359375,5058.701171875,5024.0986328125,4972.80126953125,5134.98876953125,5151.6552734375,5181.232421875,5172.73779296875,5330.521484375,5251.83984375,5239.45068359375,5214.15185546875,5335.4287109375,5274.763671875,5239.93115234375,5144.53759765625,5266.2802734375,5255.95849609375,5281.10205078125,5342.50439453125,5507.03955078125,5557.86279296875,5682.94580078125,5314.95703125,5528.73095703125,5615.0556640625,5790.3779296875,6026.16162109375,6425.3115234375,6654.2216796875,7050.19873046875
3,SA-Female,111.0410385131836,118.32156372070312,117.67897033691406,111.90718078613281,124.65670013427734,122.56059265136719,121.68001556396484,114.89324951171875,126.72392272949219,128.8893585205078,128.51602172851562,123.53102111816406,128.27989196777344,129.3289031982422,127.76760864257812,121.74972534179688,124.77877044677734,127.31659698486328,129.52464294433594,129.29541015625,131.03526306152344,136.95652770996094,140.5715789794922,141.31385803222656,134.64805603027344,142.86062622070312,146.53530883789062,148.0637969970703,154.9622802734375,164.4831085205078,176.9034423828125,181.8560333251953
3,SA-Male,1601.3734130859375,1682.148681640625,1709.485107421875,1734.9605712890625,1778.6707763671875,1825.623779296875,1857.63525390625,1859.3707275390625,1807.8453369140625,1861.656494140625,1872.3402099609375,1868.40234375,1830.8895263671875,1877.5753173828125,1865.57568359375,1852.62158203125,1838.842529296875,1910.62353515625,1927.1932373046875,1933.633056640625,1962.3282470703125,2044.283203125,2072.53271484375,2096.03857421875,2060.182861328125,2162.908935546875,2193.329833984375,2228.056884765625,2286.871337890625,2348.86328125,2362.48876953125,2368.387451171875
3,TAS-Female,36.52535629272461,32.80458068847656,34.15877151489258,41.184478759765625,36.47665023803711,39.12657928466797,40.62484359741211,39.09226608276367,32.09725570678711,36.09492874145508,41.8675537109375,44.91520309448242,33.70806121826172,34.93890380859375,35.634979248046875,36.13752746582031,34.58987045288086,39.00238037109375,41.75569152832031,39.72250747680664,32.24291229248047,36.301910400390625,40.12919998168945,42.96698760986328,41.27693557739258,39.900550842285156,36.74650573730469,35.91876983642578,30.41663360595703,35.030155181884766,42.144832611083984,42.304805755615234
3,TAS-Male,471.6951904296875,497.9826965332031,500.1312255859375,531.2919311523438,484.1289978027344,500.5450134277344,478.74432373046875,499.0318603515625,471.8705139160156,477.0903015136719,459.3661193847656,450.17340087890625,407.497314453125,431.15765380859375,447.0426025390625,451.2004089355469,425.5296936035156,444.7848815917969,476.0680847167969,480.2325134277344,456.0387268066406,453.216552734375,450.7030944824219,445.19342041015625,424.185546875,430.5083312988281,433.0090637207031,428.5836486816406,407.4605712890625,429.8600769042969,440.73626708984375,444.8056945800781
3,VIC-Female,246.63818359375,256.691162109375,261.7052001953125,265.7416076660156,271.5673522949219,277.8498840332031,282.7303771972656,290.7994384765625,256.9174499511719,270.9130554199219,281.3052978515625,288.33050537109375,299.529296875,307.0557861328125,309.569580078125,313.2333984375,315.4610290527344,321.91253662109375,322.4577941894531,332.65924072265625,338.8992004394531,350.8551940917969,360.3842468261719,364.6709289550781,348.5281982421875,362.8770751953125,373.39019775390625,387.0331726074219,393.95379638671875,403.7085266113281,407.13153076171875,411.5015563964844
3,VIC-Male,3768.23583984375,3842.780517578125,3876.68603515625,3948.833251953125,3810.150146484375,3886.3095703125,3983.623046875,4057.036865234375,4008.6318359375,4107.0439453125,4178.96630859375,4269.2568359375,4196.572265625,4293.2685546875,4379.36279296875,4476.24658203125,4276.43701171875,4368.4228515625,4459.79345703125,4582.04541015625,4622.171875,4787.86767578125,4974.10791015625,5204.765625,4683.0771484375,4803.55029296875,4964.97412109375,5125.56884765625,5194.57470703125,5459.15625,5691.41455078125,6004.93017578125
3,WA-Female,272.34686279296875,284.99432373046875,295.0145568847656,296.6338806152344,294.01593017578125,297.47900390625,301.4215393066406,304.3625793457031,294.3771057128906,312.74835205078125,330.04608154296875,337.7812805175781,346.8251037597656,365.4091491699219,366.80810546875,376.81549072265625,385.6423645019531,390.31500244140625,391.3159484863281,397.2260437011719,402.3088684082031,417.9820251464844,429.7309265136719,440.8631286621094,444.6678771972656,459.6624755859375,467.1507568359375,466.5506286621094,463.13726806640625,468.8780212402344,471.19329833984375,474.8730163574219
3,WA-Male,3324.8056640625,3480.772216796875,3623.5654296875,3705.218994140625,3559.185546875,3560.79296875,3648.13671875,3762.113525390625,3781.458740234375,4026.09814453125,4267.830078125,4475.87841796875,4519.05029296875,4543.14453125,4519.419921875,4431.05419921875,4231.58251953125,4294.5048828125,4377.08984375,4444.15625,4523.0068359375,4606.07373046875,4614.59375,4577.20654296875,4491.7724609375,4536.65625,4606.0791015625,4660.7041015625,4709.6875,4733.78466796875,4765.40283203125,4722.4169921875
4,ACT-Female-Remanded,3.881533145904541,3.8104448318481445,5.211040019989014,5.115238666534424,9.405616760253906,6.00242805480957,7.8590264320373535,8.385429382324219,9.402994155883789,6.627016067504883,3.5069196224212646,7.363367080688477,7.3848652839660645,10.968802452087402,9.080033302307129,6.890839099884033,7.82793664932251,4.914732933044434,6.735672473907471,3.9248366355895996,3.8798201084136963,3.1366941928863525,3.253704786300659,4.226322174072266,4.055027484893799,5.194497585296631,4.1051554679870605,6.050074577331543,4.9899797439575195,5.389750003814697,5.2421979904174805,4.854206085205078
4,ACT-Female-Sentenced,5.061216354370117,4.0225090980529785,6.016191482543945,6.932786464691162,8.822110176086426,7.614955902099609,3.1670305728912354,3.9091989994049072,8.717501640319824,11.71336841583252,10.175283432006836,6.282303810119629,7.09007453918457,7.3275346755981445,4.296689987182617,5.679156303405762,7.0790114402771,9.078316688537598,5.850599765777588,2.836623430252075,6.242546558380127,8.356386184692383,11.43283462524414,11.621883392333984,8.894255638122559,9.726329803466797,11.266417503356934,10.241676330566406,11.560395240783691,13.676137924194336,14.123698234558105,12.815582275390625
4,ACT-Male-Remanded,60.349952697753906,59.061058044433594,64.65323638916016,71.4202880859375,75.41378021240234,80.26177978515625,87.27949523925781,98.22801208496094,98.6208724975586,77.14942932128906,65.4770736694336,68.75350952148438,79.62503051757812,83.30355072021484,74.20475006103516,72.21238708496094,81.58589935302734,82.3472671508789,65.2646713256836,68.10314178466797,86.41212463378906,91.65589904785156,87.5748291015625,77.4988021850586,80.61526489257812,80.67443084716797,78.95245361328125,72.61787414550781,73.09173583984375,81.86127471923828,77.71227264404297,74.80673217773438
4,ACT-Male-Sentenced,105.63167572021484,99.77014923095703,98.89604187011719,100.15071105957031,99.99246215820312,92.5323486328125,79.37638854980469,73.08393096923828,63.63657760620117,78.54048919677734,84.59642028808594,85.48871612548828,90.54293823242188,103.32872772216797,113.11174011230469,117.39726257324219,132.3313446044922,140.38662719726562,145.13522338867188,151.36520385742188,148.4879608154297,151.26596069335938,155.90591430664062,161.46197509765625,171.43881225585938,176.19493103027344,183.06951904296875,183.40533447265625,191.57901000976562,191.13458251953125,198.04368591308594,204.07464599609375
4,NSW-Female-Remanded,219.86190795898438,212.77011108398438,215.10665893554688,204.59539794921875,205.13800048828125,214.27638244628906,210.3427734375,218.0435791015625,240.54588317871094,237.59820556640625,216.97421264648438,207.27432250976562,215.9925079345703,212.6768341064453,200.75201416015625,192.57847595214844,200.46719360351562,205.23744201660156,202.95687866210938,194.1375732421875,203.64093017578125,210.0077362060547,212.03602600097656,210.51983642578125,222.5666961669922,220.7630157470703,221.1906280517578,227.48959350585938,228.7745819091797,224.28297424316406,217.25071716308594,222.8702392578125
4,NSW-Female-Sentenced,467.0086669921875,491.72125244140625,467.5571594238281,464.6061096191406,442.8238525390625,487.1295166015625,514.6266479492188,529.822509765625,511.1783752441406,531.0878295898438,546.6395263671875,562.9478149414062,535.5271606445312,545.5393676757812,547.8232421875,536.9110717773438,505.3511047363281,493.3365783691406,482.5917053222656,461.8370666503906,443.1188049316406,448.5850524902344,450.8742370605469,443.998779296875,451.9939880371094,471.7912292480469,477.588623046875,473.9854736328125,483.7281799316406,501.96697998046875,511.2887878417969,525.4930419921875
4,NSW-Male-Remanded,2131.1923828125,2166.18408203125,2160.91455078125,2230.521484375,2294.061767578125,2300.416015625,2304.20703125,2285.991455078125,2451.438720703125,2475.842529296875,2412.749267578125,2354.740478515625,2455.164794921875,2456.152587890625,2349.2958984375,2295.919921875,2470.869384765625,2489.4326171875,2415.3818359375,2404.3828125,2558.188720703125,2571.9638671875,2508.227783203125,2520.1181640625,2571.342529296875,2558.292236328125,2553.27001953125,2515.83203125,2676.444091796875,2735.54736328125,2637.853515625,2645.42626953125
4,NSW-Male-Sentenced,6702.3212890625,6820.9833984375,6781.70458984375,6675.67333984375,6647.01953125,6749.1025390625,6872.25830078125,6917.0625,6889.54443359375,7070.33740234375,7110.48583984375,7106.0009765625,6920.41650390625,7027.79150390625,7014.9375,6894.20703125,6801.06005859375,6825.68896484375,6749.205078125,6671.64990234375,6550.54736328125,6616.8115234375,6660.4560546875,6663.63232421875,6503.54736328125,6624.46923828125,6701.86572265625,6778.74853515625,6868.8447265625,7105.47900390625,7274.9912109375,7536.17626953125
4,NT-Female-Remanded,11.143646240234375,11.525315284729004,8.928848266601562,7.967412948608398,10.601386070251465,10.42387866973877,14.431619644165039,13.529541969299316,14.218453407287598,15.414254188537598,12.097339630126953,14.16472053527832,16.95176124572754,14.419830322265625,13.656538009643555,12.249092102050781,14.834925651550293,21.201780319213867,20.700910568237305,22.764596939086914,24.007007598876953,25.19108772277832,25.751567840576172,22.439210891723633,29.9932918548584,29.4470157623291,29.078245162963867,31.89175033569336,36.45008087158203,40.24188995361328,43.19047164916992,42.32785415649414
4,NT-Female-Sentenced,26.332778930664062,29.01691436767578,29.93052864074707,30.896272659301758,30.57920265197754,30.527589797973633,30.810747146606445,31.44586944580078,32.17002868652344,34.97216796875,35.08182144165039,35.42111587524414,35.84730529785156,37.58127212524414,37.575111389160156,37.637229919433594,37.2405891418457,41.323421478271484,44.1314582824707,46.96648025512695,48.310455322265625,55.36814880371094,59.16633224487305,60.4947395324707,63.420616149902344,70.54356384277344,75.27169799804688,76.7264404296875,72.23735809326172,74.0887451171875,73.50570678710938,72.3917465209961
4,NT-Male-Remanded,172.10130310058594,177.4085693359375,174.42007446289062,175.99835205078125,203.52822875976562,210.3704833984375,209.59507751464844,212.3658447265625,233.21328735351562,220.59353637695312,216.8238525390625,221.36570739746094,238.85035705566406,251.45474243164062,235.30923461914062,249.57615661621094,272.4581604003906,283.5654602050781,288.62603759765625,302.7672119140625,342.0008850097656,354.729248046875,333.6067810058594,341.93707275390625,330.51177978515625,332.4228820800781,323.90692138671875,341.04180908203125,377.60809326171875,386.22235107421875,367.4173583984375,385.3899841308594
4,NT-Male-Sentenced,645.5654907226562,699.0158081054688,672.3997192382812,654.09326171875,710.777587890625,729.3814697265625,754.6132202148438,776.5596923828125,795.5673828125,811.6265869140625,781.0592041015625,819.958251953125,863.674560546875,889.7589721679688,855.92431640625,914.2452392578125,903.6287841796875,947.5892333984375,940.425537109375,986.5306396484375,1056.3787841796875,1082.05712890625,1063.1522216796875,1105.406005859375,1127.8707275390625,1160.306396484375,1130.81494140625,1177.189697265625,1210.8634033203125,1235.260986328125,1187.93994140625,1235.40380859375
4,QLD-Female-Remanded,108.46419525146484,109.4853286743164,104.57144927978516,99.4754867553711,97.54269409179688,99.15231323242188,102.88319396972656,85.1905288696289,86.59149932861328,90.30732727050781,89.13862609863281,91.46905517578125,95.22673034667969,98.86643981933594,95.2627182006836,87.92858123779297,82.59088897705078,88.04149627685547,93.85813903808594,95.40489196777344,103.65760803222656,111.53665924072266,114.94316101074219,119.50106811523438,121.74125671386719,135.56399536132812,142.78375244140625,149.73617553710938,168.19558715820312,171.45240783691406,172.70089721679688,174.33155822753906
4,QLD-Female-Sentenced,315.87109375,321.68414306640625,304.6787109375,304.9866027832031,301.0054626464844,318.4595947265625,328.409912109375,336.50689697265625,339.6985778808594,352.332275390625,347.3637390136719,347.8494873046875,346.6788024902344,358.1698303222656,351.2579345703125,345.17547607421875,334.6263427734375,346.2587890625,347.4024658203125,357.194580078125,366.02838134765625,390.416259765625,406.6059265136719,424.0096130371094,402.72406005859375,438.70208740234375,467.3126525878906,495.7314147949219,517.4880981445312,547.4805908203125,557.0638427734375,556.8558349609375
4,QLD-Male-Remanded,1120.2249755859375,1177.4327392578125,1161.1746826171875,1101.3359375,1151.4405517578125,1147.39892578125,1103.97021484375,1040.92724609375,1078.207275390625,1085.3524169921875,1072.515625,1068.3106689453125,1100.3751220703125,1109.7216796875,1096.9090576171875,1085.914306640625,1104.845703125,1113.841064453125,1106.40576171875,1084.2059326171875,1141.7213134765625,1161.62548828125,1181.6170654296875,1191.8836669921875,1198.49853515625,1242.769775390625,1257.33154296875,1288.679931640625,1413.6517333984375,1469.490966796875,1535.88720703125,1557.95166015625
4,QLD-Male-Sentenced,4116.10791015625,4163.0859375,3994.164794921875,3984.626708984375,3949.23779296875,4061.135009765625,4091.43310546875,4113.40576171875,4069.079345703125,4196.05126953125,4147.16455078125,4134.525390625,4112.22802734375,4211.048828125,4165.70263671875,4148.017578125,4063.160888671875,4175.33837890625,4147.51904296875,4176.4794921875,4204.3701171875,4377.58349609375,4441.37548828125,4566.482421875,4224.21923828125,4441.50634765625,4546.99462890625,4713.74169921875,4956.451171875,5292.09765625,5532.787109375,5861.7939453125
4,SA-Female-Remanded,47.390411376953125,49.10116958618164,49.7209358215332,54.234806060791016,58.55733108520508,58.55937957763672,61.4311408996582,63.53915023803711,58.66315841674805,52.79832458496094,49.649635314941406,50.43333435058594,53.92313003540039,55.215538024902344,50.09403610229492,49.19429016113281,50.29368209838867,47.389827728271484,44.842132568359375,43.98027801513672,49.73152542114258,50.181617736816406,47.473392486572266,47.56215286254883,56.86204147338867,59.305702209472656,54.15411376953125,54.7074089050293,65.9110336303711,66.96197509765625,65.30766296386719,66.02191162109375
4,SA-Female-Sentenced,64.1604232788086,68.132568359375,69.40674591064453,70.57979583740234,68.07740020751953,68.49727630615234,67.08049774169922,67.21568298339844,65.76654815673828,71.53152465820312,73.7664566040039,75.17047882080078,77.03943634033203,80.86546325683594,81.54986572265625,80.9970932006836,77.80744934082031,83.5007095336914,85.24539184570312,86.33103942871094,83.11231231689453,87.99784851074219,88.01864624023438,88.55665588378906,81.66532897949219,88.83907318115234,91.74061584472656,92.07763671875,90.61832427978516,96.4441146850586,98.0467529296875,98.92366027832031
4,SA-Male-Remanded,540.2498779296875,570.2499389648438,558.4627075195312,537.3634643554688,566.9075317382812,572.484375,579.2460327148438,554.5366821289062,588.0993041992188,633.6879272460938,630.6165161132812,611.9625244140625,608.2978515625,655.17236328125,650.2935791015625,626.9325561523438,647.0161743164062,646.3156127929688,622.0048828125,615.7178955078125,677.896728515625,678.2349243164062,679.248291015625,689.9135131835938,680.7098388671875,701.9363403320312,707.0407104492188,720.3064575195312,763.7181396484375,789.3497924804688,800.9232788085938,781.4343872070312
4,SA-Male-Sentenced,1030.49755859375,1064.554443359375,1084.5047607421875,1111.349365234375,1105.1845703125,1136.331298828125,1170.32861328125,1199.8826904296875,1195.665283203125,1209.9322509765625,1214.330078125,1215.3397216796875,1206.7364501953125,1231.81640625,1240.8038330078125,1259.7156982421875,1241.3936767578125,1276.11962890625,1315.291015625,1334.7689208984375,1328.3719482421875,1368.5499267578125,1371.1591796875,1386.2501220703125,1392.31787109375,1432.7667236328125,1466.06103515625,1503.1959228515625,1528.0107421875,1580.326171875,1622.650634765625,1649.21142578125
4,TAS-Female-Remanded,9.93070125579834,11.022918701171875,7.930278301239014,9.856097221374512,9.870677947998047,12.815085411071777,8.63171100616455,6.867249488830566,10.932475090026855,11.11535930633545,9.885828018188477,8.842683792114258,7.818645477294922,10.989693641662598,7.887339115142822,5.744268417358398,6.125182151794434,7.440843105316162,9.462483406066895,6.511784553527832,9.14672565460205,5.637420654296875,7.371854782104492,7.309562683105469,6.092885971069336,6.977181434631348,5.109879970550537,6.043989181518555,6.0858893394470215,4.792817115783691,4.279694557189941,1.7571213245391846
4,TAS-Female-Sentenced,25.88268280029297,20.975662231445312,24.775074005126953,29.788156509399414,25.28170394897461,24.81298828125,29.98701286315918,24.855422973632812,21.658540725708008,23.631364822387695,30.98582649230957,34.748146057128906,25.89103889465332,28.00734519958496,25.49344825744629,28.553958892822266,22.747173309326172,32.72186279296875,29.550357818603516,32.40827560424805,25.036989212036133,30.225557327270508,34.40006637573242,37.352783203125,32.96770477294922,27.250642776489258,28.175485610961914,28.712390899658203,25.954710006713867,27.898033142089844,33.015541076660156,35.02610778808594
4,TAS-Male-Remanded,100.1938247680664,112.28973388671875,107.12164306640625,105.07999420166016,103.59337615966797,104.98533630371094,100.91004943847656,96.17990112304688,93.94295501708984,103.02962493896484,96.53845977783203,80.3534927368164,72.42367553710938,86.33802795410156,91.21984100341797,82.22982788085938,82.6143569946289,90.71388244628906,96.3328857421875,93.50648498535156,91.67930603027344,93.4738998413086,91.53002166748047,86.77312469482422,86.473876953125,87.44001007080078,82.24713897705078,76.88407897949219,80.75188446044922,85.39199829101562,83.39583587646484,79.1756591796875
4,TAS-Male-Sentenced,367.8393249511719,387.75390625,386.7005310058594,413.4525146484375,379.56719970703125,389.8760681152344,371.26129150390625,389.4436950683594,371.3645324707031,373.2960510253906,361.5466613769531,355.8874816894531,322.3987121582031,339.4548034667969,352.7026672363281,356.10150146484375,335.51690673828125,352.94171142578125,371.6914367675781,380.2435302734375,361.62200927734375,360.983642578125,356.3952941894531,354.280029296875,339.9525451660156,342.05950927734375,346.4386291503906,345.8033142089844,330.1065979003906,346.2094421386719,355.3304748535156,356.2384948730469
4,VIC-Female-Remanded,51.21831512451172,52.51780700683594,52.66639709472656,48.61507797241211,48.45431137084961,46.72624588012695,49.398948669433594,56.0533447265625,65.86859893798828,68.8922119140625,70.83500671386719,69.46757507324219,65.31395721435547,64.49419403076172,64.76256561279297,64.6828384399414,68.67825317382812,71.02232360839844,74.37639617919922,77.44258880615234,77.35712432861328,80.45820617675781,84.98042297363281,90.0494384765625,93.77778625488281,95.76078796386719,97.96711730957031,101.23564910888672,102.20407104492188,105.8145523071289,108.08934020996094,111.80854034423828
4,VIC-Female-Sentenced,193.79776000976562,198.78475952148438,198.02293395996094,206.1344757080078,186.10606384277344,187.54676818847656,186.06932067871094,190.36329650878906,189.84747314453125,210.04541015625,221.1254425048828,228.40255737304688,234.5725860595703,245.92904663085938,247.07647705078125,245.74058532714844,237.74310302734375,248.41921997070312,251.49147033691406,254.03611755371094,243.09486389160156,254.5232391357422,260.31658935546875,260.35809326171875,246.65032958984375,265.3824768066406,275.50604248046875,284.4756164550781,294.66546630859375,309.2563781738281,315.0892333984375,312.5981140136719
4,VIC-Male-Remanded,697.8969116210938,737.4497680664062,751.8603515625,766.6834106445312,783.4242553710938,817.8499145507812,822.0534057617188,808.8717041015625,770.5033569335938,796.2742309570312,800.57080078125,790.3778076171875,762.27001953125,796.4931640625,794.651611328125,805.8433227539062,785.5228881835938,830.1478271484375,864.9451904296875,876.0021362304688,899.6731567382812,931.363037109375,943.0690307617188,953.7269897460938,935.725341796875,984.4905395507812,1004.0553588867188,1007.0501708984375,1022.9942016601562,1055.8773193359375,1059.110107421875,1055.6160888671875
4,VIC-Male-Sentenced,3071.316650390625,3132.5712890625,3161.255615234375,3235.06298828125,3138.28369140625,3204.975830078125,3285.1142578125,3336.735595703125,3228.4404296875,3300.104248046875,3356.808349609375,3417.879638671875,3372.4755859375,3433.53271484375,3493.87646484375,3595.3876953125,3518.295654296875,3587.736328125,3665.80615234375,3772.31689453125,3815.156494140625,3902.62353515625,4094.580078125,4265.306640625,3799.25927734375,3905.627197265625,4033.578369140625,4166.4130859375,4246.20068359375,4437.41796875,4659.69140625,4877.42724609375
4,WA-Female-Remanded,63.749332427978516,63.68939208984375,58.04290771484375,49.85138702392578,56.77604293823242,56.76893997192383,61.73503875732422,65.2740249633789,73.21229553222656,74.5601577758789,64.66343688964844,67.0549087524414,76.17591857910156,79.16572570800781,79.84635925292969,75.17249298095703,64.98797607421875,63.361209869384766,62.289310455322266,79.30174255371094,92.09483337402344,95.35723114013672,95.4180908203125,92.80762481689453,102.30172729492188,109.85926818847656,113.84032440185547,114.95499420166016,126.3348159790039,130.16351318359375,123.07215118408203,120.47870635986328
4,WA-Female-Sentenced,213.89881896972656,234.00454711914062,254.51345825195312,263.13922119140625,247.46438598632812,243.1495361328125,249.1760711669922,257.25872802734375,234.248046875,257.49688720703125,290.3202209472656,314.0498046875,326.9539794921875,325.89251708984375,317.64666748046875,307.47821044921875,307.90887451171875,306.5731506347656,310.57330322265625,315.0814514160156,322.1160583496094,328.40997314453125,335.7925720214844,338.8275451660156,349.3703308105469,349.9336853027344,346.7902526855469,344.3204650878906,342.63287353515625,341.119140625,347.8072814941406,355.1217041015625
4,WA-Male-Remanded,578.9237060546875,605.9872436523438,582.4070434570312,567.9151611328125,618.6670532226562,622.5928344726562,637.0657958984375,646.5227661132812,736.6344604492188,749.9937133789062,706.9556274414062,740.9312744140625,786.6290893554688,810.4147338867188,775.2625122070312,826.4351806640625,780.55712890625,813.7703247070312,813.495849609375,856.1458740234375,924.8591918945312,939.4448852539062,913.973876953125,960.7705688476562,933.4237670898438,977.0186767578125,947.6434936523438,989.8694458007812,1027.409423828125,1056.8951416015625,1031.146240234375,1071.351806640625
4,WA-Male-Sentenced,2757.06640625,2887.22216796875,3006.654052734375,3079.05810546875,2955.115966796875,2955.64892578125,3036.658935546875,3140.85693359375,3119.89111328125,3314.16162109375,3522.42724609375,3664.735595703125,3719.9150390625,3708.6044921875,3682.221435546875,3604.846435546875,3528.134521484375,3582.05322265625,3637.971923828125,3711.963623046875,3778.92236328125,3837.55615234375,3846.818359375,3782.594482421875,3614.180419921875,3668.0927734375,3724.997314453125,3744.951416015625,3776.332763671875,3827.326171875,3848.1806640625,3808.97265625
5,ACT-Female-Remanded-ATSI,-0.05761128291487694,1.0146393775939941,1.053188681602478,1.0564128160476685,2.0705111026763916,2.0616190433502197,2.734426736831665,2.4821267127990723,1.706942081451416,1.6063177585601807,0.7223607301712036,1.2739089727401733,1.8393621444702148,1.3568494319915771,0.8846496343612671,1.3859103918075562,2.011992931365967,1.0045756101608276,1.9841431379318237,0.9799132347106934,0.9826878905296326,-0.03443731367588043,0.03336889296770096,1.0413447618484497,0.015462813898921013,1.067927598953247,1.073891520500183,2.050809860229492,1.1079540252685547,1.021413803100586,1.015506386756897,0.5131455659866333
5,ACT-Female-Remanded-Non-ATSI,4.050694942474365,3.4516501426696777,4.323389053344727,4.349981784820557,8.702537536621094,5.58400297164917,6.73748779296875,7.315640449523926,7.803617477416992,5.572472095489502,2.4749789237976074,6.111731052398682,4.990462779998779,8.575796127319336,7.42078161239624,5.233144283294678,6.049511432647705,4.079545974731445,5.1699652671813965,3.1568658351898193,3.1550769805908203,3.072045087814331,3.1321444511413574,3.1780030727386475,4.022911548614502,4.098954200744629,3.1533424854278564,4.431048393249512,3.6902453899383545,4.062864780426025,3.8274075984954834,3.763524055480957
5,ACT-Female-Sentenced-ATSI,0.03450236842036247,-0.022320400923490524,0.009535541757941246,0.11101581156253815,0.12079860270023346,0.26039543747901917,0.31895965337753296,0.4314228892326355,1.0073144435882568,0.5632493495941162,0.4308525323867798,0.524422287940979,0.8760066032409668,0.8918877840042114,0.5649288892745972,0.5952399969100952,0.9819294214248657,2.0250139236450195,1.8818429708480835,0.0012281369417905807,0.4890681505203247,1.799139142036438,2.0315065383911133,1.413741111755371,0.12933069467544556,1.1126056909561157,2.2268621921539307,1.253519892692566,0.3276822865009308,2.467682361602783,3.0377402305603027,2.179964780807495
5,ACT-Female-Sentenced-Non-ATSI,4.988772869110107,4.133790016174316,6.245025157928467,7.011534214019775,7.955366134643555,6.644710063934326,2.661778450012207,4.026732444763184,5.567397594451904,9.082709312438965,7.7836384773254395,5.858845233917236,6.441227912902832,6.5251851081848145,5.207533836364746,5.963379859924316,5.740814208984375,6.851687431335449,4.070683479309082,3.0564587116241455,6.047623157501221,5.9253997802734375,8.650787353515625,8.692694664001465,7.830386638641357,6.437081336975098,7.88811731338501,10.46301555633545,9.386946678161621,6.890214920043945,7.50422477722168,7.946495532989502
5,ACT-Male-Remanded-ATSI,7.5303192138671875,7.7594451904296875,7.121662616729736,7.774388313293457,9.548364639282227,11.165705680847168,12.025551795959473,13.124710083007812,16.237594604492188,16.461767196655273,16.076391220092773,16.530773162841797,17.584749221801758,17.62085723876953,16.861860275268555,16.926956176757812,18.043960571289062,18.058618545532227,17.021331787109375,17.112356185913086,17.919858932495117,17.154544830322266,16.618301391601562,16.09018898010254,17.430500030517578,18.210920333862305,17.02768898010254,17.15274429321289,16.89271354675293,17.120817184448242,16.178857803344727,15.686502456665039
5,ACT-Male-Remanded-Non-ATSI,55.717594146728516,53.9562873840332,59.26380920410156,65.81543731689453,69.0978012084961,71.62147521972656,79.36515808105469,87.17098236083984,80.90697479248047,65.66985321044922,54.0660285949707,58.807621002197266,71.88064575195312,70.38916015625,61.52642059326172,61.82950210571289,62.955833435058594,61.3238525390625,46.943504333496094,50.42518615722656,66.1159439086914,69.44297790527344,69.32547760009766,61.16632843017578,62.796234130859375,62.05926513671875,61.50050354003906,56.014225006103516,59.0029296875,59.97972869873047,59.63544845581055,58.2248420715332
5,ACT-Male-Sentenced-ATSI,13.782073020935059,10.720245361328125,10.519911766052246,10.30626106262207,8.829541206359863,7.8256449699401855,7.0302510261535645,7.658836364746094,7.649697780609131,8.49202823638916,8.65078067779541,10.446626663208008,12.52462387084961,13.388221740722656,14.15333366394043,14.622748374938965,15.129549026489258,15.621115684509277,17.05098533630371,17.666114807128906,17.503738403320312,17.684362411499023,20.214040756225586,22.4307861328125,25.526798248291016,25.826601028442383,26.620615005493164,28.221052169799805,29.069608688354492,30.918088912963867,32.52425765991211,36.26164627075195
5,ACT-Male-Sentenced-Non-ATSI,93.15076446533203,88.79499816894531,87.90190887451172,87.67976379394531,87.19352722167969,79.10697937011719,65.5378646850586,59.4035530090332,59.5789680480957,73.43920135498047,79.9305419921875,83.33076477050781,87.8612289428711,98.28506469726562,105.72160339355469,110.19779205322266,116.8022232055664,123.74813079833984,130.39683532714844,136.3115234375,132.2992401123047,134.18641662597656,139.5534210205078,148.54249572753906,141.29396057128906,145.78550720214844,152.5200958251953,153.48867797851562,159.1813201904297,165.1090850830078,171.2030792236328,179.8357696533203
5,NSW-Female-Remanded-ATSI,60.43880844116211,59.89834213256836,59.98461151123047,52.12882614135742,57.08710861206055,56.48171615600586,57.997257232666016,64.90962982177734,56.793853759765625,52.422088623046875,53.96647262573242,56.29304504394531,61.9755859375,60.520015716552734,58.86920928955078,61.88391876220703,55.651058197021484,62.16333770751953,65.34999084472656,65.07707214355469,70.80502319335938,76.82271575927734,80.1683120727539,82.74488067626953,86.67481994628906,93.01555633544922,90.33428955078125,85.60372924804688,95.40724182128906,101.46807098388672,95.96440124511719,99.4422378540039
5,NSW-Female-Remanded-Non-ATSI,157.9011688232422,154.8946533203125,146.94522094726562,142.57662963867188,140.1036376953125,145.1652069091797,151.90093994140625,154.19528198242188,171.73756408691406,175.96629333496094,164.45506286621094,154.6688690185547,155.060791015625,156.2227325439453,142.19117736816406,134.9591522216797,140.5404815673828,144.82199096679688,138.14479064941406,135.48223876953125,144.65269470214844,149.33709716796875,143.28688049316406,139.14825439453125,142.3284454345703,145.2620086669922,145.97024536132812,151.112060546875,157.2942657470703,161.47218322753906,162.0105438232422,160.9021453857422
5,NSW-Female-Sentenced-ATSI,134.15553283691406,152.5899200439453,156.48837280273438,152.24838256835938,148.14259338378906,165.96092224121094,167.42266845703125,165.7873077392578,160.25457763671875,167.38299560546875,165.3659210205078,163.32847595214844,153.9276885986328,156.8389892578125,152.17137145996094,143.7916259765625,136.7236785888672,133.4779052734375,128.82240295410156,123.48699188232422,118.00492858886719,121.82532501220703,123.63046264648438,124.4524154663086,130.21981811523438,138.3625030517578,145.98507690429688,154.8076171875,167.5089569091797,173.7903289794922,182.0648956298828,185.94683837890625
5,NSW-Female-Sentenced-Non-ATSI,324.8052062988281,336.0895690917969,317.45562744140625,319.0247802734375,300.7312316894531,327.6206359863281,352.9068298339844,367.9132995605469,356.3990173339844,365.1957702636719,381.122802734375,394.82110595703125,383.6319885253906,398.7583923339844,413.46282958984375,408.5537414550781,361.0693359375,355.9302673339844,352.6325378417969,330.3731384277344,317.50048828125,324.9156799316406,325.49462890625,318.880859375,324.84893798828125,338.421875,339.54217529296875,334.2215881347656,335.5417175292969,345.68280029296875,341.5135498046875,336.3934020996094
5,NSW-Male-Remanded-ATSI,397.7739562988281,403.31878662109375,400.9884033203125,413.2084655761719,443.672607421875,426.7274169921875,413.60711669921875,413.19757080078125,460.4863586425781,461.179443359375,447.822509765625,439.6255187988281,469.03692626953125,475.4713439941406,455.7098388671875,443.694091796875,487.607421875,494.4495544433594,468.1376037597656,471.1883850097656,504.4413757324219,522.0183715820312,505.0149230957031,493.11810302734375,533.7568969726562,539.91455078125,519.9961547851562,511.65789794921875,561.6314086914062,573.098876953125,550.56103515625,530.1426391601562
5,NSW-Male-Remanded-Non-ATSI,1744.423583984375,1780.386962890625,1779.3580322265625,1841.49560546875,1912.9649658203125,1913.85498046875,1898.3385009765625,1866.9130859375,1999.20947265625,2031.696533203125,1965.67626953125,1913.36767578125,2024.965087890625,2006.8602294921875,1935.235107421875,1874.4859619140625,2021.62060546875,2035.7010498046875,1965.2398681640625,1945.2296142578125,2089.98291015625,2125.771484375,2047.29833984375,2027.060791015625,2071.039306640625,2055.319580078125,2055.121826171875,2052.16064453125,2211.91796875,2224.29443359375,2170.29443359375,2149.447998046875
5,NSW-Male-Sentenced-ATSI,1347.7540283203125,1402.473876953125,1428.9764404296875,1439.675537109375,1367.4071044921875,1368.100830078125,1419.243896484375,1484.547119140625,1515.777587890625,1603.33544921875,1682.5350341796875,1747.7659912109375,1742.987060546875,1753.6966552734375,1730.6622314453125,1709.64404296875,1605.8375244140625,1621.894287109375,1634.715087890625,1632.484130859375,1638.6151123046875,1635.1043701171875,1621.1796875,1617.9854736328125,1511.0362548828125,1543.710205078125,1582.9173583984375,1611.77294921875,1628.53173828125,1646.373046875,1649.7608642578125,1650.10498046875
5,NSW-Male-Sentenced-Non-ATSI,5365.44189453125,5452.99560546875,5431.87646484375,5332.41748046875,5312.4814453125,5417.47607421875,5520.09423828125,5572.7197265625,5459.2333984375,5626.46630859375,5663.236328125,5654.36767578125,5529.69189453125,5610.39453125,5574.74169921875,5522.2021484375,5303.05810546875,5313.37890625,5270.65380859375,5222.01025390625,5134.45361328125,5186.26708984375,5205.70263671875,5239.9521484375,5071.533203125,5171.3603515625,5253.845703125,5317.4072265625,5455.6826171875,5676.20166015625,5872.2119140625,6007.09716796875
5,NT-Female-Remanded-ATSI,10.180522918701172,10.406167030334473,7.925939083099365,5.595180511474609,8.4498872756958,7.857668876647949,11.20535659790039,11.908092498779297,12.12991714477539,13.119982719421387,10.701302528381348,13.561746597290039,15.580277442932129,14.241047859191895,13.15218734741211,10.924545288085938,13.120400428771973,17.254009246826172,17.15744972229004,18.60807228088379,20.37204360961914,20.61650848388672,21.917362213134766,20.531299591064453,25.352277755737305,25.860624313354492,25.13706398010254,26.955020904541016,29.16378402709961,33.32837677001953,33.533782958984375,33.307891845703125
5,NT-Female-Remanded-Non-ATSI,0.019053155556321144,0.980599045753479,-0.12488765269517899,1.983100175857544,1.9353278875350952,1.9677867889404297,2.0394582748413086,2.1113994121551514,3.034104108810425,1.9688280820846558,0.9895732402801514,1.0043025016784668,1.0317670106887817,-0.01740071550011635,1.0051079988479614,0.9972269535064697,2.016761064529419,2.8558053970336914,2.9929323196411133,3.198428153991699,4.000196933746338,3.977602005004883,3.68477725982666,2.9716274738311768,1.0688666105270386,2.170456886291504,2.870220184326172,2.879261016845703,3.333130121231079,3.9944424629211426,4.538641452789307,3.4447550773620605
5,NT-Female-Sentenced-ATSI,19.495607376098633,22.312223434448242,23.822315216064453,24.947633743286133,24.627866744995117,24.40126609802246,24.384010314941406,24.326929092407227,26.326229095458984,28.715736389160156,29.45427131652832,29.83698272705078,29.858448028564453,31.905925750732422,31.675559997558594,31.7250919342041,31.3724308013916,33.43243408203125,34.87858581542969,36.601654052734375,38.280574798583984,43.55859375,46.51224136352539,48.61845397949219,55.78024673461914,61.268592834472656,63.902732849121094,64.61212158203125,60.88103103637695,64.50653076171875,64.18941497802734,64.35148620605469
5,NT-Female-Sentenced-Non-ATSI,7.9903130531311035,7.510714054107666,5.4706292152404785,4.276566982269287,5.435157299041748,6.2941460609436035,6.2600555419921875,6.459606647491455,6.613526344299316,7.442310810089111,8.183794975280762,7.075671195983887,6.576083183288574,6.747672080993652,6.246978759765625,5.268424987792969,5.711859703063965,7.183323383331299,6.740789413452148,7.884655475616455,8.708757400512695,9.01244068145752,9.209585189819336,8.99536418914795,8.277351379394531,6.775925636291504,7.501570224761963,6.397975921630859,7.633741855621338,8.357398986816406,8.147868156433105,9.143866539001465
5,NT-Male-Remanded-ATSI,146.9476318359375,148.7841033935547,145.2425994873047,147.74305725097656,166.67440795898438,171.35342407226562,169.1683349609375,172.2021484375,189.24905395507812,186.50294494628906,183.91278076171875,187.05560302734375,201.209716796875,209.33473205566406,197.5084228515625,208.0689697265625,234.46011352539062,247.67042541503906,250.3207550048828,259.3836364746094,286.819580078125,295.0081787109375,288.037109375,284.7928161621094,286.3177490234375,283.4383850097656,281.29229736328125,298.92852783203125,329.02886962890625,338.6346435546875,330.280029296875,344.32989501953125
5,NT-Male-Remanded-Non-ATSI,27.959335327148438,32.128204345703125,28.59478759765625,23.022794723510742,34.2005500793457,35.365943908691406,38.48360824584961,40.306312561035156,36.906211853027344,38.11030960083008,41.32173156738281,38.9940071105957,38.02334976196289,42.59697723388672,38.166099548339844,35.30018615722656,41.81300735473633,43.742767333984375,45.55168914794922,44.54347610473633,40.30336380004883,40.65646743774414,43.85707473754883,46.05438232421875,42.71228790283203,45.77033996582031,47.61387634277344,48.27834701538086,54.53841018676758,59.060150146484375,61.75335693359375,63.71043014526367
5,NT-Male-Sentenced-ATSI,529.0442504882812,569.9574584960938,549.656982421875,533.3694458007812,581.298583984375,600.2216796875,609.6982421875,618.8184814453125,660.6253051757812,677.3426513671875,648.2339477539062,668.4086303710938,711.7490844726562,732.2374267578125,702.8424682617188,748.5210571289062,737.80810546875,775.8272705078125,771.2572021484375,809.6276245117188,875.1658935546875,898.4411010742188,881.2183227539062,911.5855712890625,930.0137939453125,964.4339599609375,923.5089721679688,961.7096557617188,987.0316772460938,1004.9551391601562,965.3793334960938,995.7860717773438
5,NT-Male-Sentenced-Non-ATSI,125.4996566772461,128.40525817871094,124.90423583984375,126.57775115966797,137.7357635498047,138.90866088867188,135.6999969482422,131.26300048828125,131.48487854003906,134.1010284423828,128.03250122070312,128.84100341796875,139.65647888183594,140.44955444335938,136.80262756347656,134.77154541015625,159.69403076171875,159.461181640625,155.7572479248047,155.32260131835938,165.17922973632812,162.86611938476562,154.8179931640625,151.19598388671875,185.53016662597656,184.62191772460938,176.60755920410156,169.10194396972656,182.46986389160156,184.20794677734375,174.8837432861328,169.09671020507812
5,QLD-Female-Remanded-ATSI,31.113903045654297,32.19296646118164,30.324087142944336,28.33013153076172,36.74531173706055,39.17258834838867,38.72035598754883,35.481319427490234,33.57291030883789,35.0169563293457,36.36336898803711,38.84864044189453,36.396846771240234,37.077476501464844,39.28129959106445,36.753509521484375,31.303037643432617,32.47953414916992,34.9518928527832,34.74956512451172,33.72971725463867,36.951961517333984,41.369468688964844,42.49652099609375,40.15390396118164,42.44621658325195,42.974666595458984,43.94528579711914,46.60047149658203,48.44837951660156,52.88380432128906,52.71466827392578
5,QLD-Female-Remanded-Non-ATSI,78.4693832397461,78.27944946289062,74.63632202148438,72.69487762451172,68.8764419555664,71.80181121826172,73.4055404663086,62.053279876708984,62.78386688232422,66.0969467163086,62.48519515991211,61.08449172973633,62.570648193359375,65.69418334960938,63.40286636352539,60.463836669921875,49.67353057861328,54.084476470947266,59.60878372192383,61.32646942138672,68.78663635253906,73.01671600341797,76.3415298461914,79.42191314697266,75.32904052734375,85.54367065429688,92.16825103759766,96.35484313964844,105.5622787475586,107.56806182861328,106.40708923339844,104.37841033935547
5,QLD-Female-Sentenced-ATSI,86.64448547363281,83.04376983642578,77.47827911376953,74.94368743896484,76.506591796875,76.36109924316406,80.11599731445312,87.7916488647461,84.4747085571289,85.61637115478516,79.43669891357422,80.57390594482422,85.58000183105469,93.653564453125,103.4966049194336,103.79094696044922,121.3811264038086,128.36410522460938,123.15953826904297,126.28209686279297,133.03256225585938,138.640869140625,135.96897888183594,133.38967895507812,127.18449401855469,137.6471710205078,137.5602264404297,145.81964111328125,154.38192749023438,166.2137451171875,173.0217742919922,171.383056640625
5,QLD-Female-Sentenced-Non-ATSI,220.537109375,216.0277099609375,219.0912322998047,229.0109405517578,224.4770050048828,225.27511596679688,232.3986053466797,233.33871459960938,260.20123291015625,257.4637451171875,256.3274230957031,258.2582092285156,257.2823181152344,259.5424499511719,258.8114318847656,263.6991882324219,222.77362060546875,236.52662658691406,231.77027893066406,225.4612579345703,228.43844604492188,247.80027770996094,252.82090759277344,255.06361389160156,257.80682373046875,271.7559509277344,281.09039306640625,293.9873962402344,301.43829345703125,313.2574462890625,321.08819580078125,328.6170654296875
5,QLD-Male-Remanded-ATSI,281.7250671386719,297.5602111816406,291.3660583496094,274.83233642578125,297.33477783203125,296.67169189453125,282.8172302246094,257.6849060058594,289.8591613769531,288.05126953125,276.3526306152344,273.2901916503906,302.9303283691406,301.5782470703125,298.97686767578125,300.0750427246094,315.2845764160156,317.63568115234375,310.71807861328125,295.8733215332031,312.0121765136719,310.6128234863281,309.604248046875,315.39251708984375,337.4149169921875,346.9790344238281,359.6303405761719,376.0479736328125,395.7868957519531,409.67828369140625,414.0013427734375,406.2047424316406
5,QLD-Male-Remanded-Non-ATSI,870.1504516601562,905.3468017578125,885.612060546875,843.9934692382812,882.3480224609375,887.639404296875,855.3314819335938,806.43408203125,792.9124145507812,793.3628540039062,780.545654296875,776.1113891601562,800.1304931640625,807.7723388671875,796.3994140625,787.7285766601562,800.5030517578125,810.2857055664062,806.591796875,793.2286376953125,822.1997680664062,826.707275390625,821.0650024414062,831.574951171875,854.55078125,894.3516235351562,916.3908081054688,935.556396484375,1034.661865234375,1103.904296875,1135.4093017578125,1204.0670166015625
5,QLD-Male-Sentenced-ATSI,1121.5250244140625,1127.0738525390625,1072.2362060546875,1073.835693359375,1063.05859375,1102.1815185546875,1122.73681640625,1139.555908203125,1084.91796875,1142.3707275390625,1141.1229248046875,1163.3349609375,1172.0093994140625,1203.4202880859375,1209.1683349609375,1206.561767578125,1225.82080078125,1260.943115234375,1254.9337158203125,1271.5858154296875,1270.9239501953125,1308.0064697265625,1316.4615478515625,1361.8780517578125,1302.3592529296875,1398.01416015625,1441.7257080078125,1540.38525390625,1640.7672119140625,1784.59912109375,1879.160888671875,1927.7640380859375
5,QLD-Male-Sentenced-Non-ATSI,2963.18701171875,2972.541015625,2943.472900390625,2924.54443359375,2839.579345703125,2909.68896484375,2969.24462890625,3011.324951171875,2968.18408203125,3005.369873046875,2934.831787109375,2876.040283203125,2816.8115234375,2884.787109375,2843.04931640625,2810.974853515625,2855.546875,2956.37890625,2947.4453125,2952.318603515625,2924.3427734375,3040.048828125,3057.4306640625,3049.835205078125,2796.454833984375,2909.20849609375,2884.49951171875,2891.0771484375,2882.175048828125,2999.063720703125,2953.659423828125,3008.14453125
5,SA-Female-Remanded-ATSI,10.786304473876953,14.52004623413086,14.977435111999512,12.865342140197754,14.800125122070312,15.15160083770752,14.98128604888916,13.662185668945312,14.83336067199707,14.835067749023438,12.795644760131836,13.752482414245605,14.620312690734863,14.307141304016113,13.787875175476074,12.226544380187988,13.539237976074219,15.69139575958252,14.415410995483398,10.679289817810059,11.731171607971191,14.083794593811035,12.46636962890625,11.553722381591797,20.616857528686523,20.985021591186523,18.197490692138672,12.544614791870117,18.625709533691406,17.83085823059082,21.215009689331055,19.85818099975586
5,SA-Female-Remanded-Non-ATSI,36.0902214050293,37.46755599975586,38.00184631347656,41.74679183959961,46.312904357910156,43.647254943847656,43.43037796020508,41.07175064086914,42.136695861816406,38.49365997314453,36.040828704833984,36.978355407714844,40.23518753051758,39.4107551574707,33.451393127441406,33.60239028930664,35.58085250854492,28.2071475982666,28.112865447998047,27.99026107788086,33.92374801635742,33.346221923828125,33.70745849609375,33.69283676147461,37.118038177490234,39.3893928527832,37.954315185546875,42.38969421386719,48.97359848022461,51.72998046875,49.882137298583984,51.2374382019043
5,SA-Female-Sentenced-ATSI,16.17758560180664,15.463685989379883,14.589043617248535,15.19141674041748,13.872062683105469,12.84952163696289,11.875700950622559,11.946650505065918,12.419809341430664,14.051834106445312,15.320103645324707,16.476898193359375,16.65134048461914,18.22156524658203,18.94507598876953,20.571773529052734,20.736425399780273,21.734968185424805,22.63370704650879,25.0732479095459,23.945913314819336,24.754695892333984,25.83033561706543,28.48199462890625,23.22365379333496,24.24793243408203,25.979188919067383,28.139102935791016,27.60714340209961,27.18989372253418,28.913497924804688,32.387237548828125
5,SA-Female-Sentenced-Non-ATSI,45.920814514160156,49.54936981201172,54.25569534301758,51.539527893066406,52.391544342041016,53.31863021850586,51.68413543701172,51.6632194519043,60.519554138183594,66.5298843383789,62.87580108642578,57.640628814697266,57.61595916748047,61.078285217285156,55.559452056884766,51.84481430053711,58.69522476196289,62.975852966308594,63.134971618652344,58.99031448364258,54.626502990722656,59.96512222290039,62.090728759765625,61.023597717285156,60.014671325683594,65.4811782836914,66.90886688232422,70.78423309326172,73.55533599853516,79.69347381591797,87.51213073730469,93.29388427734375
5,SA-Male-Remanded-ATSI,116.1012954711914,118.41676330566406,116.44813537597656,118.66378784179688,127.62907409667969,123.85999298095703,122.0199203491211,120.6400375366211,168.51319885253906,166.94381713867188,164.12937927246094,161.28855895996094,172.32769775390625,171.17462158203125,166.22882080078125,163.48338317871094,198.33688354492188,198.58401489257812,193.34207153320312,187.768310546875,199.51194763183594,195.39785766601562,190.7163543701172,179.20697021484375,175.89608764648438,172.906005859375,173.04782104492188,166.31268310546875,184.3098907470703,191.337890625,182.62306213378906,181.76548767089844
5,SA-Male-Remanded-Non-ATSI,427.6117858886719,451.6241455078125,440.5697937011719,416.14898681640625,440.4650573730469,442.0760498046875,436.91473388671875,413.1949768066406,432.65350341796875,454.26983642578125,438.87744140625,414.2716979980469,435.42144775390625,432.1258850097656,397.6904602050781,390.533203125,461.7524108886719,456.7752685546875,441.5641784667969,440.1979064941406,491.2535095214844,502.1335754394531,510.8599853515625,531.6942749023438,491.8045654296875,505.5401306152344,513.5361328125,517.5626831054688,545.6267700195312,561.52392578125,556.775390625,561.437255859375
5,SA-Male-Sentenced-ATSI,187.2240753173828,202.91183471679688,212.69093322753906,218.70260620117188,210.01736450195312,204.76010131835938,213.61685180664062,222.55848693847656,235.45298767089844,242.54852294921875,245.83984375,254.73863220214844,266.8854064941406,273.5569152832031,280.7565002441406,284.7431640625,262.4342346191406,267.536376953125,281.6562194824219,293.07489013671875,302.1138916015625,302.9747314453125,301.8457336425781,302.14056396484375,279.00018310546875,286.9865417480469,297.8960876464844,308.2101745605469,307.126708984375,306.8723449707031,309.5599060058594,308.3835754394531
5,SA-Male-Sentenced-Non-ATSI,841.5982055664062,872.4111938476562,893.328369140625,917.4443969726562,918.2501220703125,948.1694946289062,986.0717163085938,1006.5089111328125,973.40380859375,987.9943237304688,986.3468017578125,992.568603515625,976.3966674804688,996.7888793945312,1007.0599365234375,1019.3702392578125,986.598876953125,1016.0618896484375,1041.328125,1051.798095703125,1063.306884765625,1082.403076171875,1103.6839599609375,1108.8331298828125,1114.1629638671875,1137.4488525390625,1159.2999267578125,1184.0224609375,1196.9415283203125,1231.0635986328125,1259.659423828125,1284.5050048828125
5,TAS-Female-Remanded-ATSI,3.102916955947876,5.005733489990234,1.9070602655410767,2.920487642288208,3.9213476181030273,2.827005624771118,0.7930119037628174,0.9779032468795776,1.9995615482330322,2.034406900405884,1.0741353034973145,1.017170786857605,2.060967445373535,2.8446342945098877,2.0098395347595215,1.9921451807022095,1.0500307083129883,1.0804370641708374,2.182701826095581,2.181056022644043,4.153964519500732,3.7788426876068115,2.937446117401123,1.9157166481018066,1.0778560638427734,1.084728717803955,1.2297558784484863,2.133885383605957,4.220128059387207,4.234124183654785,2.5816500186920166,0.5667955279350281
5,TAS-Female-Remanded-Non-ATSI,6.7474493980407715,6.149470329284668,5.889988422393799,6.823618412017822,5.928139686584473,10.255169868469238,8.160978317260742,5.943868160247803,8.910256385803223,8.934463500976562,9.011972427368164,7.823944091796875,5.7950239181518555,7.976451873779297,5.655646324157715,3.7977054119110107,5.29721212387085,6.3737711906433105,7.388436317443848,4.85565185546875,7.132570743560791,3.6669604778289795,5.543214321136475,6.049558162689209,5.17712926864624,6.199281692504883,4.049163818359375,4.224216461181641,2.863936185836792,1.9664560556411743,2.471877336502075,0.8852356672286987
5,TAS-Female-Sentenced-ATSI,4.905152797698975,2.899160623550415,4.879845142364502,4.88580846786499,3.9478774070739746,3.778454542160034,6.9215617179870605,5.491636753082275,4.9819817543029785,3.913729667663574,5.353231430053711,8.060779571533203,3.9071364402770996,4.343288421630859,4.113302707672119,6.721319675445557,3.957892656326294,7.005599498748779,6.327012538909912,9.542729377746582,6.321013927459717,4.755997180938721,6.160157680511475,6.194190502166748,8.507613182067871,3.684417963027954,4.030019283294678,5.636685848236084,4.404210090637207,5.542377471923828,7.934284687042236,10.074634552001953
5,TAS-Female-Sentenced-Non-ATSI,20.947797775268555,17.715818405151367,19.897159576416016,25.036287307739258,20.66410255432129,20.87624740600586,24.207061767578125,21.308040618896484,16.98628807067871,19.321941375732422,27.907955169677734,29.55364227294922,22.382768630981445,21.98381996154785,21.500532150268555,25.082454681396484,18.345420837402344,23.94814682006836,23.306991577148438,26.607330322265625,20.265626907348633,23.985679626464844,26.809673309326172,31.179588317871094,23.45216941833496,21.80555534362793,23.620473861694336,25.326032638549805,21.807186126708984,21.425907135009766,28.625322341918945,29.585121154785156
5,TAS-Male-Remanded-ATSI,13.812435150146484,7.083415508270264,12.485331535339355,8.86493968963623,9.963573455810547,11.854764938354492,12.345176696777344,15.587148666381836,17.375953674316406,19.403718948364258,15.694533348083496,13.161051750183105,12.530767440795898,14.164703369140625,17.086986541748047,17.71614646911621,13.805132865905762,9.973336219787598,11.27645492553711,13.048397064208984,15.76939582824707,15.651275634765625,14.956611633300781,14.539911270141602,17.830841064453125,18.654386520385742,16.61215591430664,14.63180923461914,13.465819358825684,14.456693649291992,19.977434158325195,19.498748779296875
5,TAS-Male-Remanded-Non-ATSI,85.74697875976562,95.4912109375,90.44953155517578,88.36537170410156,86.78352355957031,88.37259674072266,84.80220031738281,80.79102325439453,80.71159362792969,90.76823425292969,83.51164245605469,69.64354705810547,63.760047912597656,75.64857482910156,80.62998962402344,71.79692840576172,65.09972381591797,71.81366729736328,80.26570129394531,80.80731964111328,80.56979370117188,80.42001342773438,79.4149398803711,74.97386169433594,74.07154846191406,73.74058532714844,69.99181365966797,63.782554626464844,67.63470458984375,73.33414459228516,70.19501495361328,66.10594177246094
5,TAS-Male-Sentenced-ATSI,44.81584167480469,46.9234504699707,47.838924407958984,52.807735443115234,46.94828414916992,46.54621124267578,48.46292495727539,47.2015266418457,43.9726676940918,45.979331970214844,42.73643493652344,42.75980758666992,43.5947380065918,46.3039665222168,45.8392333984375,47.561954498291016,48.438663482666016,53.981449127197266,51.062496185302734,54.1430549621582,58.247802734375,54.67437744140625,48.71156311035156,51.9217529296875,49.377296447753906,43.65407180786133,45.14701461791992,51.478858947753906,47.360443115234375,49.19651794433594,47.97770690917969,57.248046875
5,TAS-Male-Sentenced-Non-ATSI,327.7043762207031,345.07208251953125,344.5926208496094,366.444580078125,337.479736328125,346.9029235839844,327.9986267089844,345.83294677734375,328.205810546875,328.43505859375,316.8934631347656,309.9208984375,281.1781005859375,296.67523193359375,310.3763732910156,312.66650390625,299.3323974609375,307.7891845703125,326.46807861328125,331.6773681640625,319.6939697265625,317.6382751464844,311.9770812988281,307.23382568359375,298.6548767089844,299.6124267578125,302.3749694824219,298.4787902832031,286.9515686035156,299.3355407714844,303.197509765625,302.98931884765625
5,VIC-Female-Remanded-ATSI,2.7768189907073975,2.4289441108703613,2.6980323791503906,2.9518227577209473,3.599032163619995,4.669005393981934,5.54644250869751,6.167280673980713,6.0084428787231445,6.977631568908691,7.081584930419922,7.268182754516602,7.363689422607422,7.456811904907227,7.806801795959473,8.35490608215332,7.961819648742676,8.349396705627441,8.99552059173584,9.956911087036133,10.213741302490234,10.484796524047852,10.623417854309082,11.99039363861084,10.652753829956055,10.560760498046875,11.032389640808105,12.0586576461792,12.70579719543457,12.338763236999512,14.257135391235352,15.550432205200195
5,VIC-Female-Remanded-Non-ATSI,48.805564880371094,50.10360336303711,50.27460861206055,46.144439697265625,45.853763580322266,47.72524642944336,49.2515754699707,54.620418548583984,59.428245544433594,61.51491165161133,63.4287109375,61.9915885925293,57.63010787963867,57.96428298950195,57.84294891357422,59.26198959350586,61.46249771118164,64.41358184814453,67.798095703125,70.40250396728516,69.36812591552734,72.56239318847656,77.09552001953125,81.59672546386719,83.2561264038086,86.00460815429688,88.9722671508789,92.56813049316406,93.17717742919922,94.87378692626953,96.76459503173828,101.29642486572266
5,VIC-Female-Sentenced-ATSI,10.601323127746582,11.812164306640625,12.188803672790527,9.698529243469238,10.846099853515625,10.098161697387695,11.325928688049316,12.225043296813965,11.282572746276855,12.21993637084961,11.017533302307129,13.695460319519043,19.25505828857422,20.109861373901367,19.924203872680664,16.629032135009766,23.076683044433594,24.23563575744629,22.102754592895508,17.647335052490234,23.934354782104492,24.366968154907227,25.768722534179688,27.223596572875977,26.948820114135742,32.06568908691406,31.449792861938477,31.422298431396484,37.00844192504883,37.140724182128906,34.5896110534668,31.03769874572754
5,VIC-Female-Sentenced-Non-ATSI,181.98150634765625,187.04689025878906,186.7052001953125,192.9733123779297,174.15179443359375,175.40158081054688,175.61427307128906,177.8459930419922,180.04478454589844,196.710693359375,210.6848907470703,215.4060821533203,222.2861328125,231.85076904296875,232.4356231689453,230.95733642578125,220.4789581298828,230.65005493164062,235.41897583007812,238.01126098632812,227.46214294433594,239.43128967285156,241.37423706054688,244.14942932128906,227.75137329101562,246.35171508789062,257.6020202636719,266.3642272949219,273.4437561035156,289.3135681152344,289.4300842285156,287.6825866699219
5,VIC-Male-Remanded-ATSI,48.717315673828125,53.23830795288086,50.72951889038086,46.559837341308594,49.93727111816406,48.046512603759766,51.194400787353516,54.03323745727539,48.10482406616211,45.56502914428711,44.35725021362305,50.3602294921875,53.82004165649414,50.06557846069336,46.798431396484375,52.47929763793945,53.75099182128906,54.78901290893555,54.83518600463867,56.315032958984375,65.61544036865234,67.32396697998047,62.525508880615234,61.58504867553711,70.80919647216797,76.789794921875,73.31819915771484,78.75519561767578,82.98955535888672,88.95291137695312,95.93476867675781,94.87652587890625
5,VIC-Male-Remanded-Non-ATSI,647.1836547851562,678.253662109375,695.2778930664062,703.5183715820312,706.6450805664062,724.223876953125,728.3768310546875,739.4304809570312,731.0657348632812,738.3322143554688,745.5657958984375,763.8948974609375,746.461669921875,768.2352905273438,783.03955078125,791.5282592773438,720.3670654296875,742.0396118164062,772.7041625976562,794.7874145507812,804.0032348632812,824.734619140625,838.39013671875,843.8397827148438,852.9619140625,869.9596557617188,881.57958984375,892.6355590820312,897.7769165039062,919.638916015625,934.8661499023438,950.15478515625
5,VIC-Male-Sentenced-ATSI,152.36500549316406,147.75926208496094,148.9278564453125,153.8423614501953,151.2577362060547,148.5139617919922,146.78358459472656,139.7860107421875,181.809326171875,183.32089233398438,185.941162109375,189.29837036132812,188.67108154296875,192.0795440673828,193.6736602783203,198.65797424316406,218.02845764160156,224.5931854248047,222.525634765625,226.5302734375,235.5360107421875,245.76126098632812,248.6759796142578,251.03842163085938,263.9307556152344,270.625244140625,275.115234375,276.7309875488281,282.15277099609375,287.233642578125,291.9072265625,294.1112976074219
5,VIC-Male-Sentenced-Non-ATSI,2908.39697265625,2971.65283203125,3002.123291015625,3065.68359375,2972.6494140625,3025.667724609375,3112.47705078125,3159.3349609375,3053.512939453125,3120.314208984375,3176.541259765625,3228.63134765625,3185.328125,3247.98974609375,3312.642578125,3402.381591796875,3299.313232421875,3366.91552734375,3451.294921875,3548.171875,3575.9609375,3699.827392578125,3863.7490234375,4009.810546875,3523.357421875,3641.414794921875,3744.541748046875,3898.09130859375,4006.71435546875,4183.76220703125,4408.8466796875,4636.48828125
5,WA-Female-Remanded-ATSI,37.761043548583984,36.74180603027344,36.555240631103516,30.273378372192383,39.805328369140625,36.51976013183594,38.04732131958008,41.7119026184082,34.0915641784668,39.64456558227539,35.698020935058594,35.763671875,42.79317092895508,42.47434616088867,39.5453987121582,31.737157821655273,36.02456283569336,38.3512077331543,39.734893798828125,46.731353759765625,51.090694427490234,56.552879333496094,52.30682373046875,52.225555419921875,58.97096633911133,62.58908462524414,67.63793182373047,62.935367584228516,72.6417007446289,77.61831665039062,75.90074920654297,78.61676788330078
5,WA-Female-Remanded-Non-ATSI,32.14438247680664,35.74715042114258,39.814300537109375,32.7633056640625,28.201393127441406,29.96868133544922,36.99312973022461,40.01838684082031,46.41409683227539,42.27143478393555,34.71050262451172,25.722932815551758,22.56755256652832,26.702234268188477,29.499116897583008,31.50185775756836,26.459260940551758,27.11549186706543,28.194204330444336,36.881553649902344,44.9550895690918,45.11783218383789,49.56904983520508,53.464229583740234,46.38866424560547,52.24901580810547,52.09901809692383,51.329097747802734,54.516090393066406,56.98313522338867,55.77863693237305,56.128726959228516
5,WA-Female-Sentenced-ATSI,118.14803314208984,139.1753387451172,155.19122314453125,147.53306579589844,119.21348571777344,103.14839172363281,106.37489318847656,108.87503051757812,105.5686264038086,122.07164764404297,141.7055206298828,156.38568115234375,152.913330078125,154.26910400390625,153.37881469726562,146.38360595703125,132.8977813720703,131.07980346679688,125.1694564819336,123.29519653320312,145.37657165527344,160.02911376953125,161.6161346435547,162.46102905273438,159.61727905273438,168.83384704589844,171.2751007080078,167.71360778808594,172.3972625732422,186.7128448486328,193.07215881347656,192.24388122558594
5,WA-Female-Sentenced-Non-ATSI,97.2660903930664,105.37092590332031,114.23870849609375,123.57536315917969,123.10650634765625,117.37144470214844,124.14726257324219,133.04403686523438,126.93331909179688,138.21910095214844,152.1016845703125,162.95858764648438,167.8711395263672,170.63026428222656,172.29222106933594,170.47418212890625,171.11412048339844,172.6345977783203,173.9847869873047,176.14898681640625,180.6421356201172,186.6869354248047,192.3154754638672,197.2894287109375,196.04202270507812,200.01498413085938,206.19961547851562,212.7216339111328,213.7112579345703,214.33340454101562,215.235595703125,218.2856903076172
5,WA-Male-Remanded-ATSI,227.70611572265625,236.42384338378906,228.4843292236328,234.95132446289062,267.30633544921875,273.4066467285156,281.0167541503906,287.218017578125,302.85223388671875,310.91693115234375,279.0418395996094,300.1907043457031,325.88153076171875,333.9279479980469,327.47955322265625,337.0838928222656,308.9141540527344,324.23040771484375,326.9675598144531,337.6411437988281,383.54144287109375,391.0285949707031,373.9302978515625,383.9842224121094,396.3091735839844,408.4641418457031,395.0014953613281,412.1448974609375,443.2454528808594,458.37078857421875,445.1455078125,462.17828369140625
5,WA-Male-Remanded-Non-ATSI,362.5293273925781,376.2037658691406,378.1170349121094,393.2070007324219,396.2589111328125,405.3496398925781,389.05657958984375,381.0771179199219,380.9200439453125,394.1408386230469,400.3623352050781,400.9952392578125,405.37969970703125,429.7843017578125,436.2821960449219,444.7799377441406,435.0389709472656,455.6427307128906,459.4908142089844,470.0203857421875,480.40704345703125,500.9996643066406,506.30230712890625,507.6893615722656,507.4443359375,525.8630981445312,530.6277465820312,531.33056640625,538.7178344726562,555.5633544921875,569.498779296875,570.967529296875
5,WA-Male-Sentenced-ATSI,1097.260009765625,1153.53857421875,1199.5106201171875,1210.4990234375,1149.6396484375,1126.3447265625,1159.6845703125,1210.6790771484375,1319.8258056640625,1400.2724609375,1472.421142578125,1504.3314208984375,1508.1309814453125,1492.7410888671875,1432.7459716796875,1384.4798583984375,1318.583251953125,1344.9293212890625,1377.3160400390625,1405.1279296875,1437.2757568359375,1464.555419921875,1468.529541015625,1440.0943603515625,1381.158447265625,1383.14208984375,1392.9373779296875,1406.8118896484375,1415.85205078125,1422.5980224609375,1436.301025390625,1435.8367919921875
5,WA-Male-Sentenced-Non-ATSI,1648.3365478515625,1724.9677734375,1795.4864501953125,1823.9407958984375,1748.1796875,1743.320556640625,1790.2596435546875,1864.2945556640625,1824.2684326171875,1941.6728515625,2059.759765625,2148.718017578125,2166.217529296875,2167.565673828125,2139.9814453125,2093.452880859375,2162.02099609375,2173.70556640625,2203.93896484375,2205.142578125,2240.4306640625,2263.6005859375,2248.735107421875,2225.32470703125,2193.43505859375,2201.947021484375,2232.006103515625,2254.320068359375,2280.606201171875,2301.32568359375,2324.106201171875,2309.2490234375
