"Level","Description","1","2","3","4","5","6","7","8","9","10","11","12","13","14","15","16","17","18","19","20","21","22","23","24","25","26","27","28","29","30","31","32","33","34","35","36","37","38","39","40"
1,"Aggregated",23923.5095690939,25015.6024740196,24706.223903288,24668.2201881552,24333.5502671421,24980.2841048621,24981.3974522724,25745.1876404294,26192.7625060381,26518.5232865701,26615.6073120677,26695.6434469638,26598.0208837573,26761.589783317,26610.8144932285,27483.6057434079,27587.482096571,28090.4132345739,28528.675060101,29025.5346288177,29087.7556056486,29410.6655412342,29372.5538531593,28943.468872721,28450.397135376,28623.3259718557,28808.1159826676,29153.833314528,29210.3876925296,29697.1628984238,29464.1640127371,29444.6464692751,29872.5587585685,31029.3134971454,30923.5430253225,31514.057284501,32690.9064682948,34169.8968832925,34538.7804180464,34396.15929063
2,"ACT",177.118615781847,177.995501302977,182.974456402866,186.979453114065,203.913124966361,190.071014357387,190.000362466302,165.127605026137,178.929193533669,172.035367484098,160.061430044642,165.969688784497,174.953908144323,185.943619343845,178.040545242308,160.092081234833,172.934116342768,160.066017372996,169.949295690634,162.040574215104,175.928749317353,193.907762040699,215.887238410802,214.009632704608,217.979632658378,232.923334136863,237.974088052482,239.989659488043,235.025467855926,264.847006179897,274.94817782968,273.009943747144,272.005154881191,242.153150122444,258.914011537959,310.734146497755,333.881248127972,330.019810383529,333.979684606544,329.025416942863
2,"NSW",9014.22504696755,9186.60908753806,9003.21906904218,8960.46415251595,9022.69066240441,9271.58811750412,9191.46974066598,9306.5964864695,9552.60194644758,9681.89409632734,9563.37901515977,9581.58567119786,9596.43701131386,9742.03904635701,9685.70907143363,10019.7019660475,10012.4305130463,10298.486821652,10397.3216097358,10437.1413585918,10395.8694574364,10379.4595700533,10332.7674309017,10147.1160639896,10064.3053489444,10060.7326038511,9992.3121176517,9880.39885992153,9764.23897485072,9772.31007755938,9550.87958781327,9568.43092844166,9785.00742130302,10051.7176776176,9982.15597042706,10096.5156824632,10437.2088433555,10876.2221594363,10963.3597299864,10475.7418454643
2,"NT",805.041699861924,809.087379596803,798.07390618651,821.772426820825,826.436428578301,830.146695781075,796.39206081239,803.005488689574,864.592738254364,858.086023615448,871.420806338332,884.733015389746,903.700311449692,921.468587871038,886.588562492161,961.076256056522,1027.64443755171,1107.6309747197,1065.91364454866,1067.88671402798,1123.70175249,1122.98295294291,1092.72308021016,1121.73568978144,1192.79368689525,1198.71860944458,1219.08759969831,1281.40466910785,1338.46492046238,1390.04593676167,1395.87073969483,1433.17406732578,1498.84106218923,1548.43496916232,1501.01398584343,1462.59053249934,1568.22863067334,1562.04250745441,1515.77874358064,1542.24615842186
2,"QLD",5380.40507612301,5327.51679343337,5382.20374380512,5402.2030903655,5338.03683087656,5457.98832110568,5576.58464686194,5631.52490087885,5692.31682364353,5650.97432648294,5726.94757985669,5510.72633017611,5423.96598814154,5399.69788676763,5558.62285170162,5575.35140965145,5606.44819016217,5546.0378858389,5771.91770707791,5618.92114940496,5521.53146532377,5600.05262798826,5766.16262389673,5599.26364649067,5542.67916270312,5392.43356100809,5571.95631021769,5620.01587408646,5746.30896536286,5630.88751103475,5652.8585494552,5637.87361761528,5770.30488060654,5940.40549299706,6095.51050952584,6279.49243738162,6633.69038784144,6999.94026598577,7217.15897483138,7207.51912795067
2,"SA",1527.9837727885,1531.35829242634,1508.64167406815,1511.34797527148,1541.44040678176,1549.14983170604,1580.69646127663,1620.20628926534,1683.20795636247,1743.30372005558,1827.01894486666,1878.59660046627,1901.88989582022,1927.52770824113,1947.85904016928,1984.63905708248,1970.06167857243,1942.39121334073,1959.16978545858,1988.4639990325,1984.40177593842,1941.91209509699,1953.66511210699,1975.72913028787,1982.96334126733,2004.22498953977,2020.45378684583,2053.3359374657,2074.03841774452,2122.25333850393,2165.44281581677,2135.02071682528,2157.15805974272,2210.61493417777,2271.70098476605,2332.06675454501,2414.82949136367,2496.14434827596,2593.39647542519,2644.43845955159
2,"TAS",506.477765465921,541.235087571833,548.51686127576,535.79781773421,487.45432658012,492.236208735351,511.513561464725,548.792655887983,521.452615563539,522.239063792497,537.516145365431,538.793724834697,535.447855923717,534.241699720674,543.515464077843,525.799469596591,496.445724569497,526.240297757984,533.512930943272,522.80161355372,475.448925455014,468.242726116928,485.510068287415,497.799289093564,459.447110375176,469.244376315739,484.509931086571,531.794131049171,496.446820701325,523.243957979824,519.515677186164,498.796733106875,463.448382821459,475.243113716819,468.514342076254,478.795931348539,448.447766048024,488.238882356033,475.51703531017,449.799612655386
2,"VIC",3411.42327029537,3664.97922172193,3717.49152659548,3790.74261378154,3563.9844183644,3617.22381954312,3759.02633362929,4070.2800834795,4020.59629529695,4136.24255576815,4243.62404084763,4272.48135622017,4176.19104319604,4179.64457938288,4256.66397890547,4364.79812278781,4281.81729244114,4269.03791391207,4389.9134264324,4462.19968891442,4429.19044515627,4567.39084850055,4662.19371175225,4636.8913785552,4509.80377679761,4570.20704515726,4725.97806912434,4855.26055250327,4777.34690323365,4880.3580750879,4996.0914377704,5006.6908289701,4969.52211950555,5304.24122532281,5427.05114918216,5592.13978379737,5758.76067579725,6064.59589989567,6222.68122136834,6401.8327172193
2,"WA",3415.29558370384,3460.24715963632,3601.2063248023,3466.33597349288,3443.25919933122,3484.22056782015,3528.21779251632,3584.21178255826,3641.21230735411,3621.24545890314,3766.16535141384,3890.1895178278,3941.23195418375,3798.31283765526,3772.23265294223,3877.1656520819,3997.16831798402,4029.21633497291,4226.14472538641,4580.10330949672,4821.19989579148,4876.30848784463,4888.32721079483,4783.36965784555,4622.36763620367,4647.25574304826,4714.23407899156,4682.27800112926,4775.21258269615,4888.21120312495,5005.21978260062,4990.28561583207,4967.27833091367,5013.23765577518,5037.24609613091,4988.27219772375,4996.23229448688,5066.19957912107,5230.16367256094,5305.21926333987
3,"ACT-Female",8.76902858254616,8.0552616029152,8.83992391168451,7.69407249197072,9.4314264851393,10.8712731695988,12.5371303007568,12.7238887909537,12.4318144169127,11.0471472412766,9.81768543135693,10.2947252638165,10.982768865766,14.2175582344314,14.5332575403992,13.5111397515302,13.7083848986435,13.4225660291749,15.2694673466841,14.7572631444893,14.0482432793305,13.6252984796884,15.7938810048216,15.0700865793036,13.8313692140019,14.3028879190445,14.1806788166727,13.7042989767959,10.9992509756364,10.5960735720544,10.7590496535674,12.0667070666419,13.2502309837074,12.7457882619298,12.4448778976689,13.0723379720226,14.6570695531742,14.3919553797776,16.6546870901101,17.1974934312991
3,"ACT-Male",170.223017979143,170.999922197859,172.999799724663,180.999198909762,191.998898448281,177.001501896292,175.000200417936,152.002303096847,166.998498224023,163.000400384713,152.001101511595,154.99969970898,162.999198899747,166.999599384691,163.000400494977,148.001502046697,158.998898678903,147.001201494996,151.999499451445,148.00040048497,162.998498033508,180.998197441689,196.998397679136,199.999699438235,205.999399167266,217.998798334561,223.999399077035,226.999699538508,227.999899836141,254.9972963781,263.99909852532,259.000500578597,257.000200317671,230.002703631928,246.998297996585,296.994993140924,316.997996823185,316.000099933187,314.000200277553,311.000300421373
3,"NSW-Female",649.423565717037,649.999942332443,651.999799910512,623.002901193899,628.999400039086,642.99859935395,656.998599273848,685.997098645953,693.99919937487,680.001400505932,696.998299428503,681.001600499618,666.001500788005,642.002401154762,692.994898105398,714.997798568695,731.998299068159,744.998699285666,766.997798948972,767.999899737943,768.99989994811,757.001200492301,774.998199366634,748.002700950059,738.0010006888,693.004501983774,689.000400617824,688.000100081938,648.004001684379,646.000200484054,640.000600271212,654.998499432165,653.000199933599,679.997298889804,693.998599143747,692.000199943574,698.999299726988,738.995998255576,764.997398511319,723.004201497828
3,"NSW-Male",8513.69829852743,8459.44333599091,8353.97480647203,8358.96542432612,8384.1526585678,8596.11365153751,8554.45386322866,8633.81598546998,8859.56116872873,9007.97554539342,8901.43997238826,8942.96574256774,8950.8863749302,9105.70909246098,9001.8705117224,9317.8801412773,9289.36926878039,9550.80083586938,9651.30584373634,9715.6327097582,9655.36196642629,9632.41498628568,9564.00739747468,9428.76893154413,9324.54259906921,9357.01272540887,9304.55753986752,9201.10069252024,9115.74653454354,9093.2741605801,8905.79009358956,8901.63391381017,9107.92300584648,9338.71252706672,9296.94537780573,9433.28345913246,9755.33746107517,10148.7432448054,10230.8717332949,9833.03429564914
3,"NT-Female",24.1184146341285,27.4579102901491,26.4309585169327,24.4357127569281,29.416204396517,32.2250409829254,31.1261990263649,31.7607199382703,35.2174789378123,40.0747474745585,39.4891894672941,38.5859886234236,43.2948117737586,45.4128829175005,40.8913056167512,41.3971295144509,48.7588681073647,51.6772219680024,50.54349278845,46.6167783019137,49.6006066850395,51.4051620072008,47.9558140854166,46.3747472772038,49.5944240998943,52.6159334450235,54.4374044290705,57.1498460532286,65.6868618058974,70.5354717113386,79.7153436572733,87.0177418525846,99.5045720243194,106.283542971094,106.802467936844,108.197191819799,116.26674033626,126.087999272347,122.401351512656,116.885119503765
3,"NT-Male",779.824468542121,783.867898735732,770.129198845632,800.0767446962,797.341797274426,800.974465716313,764.991386933982,773.664439576107,829.002557614631,820.240751188572,829.92269061145,849.730560140014,861.496960208893,879.251087993697,846.984053903283,915.777349547016,973.398608834464,1055.31266986075,1015.90225535596,1027.01316058162,1071.80806312668,1072.68824485273,1043.25778053516,1074.65319988658,1138.71236751781,1145.9987495436,1158.25364051152,1222.88665367847,1271.73253649997,1323.32373743054,1312.39277210976,1352.3921008131,1404.80852029207,1453.17716784619,1404.39599709746,1366.86411823252,1452.13225807518,1440.89427934932,1403.3915651095,1433.91397189645
3,"QLD-Female",358.720793580361,361.765710289426,365.694878460178,371.541946784732,378.456842557756,373.408208076915,386.929910683302,409.232319233618,421.992889211963,425.712511936284,446.365426201996,413.614053950235,413.975968251876,414.001868028876,414.002977938854,439.013212145282,450.120892994006,430.560281893396,441.158679799106,422.486827493874,427.592805539206,430.747700743612,452.285284003371,442.757470367827,417.969120383773,409.655203172333,429.420327350349,434.583054169115,484.058716467135,446.949463707391,467.369165428078,482.769832112804,482.052575051258,510.715137854504,551.734886303252,576.992334699719,619.613528545262,651.473446431199,658.45481395055,668.232388742702
3,"QLD-Male",4955.17943607686,4945.2701472753,5000.67212716485,5018.58906360096,4950.65487247135,5080.09811856341,5183.32541893462,5213.62671655143,5262.909805758,5221.56692477468,5272.75160475583,5105.77143115029,5015.43836224325,4991.33196755658,5149.55628255586,5135.22924215408,5155.50561781722,5123.75712533265,5332.60447884942,5208.21174319329,5101.86509617191,5175.57970689061,5313.64960306393,5164.45677059167,5138.85884751259,4996.99686947077,5146.86940080358,5191.08205768657,5253.42762077257,5194.78257225174,5186.22434277529,5154.42056413255,5289.77103175249,5423.60492687815,5530.41594065193,5688.7554278826,5992.78064925646,6326.57735516006,6544.12058097387,6528.51571457997
3,"SA-Female",93.2503990976505,94.3942482604979,95.4258782320672,101.108207919159,103.921547783863,103.763440174772,103.72824539422,103.720199704213,106.835141913068,111.419139227922,118.66536559271,121.824139794955,124.080075235037,129.253582293906,128.837541856706,129.52462241759,122.662883098491,130.497959899717,133.007551979402,130.444609029186,127.54048953961,128.457249812527,127.100977030419,131.476617793715,130.105096720907,128.243387138646,124.714908928071,128.610751906752,133.36723532934,131.300587352269,138.636311372987,137.139367500637,137.5876979556,137.686453942112,145.500473648992,148.784662760634,151.068300309624,164.04040451169,165.346922885203,172.648465760376
3,"SA-Male",1428.53337823738,1432.59941216481,1412.53033968687,1412.16972725211,1438.14245361301,1444.97306259487,1476.94565982178,1517.70324092984,1578.56729453102,1633.29214640405,1707.10652465828,1752.30793275159,1773.03850509317,1795.05446975409,1816.64457534315,1855.24840982811,1850.5465336197,1820.04690388904,1830.70484767514,1858.32554956981,1857.3231962955,1816.80710262072,1830.28139529626,1848.22911427519,1854.56913763472,1877.25671500891,1898.37509563046,1929.64097500293,1944.23465588604,1990.72378258211,2026.38653905237,1995.98834690333,2018.66585255756,2073.43174375676,2128.11900269634,2182.4854963728,2260.78123558222,2328.70252376157,2420.24599709354,2465.32601705809
3,"TAS-Female",32.1989812918499,32.9434738698014,31.0571059133032,32.5839116807581,29.1703327784189,33.8700417626113,39.5726689617019,41.1101956411407,38.0151021853874,38.4026312763381,35.6728826100856,35.2982081858271,32.9712297860944,36.3994852193065,40.1738469179797,42.8856007476327,30.454385275767,34.1709389918431,36.3260309397053,42.800636771495,37.6761396945601,36.6844796458805,40.2421567051239,37.1838485104536,30.0375744309613,29.9788308720077,40.3061304026182,41.2823012272981,33.4419123007779,38.1493644840166,38.099832009866,46.4821626391148,41.6598552821737,40.0774865150858,36.9003917157138,34.7682554109904,29.5819826036554,32.3290406198102,32.5700267267341,32.1219409545597
3,"TAS-Male",475.147993189172,509.302798264145,515.552916279778,505.971784917488,457.176188757274,458.304494645735,468.550489903268,510.966127959507,480.175162801536,485.306180991658,500.552764605057,506.965896067995,500.172134948641,498.309070003479,500.552743659203,485.970161132988,467.16961741738,492.307948717985,494.55061875876,481.973019216759,435.172605731105,433.309542617606,442.547992286315,464.969566803404,429.171782363543,440.310525608969,439.54987154808,493.964015299704,462.171860546391,485.309308338131,479.555449913828,453.96689610411,418.173541437922,437.307995556459,430.553124971406,447.965043024107,418.174219140064,456.304676513265,440.556003067977,420.967512363456
3,"VIC-Female",256.63160192291,261.480319149307,263.685461065858,257.946641571113,228.890492802728,221.480761620572,233.684439390492,247.943712913731,228.889996934422,246.479699574348,260.685218704288,251.944089778829,239.89130155946,239.480642878147,246.684399045403,250.943862274991,233.891307403355,257.47848106002,277.683576901152,290.942235140571,300.89100931369,318.478223010417,326.684857813919,318.945411964884,298.893118342566,309.477465300611,329.68283560454,324.945285350671,318.893121913859,324.478407481724,338.681715834043,340.945858187725,324.893628377839,340.477747809072,361.680594581361,388.942928636485,398.892530219224,408.478390011328,408.68407693188,412.944905513317
3,"VIC-Male",3206.61613765384,3391.30412424765,3442.02126831506,3540.36143867647,3343.15161028035,3390.59506029689,3520.18854569168,3836.82253463639,3802.28189525033,3878.60306043369,3969.34844168889,4029.18486454215,3941.41365530437,3928.51838749653,3999.67086475997,4123.83769622659,4056.05039442898,3994.12000791428,4095.80526215543,4173.16014277746,4125.19302130887,4228.04864702219,4317.99693004426,4321.24198180574,4216.27622526928,4247.73905803847,4384.48506778859,4539.71005615226,4463.7571529216,4544.30581830779,4646.8317372817,4670.37653417849,4651.83792993987,4957.67027830873,5053.95671721131,5202.36902876109,5358.31732348693,5643.59252504069,5802.07420697738,5992.63777535525
3,"WA-Female",270.949496724337,270.999994948873,268.000300046972,250.001800314875,236.001400401622,246.998899965978,247.999899874153,257.998999831727,280.997699535973,288.99919964331,318.996999445176,321.999699652419,318.000400033264,297.002100372353,258.003900827279,280.99770002615,305.99749937432,303.000299797375,322.997999713467,360.996199198557,379.998099319168,387.999199683295,402.998499682568,403.999899834119,379.002500385628,370.000900392511,361.000900232486,343.001800374903,364.997799831897,388.997599400128,419.9968992693,431.998799499968,439.999199753324,456.998299650923,448.000899972371,448.999900074186,449.99989997418,469.997999673479,475.999399704981,485.998999781702
3,"WA-Male",3168.24039501457,3179.56990514995,3323.56696789113,3206.57733747675,3197.56156835801,3227.55660622763,3270.55554867938,3316.5557927583,3350.55633843392,3322.55568878119,3437.54881843857,3558.55626321246,3613.56431572636,3491.56577743194,3504.54950589912,3586.54674229109,3681.55088659546,3716.55633841226,3893.55576949505,4209.56940208685,4431.59695904198,4478.6151213163,4475.61576654682,4369.61141447382,4233.59675398235,4267.579074172,4343.57841034304,4329.5819615968,4400.57649484138,4489.57953527834,4575.58437852144,4548.58893208261,4517.58217319318,4546.57500759581,4579.57384884629,4529.5730992942,4536.56403526058,4586.56067336589,4744.56160661383,4809.57336101748
4,"ACT-Female-Remanded",1.94419606353921,3.02617687600232,4.73411902396491,3.28737789335272,4.69638048721777,5.1797873083451,6.66257886522226,9.21194867531609,8.09518994551054,6.23712535807742,5.46071787661032,5.79231790592598,5.87841495627262,9.26707232300101,8.49812694284203,9.50998673854672,9.85670465754622,10.6246668271672,8.83979726960178,5.39085154991663,6.74398692590193,7.24894475020968,10.1389528672681,9.87290295191314,8.37903310861378,8.45246669570168,6.42178337957844,6.97666498171242,5.14258544426257,4.423121426721,3.4628136850184,3.0920718793411,3.63193878866339,3.84511262973006,4.60889224782019,4.22559003407307,5.43417989842586,5.22085735958029,5.13330320267379,5.09549010531279
4,"ACT-Female-Sentenced",6.0908906699474,5.79791778097649,5.85218959129441,5.62332298404356,6.2616105326474,6.99704066829655,7.5349614683055,6.58560155323697,6.4283306336443,6.04473385014206,5.49559395944924,5.63105876723026,5.99870575408669,6.8047423901131,7.12574437929494,6.01772202356628,5.74439952697924,5.00735531158753,6.61675804580016,7.79393472698156,7.31215020533525,6.95975518811562,7.23912647267291,6.63777991289176,6.19793279915527,6.41333838603376,7.10802003169344,6.81044682966164,5.78710173495123,5.84427833521608,6.42322544820164,7.65237782758129,8.55142533624124,8.40333288457682,8.02644957196935,8.55647222809657,9.21271341737149,9.15558646035645,10.7251797901194,11.3361123676345
4,"ACT-Male-Remanded",63.9782303973872,64.9998963213637,65.9998985197981,63.000304398748,63.0000000308872,60.0003044090483,64.9994926824798,52.0013190543848,57.9993913157538,58.9998984685553,58.9999999896976,61.9996955909538,67.9993911510215,72.9994925898118,78.999391130423,82.9995940594914,97.9984779135837,101.999593966828,64.0038558067048,56.0008121487011,65.9989853855914,79.9985793215035,80.9998983861625,71.0010146865064,72.9997971635965,84.9987823432378,86.9997969370813,70.0017249639843,73.9995942963047,93.9979705651992,92.0002027334373,91.000101490253,86.0005073587067,77.0009132786169,75.0002030320335,88.9985794450577,75.0014204314006,76.9997972047673,91.9984779341968,82.0010145423735
4,"ACT-Male-Sentenced",105.802851266555,105.999980279431,106.999899969136,117.998899672192,128.998899572134,117.001200236618,110.000700322296,100.001000358963,108.999099840045,104.000500054413,93.0011003678217,93.0000001100686,94.9997999422289,94.0001000088795,84.0010002989145,65.0019006489892,61.0004003056841,45.0016005022994,87.9956989177802,91.9995994542032,96.9994998154785,100.999599834403,115.998499526606,128.998699474325,132.999599754346,132.999999959964,136.999599884432,156.997999382155,154.000299886554,160.99929982776,171.998899612161,168.000400005494,170.999699953339,153.001800490026,171.998099631171,207.996398769829,241.996598657476,239.000299746441,222.001700521132,228.999299967864
4,"NSW-Female-Remanded",182.233421397714,182.02415771238,190.071054245786,186.421329657498,173.49252098312,189.188081098289,193.501995301374,201.120507565628,216.253073936937,216.922697639646,209.819951609936,210.877872080793,200.229288403804,199.127223964819,207.081720983741,201.629421585755,207.340683405505,231.240920888857,235.507463902261,223.39794136752,208.697088420572,216.140698531439,216.911067460275,195.474651835914,193.256111598496,192.130000004328,200.082008287153,200.904993372574,193.818119324653,206.532260548038,204.262073754115,214.785195149382,214.081262980885,229.249012358178,227.232759268084,231.506619223542,238.224480106274,259.539376522919,266.227870289969,225.680812867661
4,"NSW-Female-Sentenced",469.185846963343,481.63213769998,462.002600419572,434.695554715365,444.672261442308,465.629081388,464.000152167183,481.695796059632,463.673690613161,476.628869631689,489.00109153135,467.697258554891,454.673692031415,456.631389597376,485.995912923512,511.69411234038,511.671069489266,524.634559352635,531.998281823616,543.693930326683,549.668995034727,553.636313039119,558.999335147159,552.696371137798,532.668785560043,514.640254322912,489.001815617891,484.695748601316,442.668575114207,451.637847886273,437.003302675622,436.692285587144,426.667805619563,462.633693785093,468.003039191504,457.693414249192,447.669993221356,490.630965126595,499.001359248406,499.693336103943
4,"NSW-Male-Remanded",1983.3478169157,1998.33368601212,1914.44407215373,1858.86953413165,1965.54641113041,1985.31142036074,1938.97787232101,2055.18978898838,2201.18262038753,2179.77782476508,2104.84498109923,2193.45860021011,2416.33415734433,2386.3619509841,2291.73566661116,2350.49916290095,2463.79578540345,2523.97384938789,2399.57704783788,2515.53411512746,2526.39886272887,2543.57555398833,2477.21080116369,2412.99202935287,2451.07589582589,2585.2120219993,2578.63126512234,2591.49365287259,2648.91345563131,2532.30225993031,2352.34991350481,2371.94197148065,2630.7881223652,2650.83600962471,2598.27683079131,2636.96888753391,2803.8138323332,2932.31524290885,2841.61816941649,2599.82452369787
4,"NSW-Male-Sentenced",6425.74976430385,6508.63535048081,6490.02745556746,6521.48546415228,6414.33864865929,6617.16416105428,6635.68441159734,6543.68197579539,6590.6289029759,6814.46742602543,6816.33576527265,6725.75923268509,6499.2769792439,6699.91664413875,6728.87887278059,6927.32620864627,6826.70394349315,6995.81947120185,7237.05754286343,7174.15669427083,7136.42368777225,7107.52638558043,7095.26129495206,7047.45155248076,6919.92203772056,6787.87128356191,6708.59693889362,6615.37925345862,6507.63889016125,6624.2340260418,6632.05077325978,6568.63120518846,6458.17871528139,6652.51287903886,6674.53436430981,6761.66372140232,6907.67054886972,7128.69236928312,7322.33614565671,7298.81551078242
4,"NT-Female-Remanded",11.1264934979509,12.118866377116,10.9965294517171,9.40930541152767,9.7221889210476,10.9287168600443,12.0258495419516,11.4824699153406,9.1081618620767,10.1102447786782,11.1112244004993,9.99293533419734,8.93730250163222,10.0298874769515,10.0140564555374,13.1847356195761,14.1462583779315,14.5984745995612,15.3408450131868,11.982178995645,11.9916185579748,13.5851204486724,12.7455020423567,12.8803064162363,10.8249568105042,13.0364247856978,16.7249431746874,17.4003247714156,19.307027559339,19.1443989147567,24.3647871088561,27.3496886479628,25.0457131654494,28.199624167581,27.0345108541892,29.1349806826217,32.7712952500169,40.8377490158122,38.8049415309334,41.0270113484976
4,"NT-Female-Sentenced",12.0797677078076,16.3651142175688,17.4736371935771,16.6627391274692,18.0018434194644,21.6532165497529,20.5001947890967,22.4203202955146,23.2382880213488,30.8521721903656,28.8761975725587,29.1629278977261,31.5338362072027,34.8188809092651,31.4900984134225,31.3534903938616,33.5916786622289,36.1475313351329,35.341823906692,35.30642061222,36.2006349779518,39.7118033351039,38.5172277493375,37.6724309915494,39.0011975289394,41.9606251940238,40.5935591937658,41.0700594463952,41.436676189672,47.5332667112166,54.0235147632488,53.5190384837445,63.2058194596937,66.0293295277717,70.8065075798354,72.5189637911401,74.6453575500095,79.2321486862693,76.3083114051916,70.7993761716694
4,"NT-Male-Remanded",135.012617791155,141.074914501688,136.53930795859,130.984355136087,143.728676882258,138.148226573516,135.538545548017,158.244665477445,193.999968418636,161.686941224675,166.486649686291,158.041707297613,179.58766236401,188.777144686496,181.086280016666,200.916861140241,237.374393161838,250.615165364923,245.089165328179,241.099932098099,258.64094174319,239.168577869094,220.498029909206,235.651974230221,273.341729317078,259.979951594737,275.405391856017,278.472710100045,291.824753213455,286.090913890605,286.729059669317,306.175704167609,322.942079728454,320.241949764721,304.300850001206,340.11328122622,427.126802495806,426.726078053447,410.89164682355,398.202576590154
4,"NT-Male-Sentenced",609.262862005646,622.765094301515,660.221531840741,660.696479241589,625.911803235316,644.94376866179,653.495468068866,601.459157374751,615.652379039923,642.744522771859,689.794073735791,682.795301172725,658.371096684903,670.028328022187,688.082148536002,707.832220726253,722.574387243835,788.937702888734,789.65703778463,776.681865214484,802.882759000966,814.101457709674,844.294376344619,829.023335984056,855.799191619355,865.349819537205,901.42539792451,940.051462037592,974.650931895707,1019.18441751209,1043.22137006372,1037.60966437949,1079.56943724467,1112.8567018601,1114.53608025379,1008.47500050566,1028.76604328372,984.341890681183,1002.13040457691,1031.42856284488
4,"QLD-Female-Remanded",80.4755399985309,80.9999474220517,80.999999994729,76.0005012579424,80.999498792309,80.0001002013417,81.9997995068682,88.9992982187801,94.9993984201138,107.998696669039,107.999999869339,105.000300754753,96.0009022944485,100.999498832513,102.99979944658,108.999398470363,90.0019047198789,85.0005014488941,88.9995990439167,86.0003007145693,84.0002005333243,95.9987970010407,102.999298118277,92.0011026971097,83.0009023748445,78.0005013484075,76.0002005534382,92.9982957430998,88.0005010870885,93.9993985407032,100.999298178583,104.999598923287,104.00010021138,117.998596487806,132.998496085467,132.99999984923,148.998395974567,160.998796820131,162.999799376202,162.999999979887
4,"QLD-Female-Sentenced",278.177795001761,279.931235428299,283.239499008253,291.872622295869,295.913969243567,293.695611913206,302.012155778415,315.648550420765,323.999305463597,319.64587732006,333.536088376477,314.272122354386,316.649311401599,313.918688124003,311.692725764338,325.545499573155,349.886251500678,345.608666642009,350.522047597892,339.57194621158,342.431372144831,337.079907759283,346.508973340098,348.718366894382,337.628237345041,332.829025766805,347.966658427412,343.625426284759,382.442959501582,359.775061826382,365.258370543216,374.561024584258,376.731506149715,389.168322868857,411.688568452296,435.235763118857,461.868361315973,483.219826236808,491.868494850706,501.453197053136
4,"QLD-Male-Remanded",980.988158465703,1037.3771365539,1013.0472873809,982.785827845771,1039.14812011549,1067.54447236742,1072.82678333388,1110.80154870922,1201.76949278703,1169.47035849381,1171.8208797699,1159.06829930165,1151.30973790228,1180.66394641227,1122.81639520824,1107.18349537271,1096.46756631396,1080.35027217553,1039.39100474726,1017.09137020224,1091.66928372076,1124.09925184008,1088.03914119775,1041.36215840253,1126.35420531845,1107.24872604374,1083.0669338243,1088.92902296267,1145.61571672708,1149.60517908804,1102.27354770731,1089.53560724375,1137.31632018466,1236.61351371196,1216.08298695775,1254.38359177922,1368.83269918709,1488.37578421598,1605.76520686691,1512.6388255136
4,"QLD-Male-Sentenced",3938.33761076022,3939.99983371509,3967.99719920881,4014.99529841969,3965.00500091286,4019.99449897877,4062.99569826024,4066.99959945906,4097.99689910239,4063.00350065802,4059.00040046081,3943.01160324895,3935.00080138195,3853.00820234851,3987.98649708597,3997.99899837271,4085.99119746548,4044.00420028134,4214.98289568979,4147.00680017017,4058.0089031422,4063.99940072458,4169.98939700779,4099.00710090347,4065.00340165082,3934.01310396409,4032.99009857214,4072.99599790307,4139.99329774627,4060.00800154262,4052.00080102168,4045.00070027376,4177.98669639089,4177.99999866927,4246.99309809113,4359.98869618371,4596.97629231321,4752.98439331317,4796.99559722173,4898.98979673799
4,"SA-Female-Remanded",38.0741746358336,38.0035523335476,38.952278640344,47.5666911774618,44.170814141266,41.1518550016544,37.1988385064706,36.0574141577755,40.763292218399,47.6534233092233,51.7918359824441,51.9900307158282,53.9037395837867,60.6601495422831,59.079507028876,63.7643502788302,57.3239547879564,58.9197317038752,57.0919388043828,51.2917520031146,50.0618639232168,51.9071797828463,53.899771729474,51.1388743777335,50.0545423865323,47.1462865745184,37.4859207433536,41.7838140356241,50.5586231571715,55.7394043760823,58.8438452297091,53.2798704331095,51.1091863833601,54.8136631534146,65.4642697034058,61.2138005108448,55.2975881413466,69.2958796455257,67.1099530883354,73.6700254134882
4,"SA-Female-Sentenced",53.9998601402997,53.9999999859326,53.9999999999986,52.0002011649114,57.9993965254994,59.9997987743896,63.9995976499374,64.9998993770749,64.0001005723348,62.0002011750272,65.9995976904118,67.9997987946233,67.9999999797623,67.0001005824537,67.0000000101168,63.0004023298238,61.0002012053787,70.9989941956807,73.9996981514666,75.9997988047279,74.0002011446747,74.0000000202316,70.0004023298249,78.999094798366,77.000201073864,77.9998994377688,83.999396495151,84.9998993568423,81.0004023196999,72.0009052825677,78.9992960138656,80.9997987642799,83.9996982323921,80.0004022994703,79.00010062292,85.9992959329309,93.9991952695376,94.9998993366025,95.9998994074193,97.9997988249707
4,"SA-Male-Remanded",476.684410891601,491.564088293043,472.257189206678,483.314158419749,505.984248232844,497.354149356478,524.794196015851,525.890219188136,524.86314879672,551.269224375937,581.511989935117,588.287955591374,575.340635479403,591.826257489039,597.013808625494,608.92632475642,599.6519150193,604.956380869717,624.445091067937,643.600445677173,629.066298957974,622.434287534363,658.042620696094,644.574594623115,630.738745985143,635.978314715074,626.659817910713,594.938832342059,586.324322964233,618.567075574567,632.141128919855,614.479490145668,639.076893238041,666.008789461849,696.417057139619,725.177901924455,748.622428708318,758.741869996679,808.532858958596,826.944756689244
4,"SA-Male-Sentenced",938.71384796814,989.446744877814,982.450284421538,969.44803865781,965.445189969596,969.443242410276,965.442098013279,1004.44014613199,1059.44250173427,1054.44646932378,1095.44441702047,1122.44697647189,1169.4481302712,1182.45129292777,1213.45104543681,1246.45260135817,1241.45436296327,1215.4523188417,1238.44816314914,1239.44892157847,1244.44747498212,1206.44643509918,1208.44108030834,1244.43972985313,1249.4417917504,1263.44074565314,1290.44059956726,1362.44175030347,1362.4474209427,1372.44587408039,1383.44532873664,1366.44488761206,1399.44163345371,1421.44339196987,1417.44405193306,1430.44210360443,1487.44185295358,1530.44601420574,1557.4487745649,1570.44993286941
4,"TAS-Female-Remanded",11.9392357256334,11.7712307788302,11.5979169604011,11.4251483518028,11.254983048619,11.0837899067661,10.9088896974009,10.741821310477,10.5817880949099,10.4156704025361,10.2512112132736,10.0819324704855,9.91463144960444,9.74756982652542,9.58659048182434,9.42141796802384,9.25221279307307,9.08861381855554,8.92698081357113,8.76557011522489,8.60358698275185,8.44023797074716,8.28231144387391,8.12142462841638,7.95678532299414,7.79044803357645,7.62446690800508,7.46184127077976,7.29514223951492,7.13874370267414,6.97762449291429,6.81857408144179,6.65889878035861,6.49780300738169,6.33828316195613,6.17575152689522,6.01415485047908,5.84890799054173,5.68206593175289,5.51378826177214
4,"TAS-Female-Sentenced",19.4684219716646,21.6189053634708,22.502676216711,23.0985166030226,18.8603995381436,21.738308127007,26.9115769995024,27.5701188531007,23.4446300072238,26.375682558598,25.8138700823057,26.9288631202408,23.1548500451814,25.7230789061048,27.3539141804448,31.1444161988273,23.9616956374752,24.7607984672439,25.8179487071568,30.2455963162523,26.8507198645939,28.3930607916905,29.9079547983374,29.7951031953252,24.0836865986307,24.8330741543281,30.6814587056357,32.1417474158505,26.60859562084,27.7706347310094,30.0183032477849,35.5425919986098,31.8065265028257,33.7317001402476,32.6019181820688,31.8437454928868,25.0086383550483,27.7822157443157,29.0621601561959,29.3012065435282
4,"TAS-Male-Remanded",110.814085425657,110.128724468274,109.4444193463,108.760938311621,108.075549237584,107.387020749186,106.701322904936,106.018623888524,105.333990919797,104.648592914851,103.96489884929,103.280976597814,102.596594566434,101.912421349523,101.228625357843,100.544974892233,99.860638189783,99.1759838267995,98.4941807406449,97.811996295583,97.1277985667399,96.441756264236,95.7553384083657,95.0708139674358,94.3841505736292,93.6950171323627,93.0051830931432,92.3175178814676,91.6298896630126,90.9444675093578,90.2584192985876,89.5694134251738,88.8812196940692,88.1899062424007,87.5020434989242,86.8141992929639,86.1251422596975,85.4368417429219,84.7500665730853,84.0632850275698
4,"TAS-Male-Sentenced",380.682324981785,393.180594146773,402.817120442178,399.410822595666,361.697879287,361.055501120993,358.494744331593,388.624247617811,375.8881801885,376.170142544996,389.018423216848,405.824805103085,396.627791332437,388.938948420233,397.029246903961,391.505549810696,371.549528800942,384.885569239394,384.45308175664,385.968314497907,351.760132238875,342.369413489316,353.774153531301,367.866472523411,346.673843034384,352.666694211684,357.983401757572,396.381531261401,370.699158421237,372.795025063076,385.062765966519,384.309585460664,340.446023666434,354.228435052977,337.825846004921,358.256319576528,339.719739621402,356.65452343234,349.293397654484,339.279201947788
4,"VIC-Female-Remanded",61.5800900432526,61.9999576113665,59.0003028366002,59.0000000305704,54.0005047348017,50.0004038387903,47.0003028816455,47.9998990836153,45.000302830692,50.9993943488115,53.9996970979822,53.999999969423,50.0004037878358,50.9998990938014,61.9988895732569,61.0001008348655,63.9996971692998,69.9993942876718,76.9992933101371,76.9999999286618,76.0001009469525,69.0007066389084,69.9998991243733,69.9999999898169,69.0001009469587,70.9997981162708,72.999798085701,67.0006056613757,74.9991924854619,78.999596130645,80.9997980653112,84.9995961917764,92.999192383559,91.000201812393,88.0003028612515,98.998889614016,111.998687577434,108.000403655354,104.000403828587,98.0006057225236
4,"VIC-Female-Sentenced",201.384203490747,199.12847024833,203.898890043479,197.239876496061,177.734594047804,171.129131883455,185.89761091503,198.237638336808,186.73374277088,195.129290819021,205.898635364609,196.238407495765,192.733592230927,188.130353555564,183.898960458873,188.238572140734,172.73334384987,187.128009835454,199.898981504288,212.236735792819,227.73188957448,249.126668350579,255.900406103281,247.240107242614,232.734145558009,238.126330587726,255.898626021826,256.239571661672,246.734295671733,245.127793356389,256.898349374174,254.239838089031,234.734747700499,249.127051677568,272.89656946021,288.237299693612,289.734695594636,300.127913590247,303.898596464511,313.237466622694
4,"VIC-Male-Remanded",578.720744567772,602.485627201563,603.3629050168,609.172428850864,618.053726724385,621.269911063806,613.682257329877,700.080794474721,736.983712120855,712.342646347164,741.286400794329,773.175053555899,766.647820424334,760.626056206684,807.594586050126,782.362666671531,819.952649216373,761.627794549761,814.366909974043,784.53281030707,829.657546631831,786.058157408309,806.595799425555,759.197722878337,773.816155098914,791.691322960052,836.654297545539,843.13116629001,850.110906796472,866.740445508378,913.583591659982,950.949836191226,914.768467777362,951.953497882879,950.437747502921,904.150289807338,880.284997882537,935.26168609907,1019.15850176461,1124.35041716612
4,"VIC-Male-Sentenced",2644.5062857215,2754.19542547874,2849.23689079777,2908.1573073617,2759.5008411903,2774.07749831847,2936.41178079097,3088.44994354971,3059.62610378402,3146.50083211917,3237.8632102963,3234.27993981869,3200.09895243641,3174.06287767683,3218.21663643753,3334.32971371994,3258.47592165852,3251.58586486323,3310.77344792133,3389.43428280211,3319.58818091585,3440.8712760593,3535.28997197535,3570.09459392653,3484.20032715089,3462.78778242563,3568.93932942462,3674.99468561415,3633.18345634402,3663.00492646604,3743.14532878447,3698.02310929669,3759.04917929773,3964.37384919309,4106.58995968162,4276.45445847135,4481.53583125057,4660.34524074628,4762.98208966542,4801.62783656278
4,"WA-Female-Remanded",61.0051902828589,61.0000005200473,52.000901766983,49.0003006793307,43.0006012080809,52.9989980969822,52.999999899613,56.9995992146873,67.9988978002605,71.999599104261,75.9995991745291,61.0015029047237,54.0007015248652,63.9989981070336,56.0008014702193,73.9981965464425,83.998997856044,74.0010018628455,67.0007014746626,70.9995992849825,59.0012023157578,64.9993989425137,74.9989979765196,69.0006010775549,63.0006012381797,63.0000000602419,63.9998998036804,59.000500971589,81.9976955347053,92.9988976095188,94.9997994968932,96.999799587259,97.9998997835937,108.998897830376,105.000400674869,100.000501021774,93.0007014244802,107.998497125395,122.998496904533,134.998797493487
4,"WA-Female-Sentenced",210.003683794122,210.000000369494,215.999398185149,201.001504476857,193.000802570754,193.999899778018,194.999899687466,200.99939817505,212.998796309859,216.999598669342,242.997392095231,260.998194293756,263.999698911439,233.003109346722,202.003109688797,206.999498799503,221.998495412508,228.999297731717,255.997291762564,289.996589443991,320.996890280991,322.999799083125,327.999498467441,334.999297832326,316.001905676716,307.000902913476,297.001003115378,284.001304032872,283.000100433279,295.998696077816,324.997091097254,334.998996683416,341.999297781995,347.999398114678,343.000501452036,348.999398235409,356.999197519791,361.999498407103,353.000902672021,351.000200695503
4,"WA-Male-Remanded",478.548881293047,520.554236157255,510.939289663015,505.378115469596,514.677817257139,557.077403651972,538.368924989094,540.762463070042,583.328531514259,627.835410561469,598.765011187599,627.196698561632,648.998509967236,691.519469988702,684.707642793489,704.002250870343,692.780024429368,667.515180126318,662.022056522283,641.024462942647,687.930575998086,710.37885301891,726.938918576431,698.703106963716,718.394928412222,791.337972604832,777.945922148646,774.714789701485,834.552223315592,905.619172066246,871.262496213571,870.423898331237,904.075250542656,951.294551350069,930.954395890327,879.129346883622,913.058619363824,956.508641875188,973.860978923671,1015.12173214198
4,"WA-Male-Sentenced",2724.21312662048,2644.00802138207,2764.98790069744,2662.01029887919,2668.99930102384,2657.00119994049,2685.9971000949,2732.99529966934,2744.99879951958,2684.00609993274,2792.98910051568,2877.99149883649,2950.99269908671,2793.01579940662,2763.00300160591,2829.99330024219,2986.98429919416,3061.99249836501,3174.98869915205,3529.96449856272,3722.98069628282,3767.99549803067,3682.00859962422,3633.00490090237,3504.01290060172,3464.00400132468,3505.99580036379,3506.99989957917,3545.99609995621,3577.9967995823,3646.99309962025,3627.00199932726,3604.00230021984,3599.00050023435,3584.001500063,3614.99690012318,3614.00009969087,3634.9978999918,3691.99429974067,3725.99659940055
5,"ACT-Female-Remanded-ATSI",0.372139377892017,0.235188309475155,0.516646774710394,0.326515517460738,0.206354492781678,0.498424095234042,0.683009119369231,0.799664981016268,0.50538015110637,0.319395125703399,0.569864627836253,0.728158810825947,0.828199127730812,1.25943374293899,1.53196964255941,2.07221971514972,2.04564212691775,2.02884536092752,2.38624012568568,1.50807953821174,1.32110111095421,1.57094279319839,1.36083005002044,1.22804092905419,1.1441195524623,1.45909224465991,1.29014163866864,1.55137672096402,1.3484644909712,1.22022602125008,0.77117045968372,0.487371902854151,0.676024245968988,0.427240461555771,0.638021785424826,0.771233442601516,1.22343200816009,1.14120676123949,1.0892412398024,1.05639955772346
5,"ACT-Female-Remanded-Non-ATSI",1.81613213244468,2.6724512647476,3.61671770994552,2.92792560145959,4.19402905276408,4.2370858578365,5.32525431892115,7.5141253222318,7.47082729508119,6.27070864369203,5.0391652389692,4.92053947924592,4.82533896511318,6.98236893802758,6.38643131524326,6.60115478258079,7.23908627358726,8.09597706753013,6.26806843092056,4.7340096315729,5.60066312521538,5.47567155544675,8.19203340439111,8.4576118646422,7.44823098387163,6.90185132463348,5.48272165621206,5.29665097830708,4.07620138697691,3.44344106085797,3.12010704877317,2.95928448681377,2.88344192098753,3.41094762799652,3.68955753198475,3.27742992641176,3.62655907439964,3.81027852804139,3.90667527783205,3.95699727642525
5,"ACT-Female-Sentenced-ATSI",0.107515338336945,0.0863135076755554,0.0692926397525754,0.0556282562623742,0.0446584645330582,0.0358518959329555,0.0287819667654716,0.0231062148690226,0.215747906062896,0.173202808399161,0.139047527203397,0.111627605811229,0.0896148434263042,0.269141153112717,0.413265198563056,0.331770047325007,0.463543787878033,0.569331984637601,0.851457134998183,1.07794771492642,0.865378371173092,0.694727318333164,0.754926540159213,0.803254584097104,0.644854229938898,0.7148883347784,0.968310035611589,1.17175743445125,0.940688983328474,0.755186813702586,1.00066172722823,1.19772943087393,1.35593573905594,1.08854765869577,1.07108622022411,1.25426634096296,1.00692728239964,0.808363039753021,1.24054989254211,1.58751027803221
5,"ACT-Female-Sentenced-Non-ATSI",6.02259662635624,5.73431294889295,5.8092136850908,5.58108551511742,6.26300988803067,7.0346040379847,7.58867546849605,6.57697981586444,6.13240809629726,5.81316709551964,5.30201102021126,5.49878345690445,5.9219964957098,6.50781349975466,6.64656746258955,5.6185512818799,5.1622600095667,4.27077658281088,5.60400796957067,6.56138358174794,6.40312203536432,6.28947653739763,6.48978261258275,5.78787956582902,5.56576576965437,5.68818221185459,6.05800120634498,5.47782311784193,4.77929161274561,5.12342564753304,5.37054369133064,6.39373600870004,7.12847671533559,7.37417079550599,6.98677365358238,7.27241572370028,8.32327162868709,8.51405041525612,9.49678626616781,9.63864895376154
5,"ACT-Male-Remanded-ATSI",7.5083233517893,7.23940509730357,7.11275264143027,8.11116293216925,8.58138432168812,10.3899342490781,9.65461746538853,8.77927534492991,7.83798547830508,6.86563619540063,9.05283828601532,7.96682544266767,7.45534587062088,8.8015440028408,10.4936228750347,11.2905414222881,12.7239260361464,14.9860970388431,13.4063624061845,12.1333247311429,13.1208517712164,15.1730371900131,15.6105252467854,17.4036587533407,17.7191411063842,17.8677238601808,17.9377018938577,15.3255099302324,14.6242755378189,16.939164634175,16.9713483619756,18.5735956501947,16.6830566830089,16.8507291758742,19.0458175256122,20.0796384943109,18.4504176343563,16.6250435211827,15.7653469016165,13.7733657881153
5,"ACT-Male-Remanded-Non-ATSI",56.232993595348,57.3627169570966,58.4095025819212,55.5903175085835,54.5735589743107,50.3707993671245,53.9697899798279,47.5956734954246,49.7722061741481,51.8358739018782,49.3834343701002,52.9743468807663,58.1054928676844,61.2347622563321,64.9207272578789,68.8074683704942,78.5207087191262,82.6631989264656,63.0588941078906,51.5130646715532,51.8243834164988,58.9694368260888,62.8250358121094,55.9041238015423,55.3260784827329,62.7897197160387,66.7602195972654,60.5200904920183,60.1875742218398,69.6577965151484,73.073297480036,71.7477490310408,71.2696808435867,64.0644880978605,57.6298270246129,64.2599256166867,60.2576853342741,61.3716222029836,71.3635177937635,70.4917620934338
5,"ACT-Male-Sentenced-ATSI",4.84628327259503,4.98815851010794,3.15315677934797,3.93476386332965,3.07200905864929,1.15961616369578,8.39602001997563,9.87643821826569,16.4512400422653,13.2658645208331,9.32861870309834,9.94828048335928,9.99601581334795,9.07672757145694,8.08294516068065,7.0834241295033,8.85235755287672,5.29676440419401,8.71472312990294,11.7469203677009,10.1345731217779,12.7792632982258,16.674857695484,15.1290218104856,16.8558701470333,19.7577935563568,14.4435486973291,15.8800995657453,16.913729039798,24.3770782304816,27.7209100646512,26.1325694313152,28.7791089449503,23.4451907174452,26.7261570754322,36.2085597371367,38.7849628194991,38.9834347202006,38.075758393347,44.4665945705483
5,"ACT-Male-Sentenced-Non-ATSI",100.99902045608,100.9999999016,103.999698635443,113.998995421237,125.998794440898,116.001004427385,101.001506923633,90.0011051547156,91.9997992013204,91.0001004346777,84.0007031940314,83.0001005254882,84.9997991004005,84.9999999798187,76.000904093638,58.0018082781007,52.0006029107437,40.0012055187521,78.9960823819932,79.9998991516074,86.999296805927,87.9998994745118,98.9988949865639,113.998493066263,115.999798938923,113.000301344349,122.998995481783,140.998191711811,137.000401637744,136.000100495195,143.999196371304,142.000200828969,142.000000020174,130.001205458189,144.998493298361,170.997388022573,202.99678518245,200.000301041603,184.001607307823,184.000000161462
5,"NSW-Female-Remanded-ATSI",50.8505404933265,50.9407542043874,52.1837143167506,52.6764240975518,49.8537359880822,52.9600193215884,52.9841516464603,52.9937177076553,59.6371062258891,58.6489494245898,55.8428450190494,60.1629015068553,57.6501754710697,58.4649291307467,61.8058961606387,54.0762612794351,54.6338296796493,59.6836474447691,59.2709980628559,58.5038240332249,53.97451821487,60.0258958564756,56.3886670191936,51.9288699381661,53.17900338987,55.4853557378925,57.0031942209148,63.6408627187358,60.2360397618826,59.4899665516868,61.6086216333722,67.2772546516838,74.9566997288107,85.2440303938784,85.0967337251459,83.2275462259328,86.7117975022558,91.1109542298416,92.2511816605533,78.8203754323985
5,"NSW-Female-Remanded-Non-ATSI",130.784946713304,130.991937491071,137.737262483087,133.177603521685,124.344075235834,135.563010642961,140.796163193275,148.692432008274,153.801015297278,158.80508616618,155.142655532777,148.267783510272,143.197493152688,140.119876415231,143.85453125815,151.694620270781,152.9510603354,170.323331721949,176.749686701226,164.477995311976,156.317846399605,153.124388548678,162.629755923636,144.698443515,139.213638919101,135.157972481747,142.705996509722,133.363885085055,134.938660825358,148.472829853542,141.280161993066,144.860540484618,134.407169804154,138.827811353035,141.881072269658,149.695615313198,149.988588389916,167.324738676845,173.749739449019,151.852904785829
5,"NSW-Female-Sentenced-ATSI",144.866654609326,144.998442503915,135.116783452193,123.141526022725,128.93157206081,120.104322230024,136.802655705991,152.810812355797,139.161312558818,134.060284979209,149.813821508062,154.939424582605,149.069373455568,146.035850786567,161.813536112675,164.96278157794,150.174767748717,155.931960329635,180.707201175456,171.113381705597,173.96628382376,163.128087997922,165.966455595672,155.128090004247,146.106617591911,134.141407283806,131.036692153523,131.988748405985,126.069949565934,131.930736036028,122.115992629517,120.024715141783,124.941887854917,116.104442720195,125.884418264139,128.963609493122,133.941174130895,154.75402945177,163.892005543956,171.905297291796
5,"NSW-Female-Sentenced-Non-ATSI",322.412775574472,322.999940455798,325.999695795773,314.00121676191,327.99858053183,331.999594258481,326.000608355236,330.999493064705,336.999391552219,329.000811133475,337.999087487681,315.002332093589,317.999696038284,297.002129356502,322.99736383161,348.997363348388,373.997464747736,355.001926331458,350.000507192311,374.99746506652,387.998681550806,377.00111525967,391.998479122141,399.999188650613,399.000101317126,367.003244790958,357.001014322984,355.000202901645,329.00263640488,306.002332453447,313.999189041338,318.999492920787,314.000506945564,332.998073462873,340.999188609479,331.001013911689,326.000507099792,322.000405649005,333.998783248376,330.000405474208
5,"NSW-Male-Remanded-ATSI",358.49585788616,360.343944473357,336.319155611773,340.694544132833,386.71543463239,388.151175494619,361.777984973871,366.016207946525,414.955626393647,415.998413022143,387.256801816683,391.355097129792,443.13614090675,443.790865045026,412.72793435813,416.697916644708,471.380333790487,471.623453226144,438.225145835051,442.083214799008,499.701418343747,499.517661654322,463.7936712628,467.461447785325,527.93035368579,527.401487547833,489.296955845494,492.756181343678,556.122063542306,555.248617971986,514.825664847412,518.094529784124,584.273138008896,582.958088530953,540.195259508696,543.392614076126,612.495741781637,610.803550083524,565.700877130887,568.761647378691
5,"NSW-Male-Remanded-Non-ATSI",1624.37189295814,1644.64273158978,1592.15105605106,1540.70832116509,1597.57503130483,1603.650048098,1571.62438019702,1684.78342367788,1772.76258021872,1793.11327348459,1739.08506799635,1801.19289354976,1952.75089860822,1928.03237586995,1879.19347585218,1928.19471560703,1976.59216582466,2013.64516617104,1942.25569119175,2029.65939971832,2029.7864477891,2075.74106386218,1993.60141985111,1948.15051338902,1983.95647176037,2106.00718061127,2090.5289145022,2071.72576745638,2090.51004765292,2025.73797714824,1912.69571504506,1933.43466247755,2072.63840314501,2068.22105743789,2046.11381123752,2085.07485278404,2182.54029178458,2273.8644252274,2257.74116301819,2062.60752690985
5,"NSW-Male-Sentenced-ATSI",1239.06725275867,1239.9999056008,1223.00172048476,1248.99736882987,1243.000606967,1277.99645786725,1331.99453454192,1360.99706448597,1371.99888644188,1374.99969627066,1376.99979755816,1380.99959515732,1360.00212527554,1343.00172070941,1381.99605315777,1462.99180195117,1441.00222569237,1440.0001014308,1555.98826016669,1591.99635541214,1603.99878516457,1577.00273242685,1588.99878580996,1586.00030349376,1594.99908918078,1505.00910840714,1558.99453582223,1536.0023271746,1489.00475689628,1467.00222700348,1485.99807731997,1516.99686243343,1487.0030358489,1485.00020271834,1536.99473733202,1569.9966596843,1614.99544541228,1653.99605252268,1732.9920043622,1685.0048570571
5,"NSW-Male-Sentenced-Non-ATSI",5235.38584352689,5230.30021982849,5266.67036425419,5280.03359815203,5177.99336764344,5289.29817824686,5279.6761177088,5199.03901965551,5207.98746543533,5363.28610875344,5401.66604502737,5354.05312898658,5181.0067524464,5337.27928049711,5338.66377390416,5429.03157798195,5353.01533377258,5489.27055998382,5603.66428559463,5544.0375563427,5505.01756427556,5503.28981085056,5519.65900816508,5493.043976514,5356.01534007456,5318.30214930652,5221.67000141772,5160.04337820869,5078.00297388416,5156.28896577596,5159.66594610117,5085.05035631037,5001.00375918961,5133.28091039162,5122.66200341635,5176.04284550246,5228.9952930273,5360.27140719179,5489.65672074676,5558.04893080564
5,"NT-Female-Remanded-ATSI",8.24971754742097,9.41044304587603,8.91250445932861,7.81546801390245,7.95279725697901,8.8326729159961,10.1592355959627,10.5584380892165,9.60239697983123,10.6219233491144,11.2351146873525,10.8064908811746,9.35246176394555,9.67372815497881,9.46818372981277,11.7365596837258,12.7023205794709,12.8844788813572,13.7913220266762,11.9445882356551,12.0296188070727,13.2767237190622,13.2294378583244,13.2008766598478,11.5888199568032,12.6124030879073,14.822794720461,15.7536746288936,16.7122297949804,17.6874332885225,21.4634809732372,23.7348882655707,22.7090229511457,26.0786850128963,25.7134869688728,26.6897514000431,28.4729874563993,33.9311853055165,34.0249890111074,36.8721302023684
5,"NT-Female-Remanded-Non-ATSI",2.99945956660129,2.99987429870964,2.99997076269817,2.99999319959393,2.99999841826982,2.99999963209986,2.23259340450894,1.28669320180447,0.299276462470066,0.0696097569047445,0.783597286221984,0.182259627619682,1.57720542272853,1.90166073368548,1.97712692683599,1.99467987208392,1.99876257288033,2.7671186924274,2.17842681397739,1.274094405467,1.063752574379,1.01482843377641,0.236042487244596,0.822308455835293,0.958670103585005,1.75779344506807,2.71107084198798,2.16539044883219,3.57328176155956,1.59852858588066,2.67402687254246,3.6915872825322,3.16085869973919,1.50260166654233,1.88430838566104,3.50790390348766,5.42035467129715,6.63258477990825,4.61232208189066,3.37501562016019
5,"NT-Female-Sentenced-ATSI",10.5186798367829,10.285947527735,14.7415942203642,15.0128285990881,14.4598089133579,15.5614871637225,15.9489546244486,15.4368377460933,14.6081547998896,20.1505884005238,22.1007694637907,24.7315824039821,26.9536597832221,27.0871469359315,26.4856536820263,26.9220223089735,28.3718689989257,26.2888511451059,28.7968742159171,28.3827348782989,28.8850339664339,29.7098301870733,31.9446174035531,32.0825773960441,33.4274134401856,34.5487006739358,34.9430688021508,36.3781355806814,34.289916812591,36.7961098437162,46.105102084347,46.1394867321609,53.9303912017317,54.0788083125012,63.2063443720287,67.0663839940211,67.7762742124978,65.4328634428433,66.5527499040068,63.0571146083408
5,"NT-Female-Sentenced-Non-ATSI",3.76986863911152,3.94429992572662,3.2285545776823,3.05531843597185,3.77135305210941,3.18669520802213,5.31907895880928,8.86704859061564,8.96782097255729,7.47628351870421,7.11527775816642,5.51197336940006,4.36595198781171,4.84653755474514,5.72082056255087,5.93242852542356,5.22568127142775,7.32851498968719,7.07951245434281,8.53517287465205,7.37156710328599,7.08993261574898,7.02176693066724,7.00526838085078,5.485347139652,4.35950748164419,6.3609057504249,6.08735218453819,7.53707037159675,7.88795436403861,7.97288092235251,8.75140020598803,8.93982990003034,8.985436669629,7.48054715157669,6.35834571172603,6.84469656209954,11.5101949715042,10.365521551497,9.33050537548048
5,"NT-Male-Remanded-ATSI",102.549212477586,98.1163543113969,95.7830016711707,102.779164135556,123.105439844222,115.90452828725,116.847275796918,139.355701432026,173.24201638725,135.58982673724,135.221484938646,137.204257020551,162.63934571285,162.030291851459,153.536192903389,169.280941918394,194.657471909384,215.822776380565,205.160730568179,197.076369612048,207.830103949918,199.284360466427,182.030981783208,196.608489002152,238.073016273861,223.890185087562,241.963828800377,232.475593771674,239.801555261015,249.954229346769,258.634791452341,265.74294846106,269.753135283384,283.056267426083,276.871188984146,300.911547128322,369.385270502426,389.984969606941,375.308126687436,340.657889833209
5,"NT-Male-Remanded-Non-ATSI",44.420547976397,44.9362134543325,41.4333015487647,30.3686678529612,29.1506640600956,22.7871508615787,19.4168926184431,22.6055686522513,24.7364190678612,27.6407423812704,35.0798061856295,23.4398356043261,22.1584982635112,30.9166395587878,31.880742809684,35.5465488492857,43.0694372857296,38.558047741251,47.8505414814679,47.0936282916271,47.9002258720085,42.6495016182593,44.7412552441595,42.3017595861186,29.5743492192744,41.5220935439719,42.8373108664568,50.1014446028693,45.5615711325125,40.6122222316552,37.3976363339076,44.1631256818238,44.0179570064982,43.1120575275221,37.6728202175874,42.413579757031,36.7060120275715,44.9769103151097,52.116811822663,60.9120506817892
5,"NT-Male-Sentenced-ATSI",498.687751435257,506.459872340464,532.708238160038,539.665819291396,508.403896687777,525.484535576233,539.189594913293,500.766811421721,504.151459450821,527.987213711031,568.622743252872,565.568353725839,540.078204508839,547.336881647021,564.351832658343,585.529123865883,602.429189437661,647.699159997757,657.077527278726,647.016236631268,663.564209459252,663.043388777386,694.525891414696,668.288560932186,698.700347096417,714.684669142185,730.696735506247,772.488864708125,797.901749751902,837.974971093544,863.925176698682,861.685375090928,899.52511325313,930.913527031768,947.06398522745,871.642683934817,882.836166639684,847.30957842538,860.335193222227,880.830114068127
5,"NT-Male-Sentenced-Non-ATSI",119.259844232497,117.692150158094,124.842888640248,121.483290790479,119.76058787084,119.232954558317,114.909043296389,105.260092964858,110.629403920425,112.96764627588,117.846114934857,117.259149979236,119.160526310662,121.824037390339,122.639823535408,121.502248828905,119.766394381352,135.190241423434,132.28339653768,130.69936381093,137.151380296009,148.145849224497,148.044671027472,159.113166070487,156.259789725777,151.223544673641,166.330258439885,165.407434537404,173.449403059614,177.993668482677,177.998060768679,176.611970531878,178.268588980548,180.163417309146,169.644285449788,146.998364935966,146.999499208922,140.756386794563,141.619103359261,148.126797944928
5,"QLD-Female-Remanded-ATSI",23.4440085943982,23.0754134593482,25.5032682002641,24.2553253624824,22.3830598994845,20.4047552077175,21.729052703459,23.6142867642874,28.9154067475582,30.645938410914,30.9398637558098,32.6500923566277,25.4691909042404,32.5510689813967,37.9046694065241,38.8139615533887,29.8367172624314,29.142113788004,29.8542907326796,30.8054048945314,26.8161828650105,31.9496981634824,36.1422221618021,35.1940028315947,30.8821849989765,32.6402958016993,31.2785990683988,35.1980849431433,33.373337794797,31.4031039389,36.8795380107403,40.3001525271288,40.0509799600468,40.8388119394387,42.6329290243362,43.7678073065477,48.9414817274548,52.3106734720412,53.7130732173897,55.6115726989781
5,"QLD-Female-Remanded-Non-ATSI",58.0188122131713,58.0000018827435,55.0003002429355,52.0003002727956,58.9992994636418,59.999899848974,59.9999999899768,64.9994995954206,64.9999999499191,76.9987990290068,76.9999998798057,72.0005004045664,72.0000000500809,67.0005004045834,64.000300292828,69.9993995445595,62.0008005872313,56.0006005656176,58.9996998173581,55.0004002936202,57.9996997973147,62.999499565377,65.999699707169,57.0009006981876,53.0004004138054,45.0008006873993,45.0000000801335,56.9987990290198,55.0002000416371,62.9991993726949,62.9999999198725,63.9998999190763,63.9999999899838,76.9986989480951,89.9986988178856,89.0000999506922,98.9989992008463,107.999099171598,108.999899828929,107.000200151806
5,"QLD-Female-Sentenced-ATSI",70.4814627570918,73.2495300806021,73.3772419339839,76.918799544901,85.6868926459793,83.4066783524438,91.1324058614506,94.8466893676132,92.4547777772905,93.1397366710775,101.753267373686,83.3099273753954,81.991854783348,82.2975999449542,76.7829400640097,83.5402420409184,87.6653021545444,91.0022420825823,94.803943269323,92.4382059666704,101.539792565994,96.5564999934432,101.37070114052,105.614709486965,110.388728762805,120.226566371282,126.675435171813,119.496426472816,117.346614830631,121.607724030388,127.788328497398,128.237056675476,123.465939844187,128.343668569592,135.409627817602,145.933695687597,153.28876134296,165.300855416275,168.897055889171,172.776381776905
5,"QLD-Female-Sentenced-Non-ATSI",203.462725526518,202.359729876078,205.858812698359,211.243759080908,205.781466522102,205.946255794749,206.740851400006,217.493230161185,228.432332367347,222.073773802784,228.05069350606,226.50432955974,230.648443053327,227.143197280156,230.805560572457,238.492869054738,259.98920645304,250.194451414839,251.555959230206,242.087902395932,235.989067719046,235.997311410787,241.277820238491,238.806118336504,221.608736549875,206.822400540127,217.513285640862,220.142508077152,264.52510509194,232.458251057774,232.866767020661,242.770127965558,249.730086292353,257.474307572808,273.706160158587,286.746904836016,306.543544226994,315.182499832808,319.56929507533,325.172557658108
5,"QLD-Male-Remanded-ATSI",217.332350737219,226.702852114215,222.101144346082,228.474993277798,262.191713329495,280.016209492352,250.616759477363,250.93206207939,300.455524432325,308.30889893438,302.875983953654,311.242486544084,313.817066757008,327.642300856677,305.974202899039,298.961781117864,294.661350772069,290.816247741792,271.261900096411,256.712150501624,287.512425047833,305.258753353698,306.668483663688,289.11117814824,346.684868206676,309.725704167464,300.468788565443,302.185684889958,315.748710353184,306.206106609849,291.478940848725,296.89541191927,334.82789588481,363.979527872911,344.075449196969,336.210231169195,396.316617255648,419.787182759858,440.258072247344,419.157183552815
5,"QLD-Male-Remanded-Non-ATSI",782.922965986738,783.999891364514,793.99899133486,762.003227591643,752.001008979734,767.99838625508,827.993947912137,859.996771696171,858.000201405212,835.002319924933,872.996167348109,853.002016921782,818.003530493075,839.997781316904,836.000403237884,829.0007060986,796.003328630021,795.000101201162,800.999394817699,792.000907727722,794.999697495304,809.998486988215,799.00110936699,775.002420881934,767.000807167529,789.997680176797,801.998789380992,802.999899012472,809.999293931886,829.997982620418,829.000100661934,811.001815587681,788.002320087749,847.993948308925,872.997477754139,915.99566253261,924.999091773736,1010.99132548243,1124.98850046737,1069.00564730351
5,"QLD-Male-Sentenced-ATSI",1002.93233838886,999.581135307304,1035.18607342823,1056.1964802017,1053.57491901342,1107.81013702382,1155.09580102514,1163.64158689411,1150.21490766465,1110.6215007111,1094.29622171015,987.094291680763,1003.65026322575,1013.39316784509,1096.45203180956,1069.64367280964,1072.51769604277,1078.99170184641,1191.37270865095,1219.45651807817,1191.34873854363,1219.56964582969,1254.51770004041,1249.60077568425,1218.03576857538,1174.81283659502,1212.95563099817,1207.05752715774,1245.5839620339,1219.93691613718,1203.69934380615,1194.0362483957,1297.83468865845,1325.78486407002,1364.07362703448,1419.59970688945,1500.27314711446,1555.47218475944,1606.484460488,1610.66359419488
5,"QLD-Male-Sentenced-Non-ATSI",2956.92087503023,2965.99909062509,2960.00060087536,2984.99749603333,2933.00520812507,2938.99939955521,2938.00010010093,2930.00080129862,2967.99619395943,2963.00050042415,2970.99919876153,2944.00270426875,2924.00200349235,2835.00891453629,2900.99339026198,2931.99689434466,3016.99148599761,2969.0048068788,3044.99238823981,2950.00951453966,2881.00691206712,2861.00200391381,2934.99258828121,2865.00701053284,2855.00100231293,2759.00961556353,2825.99329017112,2869.99559224066,2903.99659408199,2844.00600932332,2848.99949979653,2849.99989978882,2895.99539258054,2870.00260372645,2903.99659478426,2966.99368951125,3131.98347279067,3235.98958159288,3231.00049976185,3322.99078523122
5,"SA-Female-Remanded-ATSI",12.3000448796651,12.7743322915848,12.2496471398198,14.7908745702149,12.8997866440827,12.9676909022801,10.2791958907151,8.05722295702064,8.69604574828481,10.2571979814517,12.7933089850483,14.9661528404942,12.9562969037262,14.3411037636292,15.4651666924284,15.1499711888116,13.693157400014,19.3218481024788,19.7813617184516,16.5415258932471,14.8193958548836,16.2969664395716,16.0957429040055,16.0308678101156,13.9771612112658,13.9926367034587,14.6752229392032,14.8952908651904,21.7422103383377,23.9496784778226,29.4045512960229,24.3872503740194,20.7368662807727,22.2703586481218,24.1199551360108,22.6834801312085,16.7995810093383,18.2905780717222,19.4488770521679,21.8551069137769
5,"SA-Female-Remanded-Non-ATSI",25.1468122989544,25.0275929609785,26.6292916135158,30.9905903797531,31.8102842850282,28.7161322746292,28.1345950581117,28.8373495615682,31.4055886955127,35.9485460419749,37.6144349661703,36.3034285365812,40.929345325829,45.0469846357812,43.3847250372139,47.9446247757499,44.7413811941319,38.4549709440602,37.2734577196204,36.2393428167497,36.0449838130054,35.1964017850056,37.4730715566974,35.4648068823047,36.7114647472132,33.6975594188789,24.1985235766181,26.4734703414967,26.0889874264652,30.076988922103,27.5783114620746,30.3569032092,31.6911845536421,31.9419590005633,39.2975665280148,39.0559267966955,40.6346168786937,49.0518552326315,47.3856404522696,50.3206912317765
5,"SA-Female-Sentenced-ATSI",10.002016932774,10.0001036216638,10.0000053236525,10.0000002735072,15.6917448303821,15.0355389882903,15.0018258462271,16.8973420765375,16.0461017244363,16.0023685159223,16.0001216845518,14.1027579795388,15.9025275520862,14.0977439966675,13.0563975462192,11.1056492005513,11.9540519550085,11.997639379492,11.999878721082,13.8972420413009,14.9433448571497,15.9457134291442,17.8944592526318,19.8918260250327,20.9430666046348,18.1512025894606,20.8536405718294,20.9924806579313,23.8454860954701,23.0434375786082,20.1563592349635,22.8539054989472,24.8897425409009,24.0457112917273,24.0023484571045,24.9487447900677,27.8432391274733,30.8378186829064,30.9916677947186,23.4105788373146
5,"SA-Female-Sentenced-Non-ATSI",43.553312517521,43.8686932538245,43.9614015116441,42.5765669747635,42.1694856837901,44.1679515557455,47.579587332387,47.8764169098071,47.9636719315136,46.5772343797328,48.9938553594017,52.5284106015403,52.1553297986946,52.751703595746,53.6330549981041,52.4800473407865,50.0229829820153,56.3611463467664,60.3424215936013,61.5127438408011,59.7386377067855,58.5110840778188,53.9139763209584,57.5049296287416,56.4423840392313,58.9542152080063,61.8107147444234,63.3564450882654,58.8685191650126,51.9009166183408,56.9131773863444,57.6805212891191,58.6121304872658,56.767853070261,55.5196721275555,59.389021297593,64.0566589920298,64.0166552862501,64.7109393036609,71.9754624111237
5,"SA-Male-Remanded-ATSI",108.681570884802,111.981306266987,96.7134805107641,99.9888335726626,109.166631745176,102.162358131291,110.443459749416,104.755871312553,107.234727843196,129.214430133533,142.804481658092,154.415460601098,148.749266467096,155.817802718451,163.598075531096,144.038445560901,153.17833494098,169.852388948261,166.14465192779,170.618755518116,170.910066518616,167.922363237169,179.443268218785,182.160986488633,189.679030699429,179.990913772033,185.346595017746,169.799650122725,166.132211128225,163.738871418676,170.051245096557,163.899244541019,167.79675977512,172.536689668189,179.767657018,176.888769617376,190.727660129233,192.463967492837,211.212084561005,216.398767993298
5,"SA-Male-Remanded-Non-ATSI",369.898364001961,377.59952488521,371.401908289892,379.419486840645,393.19045700823,391.09745680285,410.19853229716,416.427428791293,414.183605563176,420.420899043119,436.113443698178,432.14968754433,423.677869001569,432.798893827535,430.954833754804,457.83116855372,443.799505857009,434.268374426116,453.896490334732,468.641150137437,455.369785909727,451.235932129438,474.726768658961,460.117888731046,440.131517514228,451.515761456322,438.957155708821,421.629657205505,416.67737337304,448.840512907757,457.846138879046,446.993900216574,466.787319206936,488.636680434333,511.865998339558,541.996424968653,554.113784414099,562.314118607021,593.443693297265,606.560901724689
5,"SA-Male-Sentenced-ATSI",156.818756969458,168.303629093164,161.322254724214,160.373793620936,171.484188186443,169.755146835873,173.890256670317,186.669294584804,195.566570478624,187.063931001047,198.382350317685,212.847348061126,221.626120703136,226.522713719484,236.864076137868,241.601670661489,237.108899418545,241.6806487051,250.571570681015,256.848788880756,259.580452649778,253.085437026436,251.624712866951,251.144550049276,257.705314341224,270.608648280849,270.140032075115,279.392212431407,279.740852522053,279.85459969663,279.891245165639,277.214956601202,279.023420498588,286.335409340912,279.328131623039,283.074514277738,293.710236461496,303.247798990801,302.34630105556,314.815924422167
5,"SA-Male-Sentenced-Non-ATSI",786.62370835492,819.709073752768,828.710550064634,813.705913970082,792.697944277658,804.694450831111,793.690735139869,815.689787122227,863.696155073893,875.69959519362,895.700648482919,906.701120216213,947.705303374613,957.707730019668,975.708272504702,1006.71161848609,1010.71211570412,975.703899661727,987.698998249897,983.69635826544,987.693342698107,960.686361939641,961.680576348056,997.682990223435,992.682612203125,990.678576752986,1024.68038222008,1082.68949692633,1086.69271274273,1096.69142550967,1107.69089476341,1094.68677209953,1123.68670113559,1135.68823429179,1145.68775170063,1149.6861449648,1192.6899362255,1226.69626024489,1259.70152492162,1253.7006872392
5,"TAS-Female-Remanded-ATSI",1.5894615715023,1.84777191479916,1.94355366437019,2.60826857700296,2.22554663421848,3.34203080783551,2.49762644852742,2.8137193536886,6.07692162950198,4.14092580732614,4.68145437718278,2.99428613025502,2.99788129103152,3.62841331865461,3.23301632581281,1.82800482465093,1.30702506816454,1.74304415946755,1.90472050149223,1.33547132259479,1.12439312262502,1.67532404014103,2.50880874752983,2.18866682384239,2.06995785860912,1.39674151006444,1.14711217319608,1.6837482882161,1.88273352947123,3.21491534459277,3.7088897761641,3.26285708170805,2.46826874681189,1.5444356103406,1.20187730240159,1.07485631808589,1.65695574041924,1.87279882429956,2.58203260717656,1.58661937055945
5,"TAS-Female-Remanded-Non-ATSI",7.56210657913847,7.68629333521508,7.20805984478732,7.14905398636838,7.95758346024325,7.68601239309579,7.49145899341396,8.48648268048472,8.34851599019285,7.96607629514103,7.40849624104407,7.0090461219324,7.00648063799421,6.72104231092252,7.6509560737688,7.74994507625624,7.25365992562546,7.74892269622491,8.10372873932832,8.35791164120549,8.2564077510673,7.61648957545314,7.7252532911818,7.23597074105619,6.31824809452743,5.94439238726094,5.9601627293356,6.25506101129037,5.61552477163644,6.29176293701671,5.358217600535,5.25662694020385,5.18384743334787,5.13170822487207,5.37795613302512,4.98716720123533,4.70720617285212,3.93944137753819,3.10581458169453,3.07580552236591
5,"TAS-Female-Sentenced-ATSI",3.49211249604497,3.58663877642972,3.68129696997448,3.7757775302817,3.87077116915621,3.96536813569546,4.06025916983614,4.15503465758143,4.24978516006379,4.34470124208504,4.4392732897665,4.53409201217887,4.62894784561994,4.72363126150186,4.81823283585392,4.91354326902568,5.00875276907764,5.10385184204562,5.1987309778661,5.29388081439182,5.3894918290466,5.48455420414627,5.5794585997316,5.67419554019462,5.76935568258859,5.86402926834911,5.95930711538523,6.05457948380113,6.14973683570421,6.24466965566154,6.3392684616503,6.43482408425819,6.53132681764615,6.62766667824928,6.72323396814891,6.81851934738139,6.91371335295516,7.00850640722092,7.10318913642489,7.19805213091251
5,"TAS-Female-Sentenced-Non-ATSI",15.5119791737093,17.0164533445716,18.2125913314254,19.1709548356333,19.9325743095848,20.5437637831412,21.0432781557102,21.4360122436609,21.7618210106126,22.011605079271,22.2027837261133,22.3580140865086,22.4931902411455,22.5923831592671,22.6706362975106,22.7397173653419,22.7879814372234,22.8153687261275,22.8389682617512,22.8733095615471,22.9075517469937,22.9226122690932,22.9366334843275,22.9453313185744,22.9517341293559,22.9461906750137,22.9566440173942,22.9610944934068,22.9747794121618,22.9702987493885,22.9751423169262,22.9897025001752,23.0092313581054,23.0085756937668,23.0074779996818,23.0085559459588,23.0119390924428,23.0126739735744,23.0081976740706,22.9984260596571
5,"TAS-Male-Remanded-ATSI",14.1625809063029,13.6327780741384,14.2558384087713,16.8735255417223,16.4754488973671,14.4359301953329,14.6929839439631,16.2000330129811,15.6531627818243,14.8997955803753,11.2997587577224,11.6188675538034,10.4254164661874,10.2315487986439,11.037454391918,11.476098607116,13.0819850689499,14.8674740578706,16.7507184293062,16.4086065402771,15.3109740575049,14.2578339327299,14.140335746541,15.4435209376175,16.608540800129,15.4197957448537,12.9499262331411,12.0613201712066,12.4890884487469,14.0890552753554,10.4027704145045,10.6749354949153,12.6459221261813,15.0858431723639,16.8695739747322,16.9290107650667,13.3156602130142,14.9946604814849,17.7313697012645,17.8537879280766
5,"TAS-Male-Remanded-Non-ATSI",88.2155825262688,100.365346242367,98.0848216017028,91.0982457130352,85.581120376532,91.614443345506,92.8789045426806,93.304121959123,88.6061727363453,97.8357212250201,99.4596191913521,91.3790641719578,88.9345648267938,100.761586374107,95.5534669949339,87.890360758542,82.4685995039748,91.301548872031,90.8796503989684,83.5246086306106,76.8989504263494,84.1645952954012,78.3141601288961,75.3328743867682,69.2530015683703,76.8123151292702,73.416682835962,74.0426839900911,74.4996432887936,90.6369879749906,88.2440783442787,72.4801526515067,69.0801132888614,72.1378862306099,73.6242634388116,68.673251557398,67.9231794337617,79.2947820072881,75.2186731071949,67.710418646865
5,"TAS-Male-Sentenced-ATSI",44.5779351705236,44.2219475775133,45.9331294636089,45.3583547680038,48.8334083885285,42.1604125699209,38.3658166453817,38.1404865500449,39.2858809662043,42.8055758814187,45.3891925605792,46.9973574613774,50.6947726352796,48.4189235708214,47.5449169133191,47.2092673971505,47.0803660933249,44.5670051174775,44.8337146272575,43.0882467947294,42.417925317831,42.7764627033821,45.3780120689454,44.5292054474023,45.4351627922678,44.5511533495918,49.1393790278794,50.2854556384613,51.9575188086408,56.2954377587216,56.1134585645563,52.3477846440833,50.9016324682318,52.1941525379282,47.1468448336855,45.8244644632056,50.8603047542146,46.634600036231,48.0916026250265,46.1872849209655
5,"TAS-Male-Sentenced-Non-ATSI",329.39350058408,344.829330617389,356.186904874598,353.416012555065,317.296793810383,321.069207399006,323.856255956204,346.005388093809,336.026971624494,332.329737738567,343.100864964071,354.65299326036,345.054311314394,341.476738220432,350.855234516786,344.509359952694,326.909918750157,339.05514386962,341.446788518456,342.453825462254,313.645432629674,301.955037172514,308.823759923645,320.307349965684,302.95112228482,307.493488360679,309.002760594767,338.672839604697,319.972977548742,315.365319711732,328.703667550165,331.334083823588,295.905488175946,301.102814906703,295.543758224915,309.757467790816,290.057256849403,308.049170159673,303.38365650521,294.5050754378
5,"VIC-Female-Remanded-ATSI",4.97491980705352,4.59401714864549,3.58053068470617,4.52582104342536,4.71108348636033,4.43326208162009,4.65468745237336,4.0081985361739,3.22359229932702,3.1362344463046,3.47370896806883,3.28863015036128,3.17586190955428,3.88855544898913,4.32279853348717,5.36878523753269,5.61540180979912,6.15636643853961,6.09527383205586,6.05805020028201,7.2074744826774,6.3450108290145,6.99161762713679,6.9948926330237,6.996888089106,6.60740238932995,5.97938781951869,5.98744102993058,7.16445242308139,8.27230519443394,9.33801972320732,9.596656428934,9.75424337850594,10.2409623941864,10.9282210747943,10.5655636824411,11.9074031999343,11.1621778549834,11.8802177754499,14.6619275704469
5,"VIC-Female-Remanded-Non-ATSI",57.0122530978721,57.7921604051412,57.1666847016306,53.8767449013766,50.0261542530259,46.8471747843351,43.0199321721137,44.5833583539931,43.3331668852631,47.0180149370746,49.3725370679289,50.6575527235564,47.7696144372621,46.372358492752,54.7637543581132,54.160707561846,57.1921442799048,61.7779233959,69.0595103249389,70.5916863044334,67.7557549659382,64.7902779434973,62.5871243291885,62.9131235826064,62.1921375152441,64.409175569173,67.2444263876664,62.3139388721363,65.224386885153,68.2055435471954,69.6224143033614,73.8684598958499,81.0785608220136,80.2269484660442,76.8894254740551,86.4517187575513,95.570035310083,97.4886920165627,92.3653367243982,81.812305626032
5,"VIC-Female-Sentenced-ATSI",11.6423219926605,11.999964166525,12.9998998127973,14.9997996227373,12.0003005307639,8.00040076455944,8.00000004015004,10.9996994491656,10.0001001535025,10.9998998264209,11.9998998063515,12.9998998063494,10.0003005408006,10.9998998464965,10.0001001735791,10.0000000100358,10.9998998163882,10.9999999899632,11.9998998163862,10.0002003571888,12.9996994692341,18.999398868215,19.9998997561637,18.0002003571828,19.9997996528469,22.9996994290901,19.0004007043389,15.0004007745952,14.0001002237638,15.9997996428152,18.9996994290891,20.9997996026621,22.9997996126979,20.0003005307629,20.0000000301083,20.9998998163902,28.9991985210609,30.9997995524794,25.0006010815952,22.0003006110569
5,"VIC-Female-Sentenced-Non-ATSI",187.979991015203,187.959735108332,191.739856816589,180.3513216043,165.950921477271,163.959836887947,178.738363736738,185.349935892662,176.950153163798,184.960022589527,194.739192793369,181.351201878876,182.949379706223,177.9610391603,174.739332400492,176.351920806533,161.948941253083,176.958710630047,188.739434298366,200.350045723838,214.94754223191,230.957807952609,236.741164583394,227.353213701142,212.949222001226,215.957624438179,237.739164339548,239.352337366719,232.948751496622,229.959632067111,238.739603883655,231.353188339645,211.949009391567,229.958202568238,253.737605189859,265.350800781765,260.949829706784,269.959214017073,279.738946405225,289.35014211157
5,"VIC-Male-Remanded-ATSI",37.8362568469523,37.2774837062854,40.1567844628823,42.5041556131573,43.1565927785513,42.5887751782939,42.4522633531156,46.4999380623247,48.3962292859106,49.9955980782942,49.6636154590215,53.091066246993,50.6580246806394,49.5974809887854,49.5775081001688,47.7644246092317,48.1156728615059,47.4753931276408,42.7126154690914,41.8910245921508,46.936667494379,47.1591685376652,48.5725808891235,49.1176136366783,48.1718474760194,50.8708791264535,53.1785787815175,53.0272805590711,55.8076808792425,59.8226493514067,65.0994751673803,70.3579199837911,67.4107098442401,72.7074133609583,77.0885223676089,76.481352704449,75.7263549262409,80.0511415471136,88.4447802120401,96.6743262338472
5,"VIC-Male-Remanded-Non-ATSI",539.488499558824,567.073167462779,560.535878298057,565.059866710051,575.792861510604,581.027892706316,572.611504171251,648.978095878051,687.60121013059,662.339731466658,693.901872161623,717.2552614922,721.092026389477,713.577001700458,758.335917508384,737.162790504933,770.811120520776,714.658970116846,776.594083707325,741.744132501892,773.870435515091,737.793212706048,755.484993922363,709.224152369379,726.496659866046,736.795598360791,780.370076705191,790.792972299805,791.220573047059,802.743848053158,843.491935303855,876.812853999385,855.16880948654,875.372691866727,871.408325519632,832.886265783205,809.243275704005,852.379249504548,923.196865346584,1022.00429531507
5,"VIC-Male-Sentenced-ATSI",126.139439809205,131.426682159578,133.576102747204,147.556638700964,153.332483757609,157.758272355299,163.095790061243,163.73920177072,169.027025133923,166.845272579639,164.513180868343,169.545656657294,176.26253877707,178.534678286468,178.923085842411,191.686202572463,191.368592784082,190.607989617819,193.402285778395,187.541733556089,190.529246778902,205.330817039989,211.109915311944,211.490260733267,216.178382343088,213.231239431183,213.691500155739,226.605589037575,222.810091137853,229.453717992745,247.081124700952,258.936775243365,269.611360220568,278.94876955689,290.567985227536,308.175327038216,339.081466985856,351.205778922831,347.930343821108,359.474845104714
5,"VIC-Male-Sentenced-Non-ATSI",2505.26742783239,2619.7845667398,2700.95785039684,2749.51671807168,2618.51397336075,2638.77583850855,2769.94033944831,2917.49825661591,2883.51827288431,2977.79374813884,3057.9615867629,3062.50587380626,3023.51980100932,3013.78980533457,3048.94317151952,3144.49342840122,3082.5054043763,3087.78154446607,3129.94129326382,3219.48028296182,3146.49391446577,3242.77160792034,3321.94566843584,3368.47840915584,3283.50009919629,3281.76696386282,3365.9309791983,3452.46335001872,3424.48989119511,3449.77081636126,3494.93350991222,3462.46137983084,3500.4691062565,3681.75919983933,3792.93250102099,3938.48953810942,4083.5032332509,4257.79218559804,4362.97844822919,4399.54293922301
5,"WA-Female-Remanded-ATSI",32.6206188615685,33.8025550140083,25.4031403529442,27.6282848138563,20.2350550016517,27.7453834228991,30.5341333105333,29.2195962533981,35.0294511897648,39.2885143106106,42.4687369433056,24.9299004940965,23.2762464741656,35.0355782407301,29.0070745557415,33.2853113132169,35.6114187335176,39.3718173008592,32.1983441730778,34.5989702337607,32.3720172960906,41.4787077062116,47.0665404725929,40.1546467660296,33.167258324495,36.4513803289421,37.7783301650724,32.8271117291014,44.9712889729006,50.1370486871765,54.3039158452389,52.3297831318082,53.7609247096722,55.6794981626066,56.8109830129455,53.5455051302652,53.934943482488,57.4181267201695,68.1990272853015,79.16766533345
5,"WA-Female-Remanded-Non-ATSI",26.288989778735,26.9663069669594,27.9510158187964,21.3293916158215,23.8734464092986,23.9940029352809,22.0944909155621,27.7201523877544,31.797188503491,31.9903892598889,32.9521570196781,38.7134075330204,31.3655194919743,27.2068712770691,27.9624155722831,39.4295683553889,47.5938682343273,34.6441801226897,35.9357510165719,35.9969553980284,27.4263436817418,22.2571411373426,26.7752475343014,29.8471868784375,30.9453710095401,26.234349020364,26.0111052261275,26.9531386985824,34.6186789506077,41.6502172731672,40.0781997550049,44.7667679404403,44.0363352547952,52.575233880763,48.2168091283393,47.0576616044875,39.3818328493036,49.496831063832,52.8339934037756,53.9447458030882
5,"WA-Female-Sentenced-ATSI",115.017478393135,115.000001748369,114.000100030475,99.0015004645146,97.0002002106931,96.0001000503277,100.999499858505,100.000099980271,111.998799646394,118.999299667824,139.997899293634,157.998199244455,151.000700031974,123.00280091844,105.001800825587,105.000000180137,106.999799939417,103.00040010119,118.998399555213,133.998499385399,154.997899213581,148.000700001962,148.000000070021,152.999499848504,142.001100283276,127.00150056457,123.000400271304,115.000800282444,111.000400201255,131.99789940372,149.998199244467,148.000199880471,152.999499868491,156.999599828769,160.999599838768,162.999799899371,164.999799919383,164.999999979986,166.999799939397,173.999299767884
5,"WA-Female-Sentenced-Non-ATSI",95.0075389804238,95.000000755046,101.9992989342,101.999999929787,96.0006009136005,97.999799755647,94.0004005890167,100.999298974244,100.999999929791,98.0003004567967,102.999499268752,102.999999949851,112.998998477316,110.000300356499,97.0013020095643,101.99949936906,114.998697970378,125.998898194652,136.998898214705,155.998096996563,165.998998286731,174.999098529265,179.999499148376,181.999799645303,174.000801198077,179.999399166634,174.000600853433,169.000500821516,171.999699593355,164.000801188057,174.998898405294,186.998798062458,188.999799575087,190.999799675391,182.000901350348,185.999599481201,191.99939904628,196.999499178474,186.001101624789,177.000901480741
5,"WA-Male-Remanded-ATSI",181.809712534443,204.444210426989,173.771633456495,179.985661639114,203.78187063931,228.721364824962,200.164049714693,199.917902910118,236.083624988308,250.766185642508,225.261557764953,263.429852863881,268.415626267776,278.219685315805,271.654316676562,280.224110862114,290.764590085024,284.162020653128,259.934811210746,252.869972255996,286.739017308331,291.708924715066,274.747948602352,267.079572127338,289.21590103528,324.603256632688,323.101219260043,329.027129604988,374.317184004691,401.172929047039,383.072616188298,376.740954870789,389.926156972101,409.372454768756,396.491028714852,375.215003630342,392.659800091521,412.306830611902,401.745347512228,419.530627560585
5,"WA-Male-Remanded-Non-ATSI",305.115624777233,312.974545647168,331.316883273412,335.594226912238,326.419576516124,327.744792353142,336.97132045558,350.112413921401,356.238441914718,368.648086292231,373.887348736824,378.410103685307,387.83118178825,401.632310487881,413.815846815885,434.562327218836,416.161936150922,387.586660096481,404.412075499,404.581564005111,409.852767350416,410.921744675458,447.778203415297,447.738540148941,440.785983906521,453.451382509726,460.532283381339,464.676998879837,467.003899127017,484.165847162478,494.301375724319,510.715725807858,517.068279620974,522.639050779448,540.592992023365,529.681493724033,527.961735979306,527.812096442531,572.244229180905,608.3427765268
5,"WA-Male-Sentenced-ATSI",1056.95843787293,1056.99999583451,1124.99318482259,1070.00551159247,1049.0021052394,1013.00360824587,1051.99609165718,1081.99699291256,1093.99879702033,1099.99939854029,1155.99438744102,1197.99579006347,1222.99749399829,1134.00891961284,1106.0028071433,1160.99448800583,1254.99057846761,1267.99869615426,1287.9979954055,1411.9875721234,1490.99208112235,1478.00130210783,1425.00531195963,1385.00400946002,1314.0071162484,1287.00270673937,1282.00050138723,1279.00030071982,1302.99759467355,1323.99789507192,1365.99579041501,1374.99909756938,1394.99799544573,1381.00140292377,1380.0001003638,1401.99779509986,1398.00040067178,1376.00220495036,1406.99689330207,1404.00030035821
5,"WA-Male-Sentenced-Non-ATSI",1625.27613612795,1581.61634971305,1663.116354295,1577.0901081274,1628.22372680906,1657.99354149785,1633.92487606966,1658.95918785941,1653.62981637771,1553.3938179753,1651.78435513582,1705.08887769209,1758.83614743956,1636.77162166922,1648.71171334113,1671.90166099426,1762.5548445722,1833.22046334714,1943.64246329319,2245.22474694402,2327.5814594358,2348.80978495021,2260.91610372222,2245.05795674905,2161.78122344757,2161.56970703926,2240.9843315847,2235.49298985216,2252.51984225377,2262.31180330459,2296.42855364807,2243.47354483838,2185.98089887888,2214.62325751648,2196.31080625961,2214.68772039411,2217.96798715078,2279.84974610174,2304.1025129283,2345.68997439237
