Level,Description,1,2,3,4,5,6,7,8,9,10,11,12,13,14,15,16,17,18,19,20,21,22,23,24
1,Aggregated,25981.169921875,26588.208984375,26588.208984375,26709.615234375,26466.80078125,26831.0234375,27316.65234375,27559.466796875,27681.287109375,28687.87890625,28939.525390625,29191.173828125,29191.173828125,29694.46875,29191.173828125,28939.525390625,28645.3203125,29185.796875,29185.796875,29456.0390625,29456.0390625,29726.27734375,29726.27734375,29996.517578125
2,ACT,173.13783264160156,160.51319885253906,166.82550048828125,175.84310913085938,186.66421508789062,178.5483856201172,166.82550048828125,175.84310913085938,161.7045440673828,172.1370849609375,163.4433135986328,177.35337829589844,196.47972106933594,212.12855529785156,217.34481811523438,219.08358764648438,234.01759338378906,239.2961883544922,241.05572509765625,239.2961883544922,253.37242126464844,253.37242126464844,253.37242126464844,258.6510009765625
2,NSW,9524.48828125,9658.6357421875,9658.6357421875,9613.919921875,9658.6357421875,9792.7841796875,9971.6484375,9971.6484375,10220.1650390625,10312.2392578125,10312.2392578125,10496.3857421875,10404.3125,10496.3857421875,10588.458984375,10772.6064453125,10054.833984375,10152.453125,10152.453125,10152.453125,10152.453125,10152.453125,10152.453125,10152.453125
2,NT,836.4613647460938,902.6001586914062,859.8045043945312,844.2423706054688,902.6001586914062,910.3812255859375,949.2864379882812,976.5200805664062,1049.10009765625,1090.4031982421875,1090.4031982421875,1090.4031982421875,1106.9244384765625,1123.44580078125,1123.44580078125,1189.53076171875,1184.1484375,1222.972900390625,1222.972900390625,1242.3851318359375,1310.328125,1349.152587890625,1349.152587890625,1368.5648193359375
2,QLD,5634.03466796875,5713.76123046875,5527.73193359375,5474.5810546875,5474.5810546875,5554.3076171875,5634.03466796875,5713.76123046875,5583.0107421875,5636.693359375,5583.0107421875,5583.0107421875,5583.0107421875,5583.0107421875,5583.0107421875,5583.0107421875,5562.888671875,5617.4267578125,5671.96484375,5726.5029296875,5671.96484375,5671.96484375,5671.96484375,5671.96484375
2,SA,1706.5604248046875,1790.740478515625,1813.6986083984375,1844.3095703125,1890.22607421875,1920.8370361328125,1966.75341796875,1936.1424560546875,1936.5933837890625,2003.372314453125,2003.372314453125,2020.067138671875,2053.456787109375,2203.709716796875,2237.09912109375,2253.794189453125,1901.5946044921875,1938.8807373046875,1938.8807373046875,1938.8807373046875,1938.8807373046875,1938.8807373046875,1938.8807373046875,1938.8807373046875
2,TAS,508.3847961425781,531.3770751953125,533.9317626953125,569.6975708007812,521.1582641601562,567.1428833007812,567.1428833007812,564.588134765625,539.8524780273438,529.569580078125,529.569580078125,534.7110595703125,534.7110595703125,534.7110595703125,529.569580078125,524.4281616210938,456.05633544921875,481.1143798828125,526.2188110351562,531.2304077148438,511.18402099609375,521.2072143554688,521.2072143554688,526.2188110351562
2,VIC,4042.420166015625,4133.05712890625,4187.439453125,4259.94921875,4133.05712890625,4187.439453125,4296.2041015625,4368.7138671875,4320.8408203125,4397.99853515625,4436.57763671875,4475.15625,4475.15625,4590.89306640625,4590.89306640625,4668.05078125,4644.01904296875,4728.45556640625,4728.45556640625,4770.673828125,4770.673828125,4855.1103515625,4939.54736328125,5023.98388671875
2,WA,3584.60205078125,3737.500244140625,3856.42041015625,3907.386474609375,3771.477294921875,3737.500244140625,3839.431884765625,3958.352294921875,4008.91796875,4150.82666015625,4328.21240234375,4399.1669921875,4399.1669921875,4541.0751953125,4541.0751953125,4541.0751953125,4644.62255859375,4685.36474609375,4685.36474609375,4726.10693359375,4644.62255859375,4726.10693359375,4726.10693359375,4807.59130859375
3,ACT-Female,9.032258033752441,9.086021423339844,14.032258033752441,15.053763389587402,19.032258987426758,17.90322494506836,18.870967864990234,18.225805282592773,14.01270866394043,17.343597412109375,14.12756633758545,13.553274154663086,15.046431541442871,17.22873878479004,14.931573867797852,15.391006469726562,15.307917594909668,14.780058860778809,17.551319122314453,15.571846961975098,15.967741012573242,17.023460388183594,17.155424118041992,17.68328285217285
3,ACT-Male,163.66323852539062,158.5752716064453,160.27127075195312,161.1192626953125,161.1192626953125,157.72727966308594,162.81524658203125,166.2072296142578,144.52713012695312,154.27052307128906,149.39881896972656,164.01393127441406,167.26173400878906,165.63783264160156,167.26173400878906,164.01393127441406,214.8386993408203,219.72142028808594,218.0938262939453,222.97654724121094,218.0938262939453,234.36949157714844,245.76246643066406,255.52784729003906
3,NSW-Female,687.506103515625,745.0647583007812,741.8670654296875,735.4716796875,751.4601440429688,767.4486694335938,754.6578369140625,770.6463623046875,787.3900146484375,846.4442749023438,866.1290283203125,866.1290283203125,866.1290283203125,866.1290283203125,853.005859375,866.1290283203125,749.4733276367188,777.7554321289062,770.6849365234375,784.825927734375,756.5438232421875,784.825927734375,784.825927734375,784.825927734375
3,NSW-Male,8843.3779296875,8760.3408203125,8843.3779296875,8801.859375,8801.859375,8801.859375,8677.3046875,8843.3779296875,9320.8056640625,9235.29296875,9235.29296875,9064.2685546875,9064.2685546875,9064.2685546875,9064.2685546875,8978.7568359375,9507.669921875,9507.669921875,9417.12109375,9326.572265625,9145.4736328125,9145.4736328125,9326.572265625,9326.572265625
3,NT-Female,35.087364196777344,41.189517974853516,37.999755859375,40.912147521972656,41.88294219970703,40.218719482421875,41.88294219970703,45.76612854003906,46.961143493652344,49.683528900146484,47.64173889160156,50.70442581176758,50.023826599121094,51.3850212097168,53.086509704589844,55.808895111083984,50.094696044921875,55.75757598876953,57.935604095458984,57.5,57.935604095458984,58.37120819091797,60.1136360168457,61.85606002807617
3,NT-Male,754.118408203125,821.6514282226562,821.6514282226562,825.4032592773438,825.4032592773438,844.1624145507812,836.6587524414062,836.6587524414062,1029.6431884765625,1053.4041748046875,1053.4041748046875,1045.48388671875,1045.48388671875,1085.0855712890625,1100.92626953125,1108.8465576171875,1112.4632568359375,1112.4632568359375,1140.2750244140625,1195.8980712890625,1242.250732421875,1251.5213623046875,1232.9801025390625,1260.7918701171875
3,QLD-Female,391.69720458984375,408.247802734375,404.5699157714844,408.247802734375,408.247802734375,410.0867614746094,413.7646789550781,419.2815246582031,431.6440734863281,439.42144775390625,423.86669921875,431.6440734863281,439.42144775390625,447.19879150390625,439.42144775390625,443.31011962890625,404.3817138671875,425.013427734375,429.1397705078125,429.1397705078125,433.26611328125,429.1397705078125,437.3924560546875,437.3924560546875
3,QLD-Male,5219.439453125,5244.17626953125,5343.123046875,5367.859375,5491.54345703125,5417.33349609375,5491.54345703125,5491.54345703125,5228.38134765625,5228.38134765625,5228.38134765625,5178.58740234375,5228.38134765625,5228.38134765625,5178.58740234375,5178.58740234375,5091.58984375,5242.82470703125,5242.82470703125,5293.23681640625,5242.82470703125,5293.23681640625,5293.23681640625,5242.82470703125
3,SA-Female,116.56890869140625,118.9974365234375,119.9688491821289,125.79728698730469,122.3973617553711,121.91165924072266,122.88306427001953,133.08285522460938,130.40321350097656,134.71408081054688,132.55865478515625,136.8695068359375,143.3357696533203,150.8797607421875,147.64663696289062,151.9574737548828,128.74388122558594,128.74388122558594,128.74388122558594,131.1730194091797,128.74388122558594,138.46041870117188,134.8167266845703,136.03128051757812
3,SA-Male,1598.2484130859375,1591.0814208984375,1648.4176025390625,1598.2484130859375,1648.4176025390625,1677.085693359375,1720.087890625,1727.2548828125,1827.1956787109375,1842.812744140625,1827.1956787109375,1811.5787353515625,1842.812744140625,1858.4298095703125,1874.046875,1889.6639404296875,1882.2799072265625,1934.565673828125,1951.994140625,1969.4227294921875,2004.2796630859375,2021.708251953125,2039.13671875,2039.13671875
3,TAS-Female,36.191768646240234,31.646757125854492,35.5184326171875,40.736778259277344,37.3701057434082,39.39011001586914,37.3701057434082,39.55844497680664,33.45509338378906,34.1448860168457,41.73263931274414,45.181617736816406,36.90406799316406,38.28366470336914,38.97345733642578,43.457130432128906,28.186704635620117,40.31769561767578,39.60410690307617,40.31769561767578,38.89052200317383,39.60410690307617,40.31769561767578,43.8856315612793
3,TAS-Male,474.8863830566406,515.4545288085938,513.0681762695312,525.0,522.6136474609375,522.6136474609375,525.0,525.0,503.63818359375,508.4347229003906,513.2312622070312,508.4347229003906,503.63818359375,508.4347229003906,513.2312622070312,513.2312622070312,428.2428894042969,442.2073669433594,470.1362609863281,470.1362609863281,470.1362609863281,470.1362609863281,470.1362609863281,479.44586181640625
3,VIC-Female,250.60116577148438,252.97653198242188,251.78884887695312,255.35189819335938,261.29034423828125,261.29034423828125,261.29034423828125,261.29034423828125,251.0813751220703,255.86387634277344,258.255126953125,260.6463928222656,265.42889404296875,263.03765869140625,260.6463928222656,258.255126953125,324.9755859375,332.9667663574219,340.9579772949219,340.9579772949219,354.276611328125,364.93157958984375,372.92279052734375,375.5865173339844
3,VIC-Male,4285.75927734375,4573.7353515625,4184.12109375,4082.482177734375,4167.18115234375,4251.8798828125,4133.3017578125,4082.482177734375,4089.208251953125,4161.58349609375,4233.958984375,4233.958984375,4233.958984375,4270.146484375,4270.146484375,4270.146484375,4390.56298828125,4469.671875,4469.671875,4469.671875,4469.671875,4469.671875,4548.78125,4548.78125
3,WA-Female,301.9061584472656,295.616455078125,276.747314453125,280.5211486816406,295.616455078125,294.3584899902344,294.3584899902344,286.81085205078125,312.5824890136719,331.6092529296875,361.5084228515625,377.81707763671875,380.5351867675781,396.8438415527344,399.5619201660156,399.5619201660156,387.57879638671875,407.12060546875,413.634521484375,423.4054260253906,436.4332580566406,455.9750671386719,455.9750671386719,465.7459716796875
3,WA-Male,3334.906982421875,3460.7529296875,3460.7529296875,3492.214111328125,3460.7529296875,3492.214111328125,3492.214111328125,3460.7529296875,3701.771728515625,3865.56689453125,4127.63916015625,4225.91650390625,4291.4345703125,4291.4345703125,4258.67529296875,4225.91650390625,4310.81396484375,4385.7841796875,4310.81396484375,4423.26953125,4423.26953125,4535.7255859375,4610.69677734375,4573.21142578125
4,ACT-Female-Remanded,7.609971046447754,8.42375373840332,7.741935729980469,7.2580647468566895,8.291789054870605,8.42375373840332,9.831378936767578,10.77712631225586,9.678641319274902,8.645527839660645,9.678641319274902,7.775537490844727,7.231793403625488,10.603005409240723,8.047410011291504,7.884286403656006,7.313049793243408,6.686216831207275,6.895161151885986,5.711143970489502,7.870234966278076,7.800586700439453,6.895161151885986,6.755865097045898
4,ACT-Female-Sentenced,5.782013416290283,5.940860271453857,6.06793737411499,6.830400466918945,6.608015537261963,7.021017074584961,7.21163272857666,6.322092056274414,6.35080623626709,7.5,7.258064270019531,6.895161151885986,6.108870983123779,7.258064270019531,6.048387050628662,5.8669352531433105,6.792522430419922,8.973607063293457,5.359237194061279,4.6114373207092285,6.667888164520264,7.415688991546631,6.356305122375488,6.0447211265563965
4,ACT-Male-Remanded,56.209678649902344,57.412025451660156,58.0131950378418,58.0131950378418,61.92082214355469,62.52199172973633,65.2272720336914,63.72433853149414,98.33211517333984,98.33211517333984,103.57648468017578,102.92094421386719,95.70991516113281,97.0210189819336,94.3988265991211,92.43218231201172,90.3739013671875,94.67741394042969,90.3739013671875,91.09115600585938,91.09115600585938,96.11192321777344,100.41544342041016,98.26368713378906
4,ACT-Male-Sentenced,106.74486541748047,107.29227447509766,105.1026382446289,103.46041107177734,104.00782012939453,104.55522918701172,106.74486541748047,103.46041107177734,86.18341064453125,91.99352264404297,97.80364227294922,98.7719955444336,103.61375427246094,105.55046844482422,107.48717498779297,107.48717498779297,135.63661193847656,139.27786254882812,143.8294219970703,143.8294219970703,146.56036376953125,151.11192321777344,147.47067260742188,147.47067260742188
4,NSW-Female-Remanded,211.14370727539062,202.69793701171875,201.759521484375,201.759521484375,195.19061279296875,194.252197265625,197.06744384765625,192.3753662109375,214.247314453125,216.1950225830078,212.29962158203125,210.35189819335938,220.09042358398438,225.93353271484375,223.98582458496094,223.98582458496094,197.71261596679688,203.89112854003906,203.89112854003906,201.8316192626953,208.01014709472656,216.2481689453125,214.18865966796875,216.2481689453125
4,NSW-Female-Sentenced,503.8208923339844,515.1173095703125,490.26513671875,503.8208923339844,488.0058288574219,499.30230712890625,506.0801696777344,503.8208923339844,539.8240356445312,539.8240356445312,539.8240356445312,539.8240356445312,539.8240356445312,544.4379272460938,539.8240356445312,535.2101440429688,546.19873046875,566.24267578125,561.231689453125,561.231689453125,561.231689453125,571.253662109375,556.220703125,556.220703125
4,NSW-Male-Remanded,2238.895263671875,2171.632568359375,2171.632568359375,2142.805419921875,2142.805419921875,2085.1513671875,2142.805419921875,2171.632568359375,2378.760498046875,2420.130126953125,2399.4453125,2378.760498046875,2378.760498046875,2420.130126953125,2378.760498046875,2399.4453125,2377.28125,2354.200927734375,2331.12060546875,2354.200927734375,2377.28125,2377.28125,2377.28125,2400.361572265625
4,NSW-Male-Sentenced,7020.02734375,7115.7548828125,6924.298828125,6796.662109375,6637.1162109375,6732.84375,6732.84375,6669.025390625,6806.845703125,6806.845703125,6742.0185546875,6806.845703125,6806.845703125,6871.67236328125,6806.845703125,6806.845703125,7084.22802734375,7151.69677734375,7084.22802734375,7084.22802734375,7084.22802734375,7151.69677734375,7084.22802734375,7084.22802734375
4,NT-Female-Remanded,10.109970092773438,10.931084632873535,9.853372573852539,9.391495704650879,10.931084632873535,10.212610244750977,12.727272987365723,12.727272987365723,13.870967864990234,13.76344108581543,10.322580337524414,13.118280410766602,15.591397285461426,14.408601760864258,12.258064270019531,11.720430374145508,14.974950790405273,16.625732421875,12.262951850891113,14.38538646697998,15.210777282714844,15.564516067504883,14.14955997467041,14.73912525177002
4,NT-Female-Sentenced,24.98655891418457,22.802419662475586,23.938173294067383,23.32661247253418,25.59811782836914,26.384408950805664,25.772850036621094,25.423385620117188,30.958576202392578,32.122432708740234,31.191347122192383,32.35520553588867,33.28628921508789,36.31231689453125,39.338340759277344,39.57111358642578,36.852394104003906,37.80547332763672,34.628543853759766,32.404693603515625,38.7585563659668,40.029327392578125,38.123165130615234,37.4877815246582
4,NT-Male-Remanded,177.60081481933594,190.2364501953125,181.81268310546875,180.40872192382812,184.62059020996094,189.5344696044922,188.1304931640625,186.72653198242188,222.93988037109375,224.52101135253906,226.10214233398438,219.77761840820312,218.1964874267578,224.52101135253906,224.52101135253906,218.1964874267578,250.6634979248047,260.93658447265625,260.93658447265625,258.8819580078125,258.8819580078125,265.0458068847656,269.1550598144531,271.20965576171875
4,NT-Male-Sentenced,640.4691772460938,609.970703125,625.219970703125,628.269775390625,622.1701049804688,616.0703735351562,622.1701049804688,658.768310546875,729.0078125,741.6862182617188,754.3645629882812,754.3645629882812,741.6862182617188,748.025390625,741.6862182617188,741.6862182617188,858.6931762695312,880.3409423828125,873.1249389648438,851.4772338867188,837.0454711914062,858.6931762695312,851.4772338867188,837.0454711914062
4,QLD-Female-Remanded,94.66336822509766,98.72618103027344,97.50732421875,93.03824615478516,92.2256851196289,92.2256851196289,95.4759292602539,95.4759292602539,95.26209259033203,104.33467864990234,102.5201644897461,94.3548355102539,97.07660675048828,106.1491928100586,102.5201644897461,96.16934967041016,78.92961883544922,78.92961883544922,91.14491271972656,88.32600402832031,94.90347290039062,100.54129791259766,94.90347290039062,96.78274536132812
4,QLD-Female-Sentenced,323.7842102050781,323.7842102050781,323.7842102050781,325.2168884277344,323.7842102050781,325.2168884277344,329.514892578125,330.94757080078125,354.7898254394531,354.7898254394531,351.80841064453125,351.80841064453125,351.80841064453125,354.7898254394531,357.771240234375,354.7898254394531,331.4173889160156,340.9775085449219,331.4173889160156,334.6040954589844,344.1642150878906,356.9110412597656,356.9110412597656,350.53765869140625
4,QLD-Male-Remanded,1183.9541015625,1163.541015625,1158.4378662109375,1153.3345947265625,1148.2313232421875,1158.4378662109375,1189.0572509765625,1163.541015625,1076.27197265625,1108.240478515625,1086.9281005859375,1086.9281005859375,1108.240478515625,1108.240478515625,1097.5843505859375,1108.240478515625,1093.858154296875,1126.3489990234375,1115.5186767578125,1126.3489990234375,1137.17919921875,1137.17919921875,1137.17919921875,1137.17919921875
4,QLD-Male-Sentenced,4260.4541015625,4260.4541015625,4123.0205078125,4005.219970703125,4064.1201171875,4083.753662109375,4005.219970703125,3946.31982421875,4109.48486328125,4109.48486328125,4109.48486328125,4070.346923828125,4070.346923828125,4148.62255859375,4109.48486328125,4109.48486328125,4116.47607421875,4156.0576171875,4116.47607421875,4116.47607421875,4116.47607421875,4156.0576171875,4156.0576171875,4116.47607421875
4,SA-Female-Remanded,39.58944320678711,38.79765319824219,40.38123321533203,38.79765319824219,38.20381164550781,39.58944320678711,38.995601654052734,39.98533630371094,55.58284378051758,56.99596405029297,52.285560607910156,51.814517974853516,53.22764205932617,59.351173400878906,59.351173400878906,58.88013458251953,49.4886360168457,46.29582214355469,45.7636833190918,51.085044860839844,55.874263763427734,56.406402587890625,57.470672607421875,56.93853759765625
4,SA-Female-Sentenced,62.443180084228516,64.16972351074219,61.8676643371582,62.15542221069336,64.16972351074219,63.59421157836914,61.8676643371582,61.8676643371582,63.70051193237305,70.3739013671875,69.76722717285156,63.093841552734375,69.16056060791016,70.3739013671875,71.58724212646484,72.19391632080078,79.16178131103516,79.84420776367188,77.79692077636719,74.38478088378906,79.16178131103516,85.98606872558594,85.98606872558594,85.98606872558594
4,SA-Male-Remanded,552.4932861328125,540.4301147460938,538.0175170898438,538.0175170898438,538.0175170898438,545.25537109375,547.6680297851562,538.0175170898438,592.2006225585938,602.6820678710938,581.71923828125,581.71923828125,581.71923828125,592.2006225585938,586.9599609375,586.9599609375,621.8303833007812,639.4293823242188,633.56298828125,621.8303833007812,633.56298828125,651.1620483398438,651.1620483398438,645.2957153320312
4,SA-Male-Sentenced,1131.546875,1098.26611328125,1131.546875,1131.546875,1131.546875,1155.3189697265625,1188.5997314453125,1174.3365478515625,1224.4085693359375,1255.53759765625,1214.0322265625,1203.6558837890625,1203.6558837890625,1224.4085693359375,1224.4085693359375,1224.4085693359375,1248.7169189453125,1248.7169189453125,1248.7169189453125,1260.279296875,1271.8414306640625,1294.9658203125,1294.9658203125,1318.0902099609375
4,TAS-Female-Remanded,9.863755226135254,10.999894142150879,10.535110473632812,9.863755226135254,10.22525405883789,10.276897430419922,10.121969223022461,9.450613975524902,8.340919494628906,10.62474250793457,10.128259658813477,10.525445938110352,11.717005729675293,11.319819450378418,9.631775856018066,9.830368995666504,7.8934502601623535,10.307918548583984,9.007820129394531,8.357770919799805,11.050830841064453,12.165200233459473,9.286413192749023,9.286413192749023
4,TAS-Female-Sentenced,25.088586807250977,26.488880157470703,26.022117614746094,25.67204475402832,26.13880729675293,26.022117614746094,28.939393997192383,28.939393997192383,25.051319122314453,25.788122177124023,29.717741012573242,30.94574737548828,31.68255043029785,35.120967864990234,34.8753662109375,35.61216735839844,26.392963409423828,32.19941329956055,29.824047088623047,30.615835189819336,28.240467071533203,29.824047088623047,30.879764556884766,31.407623291015625
4,TAS-Male-Remanded,113.75244140625,116.92693328857422,117.45601654052734,115.33969116210938,114.81060028076172,113.22335815429688,112.69427490234375,108.99071502685547,104.52957153320312,111.77418518066406,108.66934967041016,105.56451416015625,110.73924255371094,116.94892883300781,115.91397857666016,114.87903594970703,79.65542602539062,92.28372192382812,96.16934967041016,94.2265396118164,100.05498504638672,104.91201782226562,107.82624816894531,103.94061279296875
4,TAS-Male-Sentenced,414.17401123046875,410.4594421386719,412.3167419433594,408.6021728515625,414.17401123046875,416.0312805175781,419.745849609375,419.745849609375,406.2536315917969,410.0152893066406,421.30010986328125,417.53851318359375,413.7768859863281,425.06170654296875,421.30010986328125,421.30010986328125,357.2904357910156,368.3406677246094,372.0240783691406,368.3406677246094,383.07427978515625,386.7576904296875,383.07427978515625,386.7576904296875
4,VIC-Female-Remanded,48.69990158081055,49.477027893066406,50.5131950378418,52.06745147705078,55.17594909667969,54.398826599121094,55.95307540893555,56.98925018310547,62.792030334472656,62.25989532470703,63.32416534423828,61.727760314941406,62.25989532470703,64.38843536376953,60.13135528564453,56.93853759765625,70.13685607910156,69.51063537597656,65.7532958984375,66.3795166015625,68.25819396972656,73.26795959472656,76.39907836914062,74.52040100097656
4,VIC-Female-Sentenced,208.01564025878906,216.3734130859375,208.9442901611328,208.01564025878906,208.01564025878906,205.22972106933594,208.01564025878906,213.58749389648438,182.19329833984375,184.0524139404297,185.9115447998047,185.9115447998047,182.19329833984375,191.48887634277344,195.2071075439453,193.34799194335938,248.57650756835938,256.7265319824219,250.614013671875,246.53897094726562,246.53897094726562,252.65151977539062,256.7265319824219,256.7265319824219
4,VIC-Male-Remanded,690.6525268554688,690.6525268554688,690.6525268554688,681.5249633789062,690.6525268554688,681.5249633789062,687.6099853515625,690.6525268554688,787.4340209960938,794.1641845703125,780.7037963867188,780.7037963867188,780.7037963867188,780.7037963867188,780.7037963867188,773.9736328125,776.3782958984375,798.7738037109375,806.2389526367188,798.7738037109375,806.2389526367188,828.6345825195312,836.0997314453125,813.7042236328125
4,VIC-Male-Sentenced,3099.084228515625,3099.084228515625,3099.084228515625,3099.084228515625,3057.392578125,3099.084228515625,3071.289794921875,3099.084228515625,3328.695068359375,3417.0673828125,3417.0673828125,3387.60986328125,3417.0673828125,3446.52490234375,3417.0673828125,3417.0673828125,3626.107177734375,3658.196533203125,3658.196533203125,3658.196533203125,3690.285888671875,3690.285888671875,3690.285888671875,3658.196533203125
4,WA-Female-Remanded,71.38806915283203,71.65444946289062,70.58895111083984,66.59335327148438,63.92961502075195,67.1260986328125,68.99071502685547,71.12169647216797,80.58101654052734,76.9996337890625,84.16239166259766,82.96859741210938,82.3717041015625,88.34066772460938,85.95307922363281,87.14686584472656,63.57771301269531,63.57771301269531,67.55132293701172,64.9022445678711,70.86265563964844,75.49853515625,68.8758544921875,68.8758544921875
4,WA-Female-Sentenced,231.03555297851562,231.03555297851562,237.97653198242188,239.9596710205078,235.0018310546875,231.03555297851562,240.95126342773438,238.9680938720703,239.6969757080078,241.8181915283203,254.54544067382812,248.1818084716797,254.54544067382812,267.2727355957031,258.78790283203125,258.78790283203125,326.93182373046875,321.742431640625,321.742431640625,326.93182373046875,326.93182373046875,334.7159118652344,334.7159118652344,334.7159118652344
4,WA-Male-Remanded,596.0233154296875,580.6751098632812,578.1170654296875,555.0946655273438,588.3492431640625,555.0946655273438,580.6751098632812,578.1170654296875,670.4912109375,676.2218627929688,659.02978515625,659.02978515625,664.760498046875,670.4912109375,676.2218627929688,687.6832275390625,712.3656005859375,731.7937622070312,718.8416748046875,725.3176879882812,738.269775390625,744.745849609375,738.269775390625,738.269775390625
4,WA-Male-Sentenced,2858.4658203125,2858.4658203125,2818.94775390625,2832.120361328125,2805.775146484375,2779.429931640625,2832.120361328125,2792.6025390625,3027.175048828125,3054.203369140625,3027.175048828125,3081.231689453125,3108.260009765625,3135.288330078125,3081.231689453125,3081.231689453125,3566.06787109375,3628.08642578125,3597.0771484375,3597.0771484375,3597.0771484375,3659.095703125,3597.0771484375,3597.0771484375
5,ACT-Female-Remanded-ATSI,0.22482892870903015,1.0019550323486328,1.0019550323486328,0.8357771039009094,1.0019550323486328,1.3367546796798706,1.1461387872695923,1.3367546796798706,1.7888562679290771,2.0136852264404297,1.1925709247589111,0.8113391995429993,1.0068426132202148,1.5347018241882324,0.8993157148361206,1.7888562679290771,1.1100928783416748,1.0538856983184814,1.0960410833358765,1.1522482633590698,1.1663000583648682,1.1100928783416748,1.0538856983184814,1.0960410833358765
5,ACT-Female-Remanded-Non-ATSI,6.021505355834961,4.281525135040283,3.5777125358581543,4.027370452880859,6.021505355834961,4.027370452880859,4.027370452880859,5.3567938804626465,6.422287464141846,6.868279457092285,5.574902534484863,5.931695938110352,5.530303001403809,5.8424973487854,5.530303001403809,5.262707710266113,6.560361385345459,6.89393949508667,6.782747268676758,6.949535846710205,6.560361385345459,6.449169158935547,6.2823805809021,6.059995651245117
5,ACT-Female-Sentenced-ATSI,0.625,0.06292766332626343,0.2504887580871582,0.06292766332626343,0.625,0.625,0.625,0.625,1.0019550323486328,1.0019550323486328,1.2536656856536865,0.5034213066101074,1.0019550323486328,1.0019550323486328,1.0019550323486328,0.8015640377998352,1.0080645084381104,0.9591886401176453,0.9164223074913025,1.1180351972579956,0.6292766332626343,0.5620723366737366,0.5620723366737366,0.5620723366737366
5,ACT-Female-Sentenced-Non-ATSI,5.2969207763671875,5.483870983123779,6.1070380210876465,6.1070380210876465,5.577345848083496,6.1381964683532715,5.982404708862305,5.857771396636963,5.3977274894714355,4.759286403656006,4.527125835418701,4.875366687774658,4.759286403656006,4.585165977478027,4.817326545715332,4.759286403656006,5.452101707458496,5.789344787597656,4.946236610412598,4.777614593505859,5.789344787597656,5.789344787597656,5.227272987365723,4.777614593505859
5,ACT-Male-Remanded-ATSI,7.436461448669434,7.76881742477417,7.76881742477417,8.22580623626709,8.641250610351562,8.599706649780273,8.391984939575195,8.890518188476562,14.728738784790039,13.022360801696777,13.022360801696777,12.124267578125,13.291789054870605,13.20197868347168,12.75293254852295,12.75293254852295,16.7430362701416,16.99108123779297,14.758674621582031,14.882697105407715,15.254765510559082,15.750855445861816,14.51063060760498,15.254765510559082
5,ACT-Male-Remanded-Non-ATSI,54.916908264160156,54.398826599121094,55.95307540893555,55.17594909667969,56.212120056152344,56.47116470336914,53.880741119384766,51.031280517578125,81.46627044677734,83.16348266601562,82.59774780273438,82.03201293945312,78.63758850097656,79.76905822753906,79.20332336425781,76.3746337890625,63.47568130493164,67.62830352783203,68.22152709960938,71.18768310546875,75.34030151367188,78.30644989013672,76.5267562866211,78.8996810913086
5,ACT-Male-Sentenced-ATSI,9.78494644165039,9.308405876159668,6.036168098449707,5.559628486633301,6.9574785232543945,6.226783752441406,6.671554088592529,7.1163249015808105,7.603860855102539,8.845308303833008,9.233260154724121,9.621212005615234,10.552297592163086,10.629887580871582,10.241934776306152,10.47470760345459,17.967985153198242,17.22812843322754,16.593963623046875,14.90285873413086,15.748412132263184,15.642718315124512,16.911046981811523,15.537022590637207
5,ACT-Male-Sentenced-Non-ATSI,96.94037628173828,101.06549072265625,100.03421020507812,97.45601654052734,100.03421020507812,97.97164916992188,97.45601654052734,95.39344787597656,70.37023162841797,77.496337890625,83.73167419433594,89.07624816894531,88.18547821044922,91.74853515625,91.74853515625,91.74853515625,119.88819885253906,121.4974365234375,115.06048583984375,117.47433471679688,114.25586700439453,115.86509704589844,113.45124816894531,111.03739166259766
5,NSW-Female-Remanded-ATSI,57.53299331665039,55.43132781982422,53.85508346557617,53.066959381103516,55.16862106323242,55.16862106323242,54.380496978759766,52.80425262451172,56.42228698730469,55.879764556884766,56.96480941772461,57.507328033447266,58.04985046386719,60.76246643066406,59.67742156982422,60.76246643066406,52.2605094909668,55.59628677368164,56.15224838256836,57.82013702392578,57.26417541503906,57.82013702392578,58.93206024169922,60.599952697753906
5,NSW-Female-Remanded-Non-ATSI,154.73728942871094,154.06158447265625,154.73728942871094,152.03445434570312,154.73728942871094,157.44012451171875,152.71017456054688,155.41299438476562,144.73362731933594,148.94915771484375,144.73362731933594,147.5439910888672,144.73362731933594,148.94915771484375,150.35433959960938,153.1647186279297,145.84371948242188,150.35435485839844,150.35435485839844,150.35435485839844,151.85789489746094,154.86497497558594,154.86497497558594,156.36851501464844
5,NSW-Female-Sentenced-ATSI,147.27700805664062,150.5791778564453,149.25831604003906,149.9187469482422,149.9187469482422,151.90005493164062,154.5417938232422,151.90005493164062,156.83285522460938,161.03372192382812,154.0322723388672,158.23313903808594,161.03372192382812,165.23460388183594,165.23460388183594,168.03518676757812,151.05938720703125,152.60079956054688,154.14222717285156,152.60079956054688,154.14222717285156,161.84933471679688,164.9321746826172,161.84933471679688
5,NSW-Female-Sentenced-Non-ATSI,340.5553283691406,364.5381164550781,361.3404235839844,364.5381164550781,364.5381164550781,388.5209045410156,383.7243347167969,383.7243347167969,379.20330810546875,375.9897155761719,385.6304931640625,382.4169006347656,385.6304931640625,385.6304931640625,382.4169006347656,385.6304931640625,405.94024658203125,405.94024658203125,405.94024658203125,409.4098205566406,416.3489685058594,433.6968688964844,430.227294921875,437.16644287109375
5,NSW-Male-Remanded-ATSI,407.50244140625,435.8504638671875,400.41546630859375,426.9916687011719,428.763427734375,428.763427734375,437.6221923828125,446.48095703125,440.31524658203125,436.5194396972656,436.5194396972656,440.31524658203125,444.1110534667969,447.9068908691406,455.4985046386719,455.4985046386719,435.1173095703125,435.1173095703125,439.4684753417969,443.81964111328125,448.1708068847656,456.8731689453125,461.2243347167969,474.27789306640625
5,NSW-Male-Remanded-Non-ATSI,1794.728759765625,1716.3564453125,1771.217041015625,1700.6817626953125,1763.3797607421875,1755.5426025390625,1739.8680419921875,1771.217041015625,1891.5738525390625,1925.3519287109375,1908.462890625,1959.1300048828125,1959.1300048828125,1992.9080810546875,2009.797119140625,2026.6861572265625,1929.1104736328125,1891.6519775390625,1891.6519775390625,1891.6519775390625,1891.6519775390625,1947.839599609375,2022.7564697265625,2022.7564697265625
5,NSW-Male-Sentenced-ATSI,1503.6790771484375,1509.9705810546875,1503.6790771484375,1472.221435546875,1484.804443359375,1535.136962890625,1541.428466796875,1598.0523681640625,1465.689208984375,1504.94873046875,1531.1217041015625,1544.2081298828125,1570.3812255859375,1596.5543212890625,1596.5543212890625,1609.640869140625,1619.0323486328125,1619.0323486328125,1633.4879150390625,1647.943603515625,1633.4879150390625,1662.399169921875,1676.8548583984375,1662.399169921875
5,NSW-Male-Sentenced-Non-ATSI,5379.71044921875,5405.328125,5430.94580078125,5430.94580078125,5277.23974609375,5456.56298828125,5328.47509765625,5277.23974609375,5432.76220703125,5536.2431640625,5536.2431640625,5639.724609375,5743.2060546875,5846.68701171875,5898.42724609375,6001.90869140625,5407.34619140625,5460.359375,5354.3330078125,5354.3330078125,5460.359375,5513.37255859375,5884.46484375,5990.4912109375
5,NT-Female-Remanded-ATSI,7.903225421905518,9.47580623626709,8.02419376373291,7.661290168762207,9.032258033752441,8.306451797485352,8.306451797485352,9.47580623626709,12.483504295349121,12.842741966247559,11.765028953552246,12.483504295349121,12.75293254852295,13.11216926574707,13.471407890319824,10.866934776306152,11.454057693481445,11.664223670959473,12.925220489501953,13.345552444458008,13.450634956359863,14.291300773620605,13.765884399414062,13.450634956359863
5,NT-Female-Remanded-Non-ATSI,1.0117301940917969,3.0131964683532715,2.012463331222534,2.012463331222534,2.5403225421905518,2.408357858657837,2.012463331222534,2.012463331222534,2.1615347862243652,1.647727370262146,1.4705523252487183,1.3996822834014893,1.4705523252487183,1.3819648027420044,1.4528348445892334,1.3819648027420044,1.064882755279541,1.5652493238449097,1.1803518533706665,1.0135630369186401,1.3214809894561768,1.1803518533706665,1.064882755279541,1.0520528554916382
5,NT-Female-Sentenced-ATSI,13.328445434570312,13.328445434570312,12.958210945129395,10.675098419189453,12.834799766540527,12.834799766540527,12.156035423278809,13.266738891601562,26.58357810974121,25.5058650970459,24.787389755249023,25.32624626159668,25.5058650970459,26.22433853149414,25.685483932495117,26.22433853149414,29.879032135009766,30.900535583496094,28.60215187072754,27.836023330688477,29.3682804107666,28.857526779174805,29.623655319213867,29.112903594970703
5,NT-Female-Sentenced-Non-ATSI,6.337976932525635,6.03005838394165,4.490469455718994,4.439149856567383,5.285923957824707,4.6957478523254395,5.106305122375488,5.61950159072876,6.64406156539917,6.64406156539917,5.634163856506348,5.740468978881836,5.793622016906738,6.006231784820557,5.474706649780273,5.527859210968018,6.667888164520264,6.667888164520264,6.41862154006958,6.2316718101501465,6.543254852294922,7.0417890548706055,6.667888164520264,6.730205059051514
5,NT-Male-Remanded-ATSI,136.54937744140625,138.22825622558594,135.4300994873047,136.54937744140625,134.87046813964844,138.7878875732422,137.10899353027344,135.4300994873047,170.881591796875,170.881591796875,173.4512481689453,170.881591796875,170.881591796875,174.73606872558594,170.881591796875,174.73606872558594,221.85482788085938,221.85482788085938,221.85482788085938,225.24192810058594,225.24192810058594,226.9354705810547,223.5483856201172,232.01612854003906
5,NT-Male-Remanded-Non-ATSI,26.05021858215332,25.765518188476562,25.480815887451172,25.05376434326172,24.911413192749023,25.623167037963867,25.480815887451172,24.769062042236328,45.92802810668945,46.816959381103516,46.22433853149414,44.15017318725586,42.96493148803711,42.96493148803711,41.48338317871094,41.48338317871094,42.245235443115234,41.523094177246094,42.96737289428711,42.60630416870117,44.05058670043945,45.1338005065918,44.411659240722656,43.68951416015625
5,NT-Male-Sentenced-ATSI,511.2243347167969,523.6326904296875,541.0044555664062,538.522705078125,538.522705078125,573.26611328125,543.486083984375,555.8944702148438,586.0563354492188,596.4290161132812,601.6153564453125,601.6153564453125,596.4290161132812,611.988037109375,606.8016967773438,611.988037109375,704.5631713867188,710.4838256835938,704.5631713867188,710.4838256835938,716.404541015625,728.2459716796875,716.404541015625,728.2459716796875
5,NT-Male-Sentenced-Non-ATSI,113.63636779785156,117.61363220214844,114.7727279663086,114.7727279663086,111.93181610107422,117.04545593261719,115.90908813476562,112.5,122.20307159423828,118.74449920654297,117.59164428710938,118.74449920654297,119.8973617553711,117.59164428710938,119.8973617553711,118.74449920654297,154.1300048828125,159.31085205078125,161.90127563476562,160.60606384277344,163.1964874267578,163.1964874267578,163.1964874267578,163.1964874267578
5,QLD-Female-Remanded-ATSI,30.106304168701172,28.122554779052734,27.072336196899414,25.67204475402832,25.67204475402832,26.13880729675293,24.738513946533203,24.621822357177734,28.592374801635742,29.142227172851562,29.142227172851562,31.066715240478516,33.26612854003906,33.815982818603516,32.441349029541016,31.341642379760742,34.585777282714844,36.76686096191406,35.52052688598633,35.208946228027344,37.70161056518555,38.32478332519531,36.14369583129883,36.14369583129883
5,QLD-Female-Remanded-Non-ATSI,68.34310913085938,70.94941711425781,70.65982818603516,70.94941711425781,70.08064270019531,73.26612854003906,73.26612854003906,69.21187591552734,63.23313903808594,67.0271224975586,67.0271224975586,67.0271224975586,67.0271224975586,71.45344543457031,67.65945434570312,68.29178619384766,54.64076232910156,61.54936218261719,62.805477142333984,65.94574737548828,64.68963623046875,67.82991027832031,69.71408081054688,70.34213256835938
5,QLD-Female-Sentenced-ATSI,92.55620574951172,91.75830841064453,87.7688217163086,88.16777038574219,91.75830841064453,90.96041107177734,86.57196807861328,85.7740707397461,86.70087432861328,90.71481323242188,86.70087432861328,92.32038116455078,94.7287368774414,94.7287368774414,96.33430480957031,101.15103149414062,107.98571014404297,110.6195068359375,110.6195068359375,109.74156951904297,110.6195068359375,113.2532958984375,110.6195068359375,109.74156951904297
5,QLD-Female-Sentenced-Non-ATSI,233.6217041015625,247.0601043701172,236.72286987304688,248.0938262939453,249.12754821777344,243.9589385986328,247.0601043701172,236.72286987304688,267.9728698730469,274.5087890625,272.3301696777344,270.1515197753906,270.1515197753906,276.68743896484375,272.3301696777344,276.68743896484375,221.64222717285156,223.9510040283203,226.259765625,230.8773193359375,230.8773193359375,230.8773193359375,230.8773193359375,233.18609619140625
5,QLD-Male-Remanded-ATSI,268.8306579589844,274.7782287597656,265.2621154785156,268.8306579589844,272.3992004394531,279.5362854003906,286.6733703613281,290.241943359375,274.1129150390625,274.1129150390625,274.1129150390625,287.4193420410156,292.741943359375,300.7257995605469,295.4032287597656,298.06451416015625,316.73388671875,319.61328125,316.73388671875,325.3720703125,331.130859375,339.76904296875,339.76904296875,339.76904296875
5,QLD-Male-Remanded-Non-ATSI,907.986328125,943.2098999023438,947.1235961914062,923.6412353515625,943.2098999023438,978.4335327148438,947.1235961914062,947.1235961914062,807.481689453125,807.481689453125,799.48681640625,799.48681640625,807.481689453125,807.481689453125,807.481689453125,807.481689453125,795.0880126953125,803.0388793945312,803.0388793945312,818.9406127929688,810.98974609375,810.98974609375,810.98974609375,842.793212890625
5,QLD-Male-Sentenced-ATSI,1087.5201416015625,1139.5546875,1118.7408447265625,1155.1650390625,1129.147705078125,1238.4200439453125,1217.6063232421875,1228.01318359375,1056.5799560546875,1046.2213134765625,1046.2213134765625,1056.5799560546875,1066.9384765625,1077.297119140625,1046.2213134765625,1046.2213134765625,1238.4573974609375,1249.4171142578125,1238.4573974609375,1249.4171142578125,1249.4171142578125,1238.4573974609375,1260.376953125,1271.3367919921875
5,QLD-Male-Sentenced-Non-ATSI,3030.296875,3160.1669921875,3102.44677734375,3073.586669921875,3059.15673828125,3088.016845703125,3102.44677734375,3030.296875,2993.0498046875,2964.2705078125,2906.7119140625,2964.2705078125,2964.2705078125,2993.0498046875,3079.3876953125,3136.946533203125,2862.170166015625,2862.170166015625,2862.170166015625,2862.170166015625,2890.791748046875,2919.41357421875,2948.03515625,3005.278564453125
5,SA-Female-Remanded-ATSI,8.728616714477539,9.840542793273926,9.729350090026855,8.673020362854004,9.17338752746582,10.17411994934082,9.56256103515625,9.56256103515625,13.146382331848145,13.270404815673828,12.898338317871094,13.022360801696777,13.270404815673828,13.270404815673828,13.270404815673828,13.394427299499512,15.417277336120605,15.267595291137695,14.818548202514648,15.866324424743652,17.81219482421875,17.81219482421875,16.016006469726562,15.866324424743652
5,SA-Female-Remanded-Non-ATSI,34.30657196044922,32.74071502685547,31.886608123779297,30.32074737548828,30.89015007019043,30.463096618652344,31.03250503540039,30.89015007019043,41.29520797729492,40.94818878173828,39.21310043334961,39.21310043334961,40.254154205322266,40.94818878173828,41.64222717285156,40.94818878173828,37.48044967651367,39.0102653503418,38.245357513427734,38.245357513427734,38.627811431884766,40.157623291015625,40.157623291015625,40.540077209472656
5,SA-Female-Sentenced-ATSI,15.449657440185547,14.450757026672363,14.184383392333984,14.517352104187012,14.450757026672363,13.78482437133789,14.384163856506348,14.717131614685059,12.826857566833496,13.096896171569824,12.96187686920166,13.771994590759277,13.501955032348633,13.636974334716797,13.366934776306152,13.771994590759277,21.70088005065918,22.140762329101562,20.967741012573242,20.52785873413086,18.768327713012695,17.595306396484375,18.18181800842285,18.621700286865234
5,SA-Female-Sentenced-Non-ATSI,48.877079010009766,46.444278717041016,45.780792236328125,44.67497634887695,45.11730194091797,44.67497634887695,44.45381164550781,44.0114860534668,50.93841552734375,51.410072326660156,50.93841552734375,52.35337448120117,51.88172149658203,55.183284759521484,53.29667663574219,53.29667663574219,57.8665657043457,56.79496383666992,57.33076477050781,58.938175201416016,58.938175201416016,57.8665657043457,57.8665657043457,56.79496383666992
5,SA-Male-Remanded-ATSI,117.80181121826172,110.59994506835938,111.6287841796875,109.05669403076172,111.6287841796875,111.6287841796875,110.59994506835938,111.6287841796875,161.40762329101562,163.91006469726562,162.65884399414062,160.15640258789062,163.91006469726562,171.4174041748047,168.9149627685547,165.16128540039062,188.44818115234375,191.64222717285156,196.43328857421875,196.43328857421875,199.6273193359375,202.8213653564453,202.8213653564453,201.22434997558594
5,SA-Male-Remanded-Non-ATSI,430.8950500488281,444.18255615234375,427.0986022949219,432.79327392578125,455.57183837890625,465.0629577636719,455.57183837890625,453.6736145019531,434.8546142578125,446.8230895996094,446.8230895996094,438.8441162109375,446.8230895996094,458.7915344238281,458.7915344238281,450.81256103515625,426.93060302734375,435.4692077636719,431.1999206542969,431.1999206542969,431.1999206542969,448.2771301269531,465.3543701171875,452.5464172363281
5,SA-Male-Sentenced-ATSI,187.36375427246094,193.96688842773438,194.79226684570312,192.31610107421875,197.26844787597656,199.74461364746094,198.91921997070312,192.31610107421875,233.18182373046875,235.06231689453125,233.18182373046875,235.06231689453125,240.7038116455078,246.34530639648438,248.22579956054688,248.22579956054688,255.71359252929688,269.2912902832031,278.3431091308594,273.81719970703125,282.8690185546875,287.3949279785156,289.6578674316406,287.3949279785156
5,SA-Male-Sentenced-Non-ATSI,825.0916137695312,876.1687622070312,884.0267944335938,907.600830078125,868.310791015625,927.245849609375,907.600830078125,942.9618530273438,1011.005615234375,1019.5014038085938,1011.005615234375,1011.005615234375,1011.005615234375,1027.997314453125,1036.4931640625,1053.48486328125,957.8219604492188,939.2235107421875,939.2235107421875,929.9242553710938,939.2235107421875,948.522705078125,948.522705078125,939.2235107421875
5,TAS-Female-Remanded-ATSI,2.031806707382202,2.332815170288086,2.1446847915649414,2.6087393760681152,2.7968697547912598,3.0100839138031006,2.709075450897217,2.6087393760681152,2.156578779220581,2.0266642570495605,1.481023907661438,2.0266642570495605,2.0266642570495605,1.9487156867980957,2.0266642570495605,2.078630208969116,1.8988269567489624,1.9892473220825195,1.8988269567489624,1.8762218952178955,1.8988269567489624,1.9440370798110962,1.8762218952178955,1.8536168336868286
5,TAS-Female-Remanded-Non-ATSI,9.188660621643066,10.713587760925293,8.054740905761719,9.188660621643066,9.892473220825195,9.892473220825195,9.188660621643066,9.188660621643066,7.40469217300415,6.964809417724609,6.74486780166626,6.378299236297607,6.74486780166626,6.74486780166626,6.451612949371338,6.74486780166626,7.166422367095947,7.587975978851318,6.885385990142822,6.182796001434326,7.587975978851318,7.587975978851318,7.939271926879883,7.166422367095947
5,TAS-Female-Sentenced-ATSI,5.3567938804626465,3.5777125358581543,4.281525135040283,3.5777125358581543,4.594330310821533,4.222873687744141,4.027370452880859,3.7341153621673584,3.826979637145996,3.7829911708831787,3.5630500316619873,3.651026487350464,3.6070382595062256,3.6070382595062256,3.6070382595062256,3.4750733375549316,5.260263919830322,6.061827659606934,5.61094856262207,5.260263919830322,4.608993053436279,5.460655212402344,5.210165977478027,4.8594818115234375
5,TAS-Female-Sentenced-Non-ATSI,24.77089500427246,24.090909957885742,24.67375373840332,23.50806427001953,23.1195011138916,24.67375373840332,24.28519058227539,23.50806427001953,21.975807189941406,22.177419662475586,23.387096405029297,22.379032135009766,24.19354820251465,22.782258987426758,23.387096405029297,23.185483932495117,22.66617774963379,23.949169158935547,24.163002014160156,24.376832962036133,24.163002014160156,26.94281578063965,25.873655319213867,26.087488174438477
5,TAS-Male-Remanded-ATSI,16.136363983154297,15.303030014038086,16.43939208984375,14.848484992980957,15.909090042114258,16.43939208984375,16.060606002807617,16.363636016845703,14.842986106872559,14.054862976074219,13.923508644104004,14.580279350280762,14.71163272857666,15.499754905700684,15.893815994262695,15.631109237670898,16.189516067504883,16.724706649780273,16.99230194091797,16.590909957885742,16.858505249023438,16.99230194091797,16.724706649780273,15.921920776367188
5,TAS-Male-Remanded-Non-ATSI,95.6512680053711,101.54447937011719,101.09115600585938,101.997802734375,103.81109619140625,104.71774291992188,100.18450927734375,98.82453918457031,84.93768310546875,87.6484603881836,87.6484603881836,88.55204772949219,90.35923767089844,93.07001495361328,92.16641998291016,90.35923767089844,72.8720703125,80.41056060791016,82.08577728271484,83.76100158691406,86.2738265991211,90.46187591552734,91.29949188232422,91.29949188232422
5,TAS-Male-Sentenced-ATSI,42.872066497802734,41.836509704589844,42.04362106323242,43.07917785644531,42.45784378051758,42.250732421875,40.593841552734375,40.593841552734375,47.067447662353516,47.067447662353516,46.18768310546875,47.067447662353516,47.507328033447266,47.067447662353516,45.747798919677734,45.307918548583984,44.78250503540039,44.78250503540039,45.23032760620117,46.1259765625,46.57380294799805,48.3651008605957,47.02162551879883,47.917274475097656
5,TAS-Male-Sentenced-Non-ATSI,346.5359191894531,358.08709716796875,369.6383361816406,363.03765869140625,376.239013671875,382.8396911621094,372.93865966796875,377.8891906738281,345.4594421386719,345.4594421386719,342.1376953125,338.81597900390625,355.4245910644531,365.3898010253906,365.3898010253906,362.0680847167969,320.32257080078125,323.55816650390625,323.55816650390625,323.55816650390625,326.79376220703125,336.50048828125,333.264892578125,346.20721435546875
5,VIC-Female-Remanded-ATSI,3.3901515007019043,3.9962120056152344,3.0871212482452393,2.670454502105713,3.939393997192383,3.939393997192383,3.76893949508667,3.73106050491333,6.794965744018555,6.631231784820557,5.935361385345459,5.485092639923096,5.73069429397583,5.648827075958252,4.912023067474365,5.198558330535889,6.782747268676758,6.89393949508667,6.393572807312012,6.615957736968994,7.116324424743652,6.949535846710205,6.2267842292785645,5.8932061195373535
5,VIC-Female-Remanded-Non-ATSI,46.57991027832031,48.020530700683594,47.780426025390625,48.2606315612793,47.30022048950195,47.060115814208984,46.82001495361328,45.13929748535156,60.41789245605469,61.89149475097656,60.90909194946289,61.89149475097656,62.38269805908203,62.38269805908203,60.41789245605469,58.944278717041016,63.33944320678711,62.768821716308594,62.19819641113281,61.6275634765625,65.6219482421875,63.33944320678711,64.48069763183594,64.48069763183594
5,VIC-Female-Sentenced-ATSI,9.134897232055664,9.678641319274902,9.678641319274902,8.210533142089844,8.428030014038086,9.569892883300781,9.134897232055664,9.515518188476562,10.273094177246094,10.921920776367188,10.273094177246094,9.94867992401123,10.48936939239502,10.48936939239502,10.59750747680664,10.59750747680664,21.52798080444336,20.496700286865234,19.72323989868164,18.691959381103516,17.789588928222656,19.981060028076172,18.434139251708984,18.82086944580078
5,VIC-Female-Sentenced-Non-ATSI,185.34457397460938,186.21884155273438,183.59603881835938,189.7158966064453,186.21884155273438,190.59017944335938,190.59017944335938,187.9673614501953,169.84481811523438,169.84481811523438,169.84481811523438,171.59579467773438,171.59579467773438,175.09776306152344,180.35067749023438,182.10165405273438,234.75807189941406,234.75807189941406,232.84947204589844,234.75807189941406,240.48387145996094,242.39247131347656,246.2096710205078,253.8440704345703
5,VIC-Male-Remanded-ATSI,51.06060791015625,49.61937713623047,47.97226333618164,47.76637268066406,47.35459518432617,49.001708984375,49.20759963989258,47.35459518432617,49.06158447265625,48.18548583984375,47.7474365234375,49.4996337890625,49.93768310546875,51.68988037109375,49.93768310546875,51.2518310546875,48.17631912231445,47.71749496459961,49.093963623046875,50.47043228149414,50.92925262451172,54.14100646972656,51.84689712524414,51.84689712524414
5,VIC-Male-Remanded-Non-ATSI,652.4254760742188,686.4650268554688,663.77197265625,663.77197265625,663.77197265625,709.1581420898438,680.791748046875,689.3016967773438,767.6430053710938,780.227294921875,773.9351196289062,792.8115844726562,761.3507690429688,773.9351196289062,805.3958740234375,786.5194702148438,700.6353759765625,707.6417236328125,700.6353759765625,707.6417236328125,707.6417236328125,728.6607666015625,742.6734619140625,728.6607666015625
5,VIC-Male-Sentenced-ATSI,154.2094268798828,159.23020935058594,155.64393615722656,158.51295471191406,162.81646728515625,167.8372344970703,169.98899841308594,157.7957000732422,193.71212768554688,195.27432250976562,193.71212768554688,193.71212768554688,196.83651733398438,201.52308654785156,201.52308654785156,204.64747619628906,217.22872924804688,217.22872924804688,217.22872924804688,217.22872924804688,219.03897094726562,228.09017944335938,228.09017944335938,229.90042114257812
5,VIC-Male-Sentenced-Non-ATSI,2767.796875,2978.6767578125,2899.596923828125,2860.056640625,2820.516845703125,2912.77685546875,2899.596923828125,2912.77685546875,3124.271728515625,3207.95751953125,3180.062255859375,3235.852783203125,3291.643310546875,3375.3291015625,3375.3291015625,3431.1201171875,3391.270751953125,3391.270751953125,3421.550048828125,3391.270751953125,3421.550048828125,3482.1083984375,3512.387451171875,3572.94580078125
5,WA-Female-Remanded-ATSI,35.97262954711914,37.658843994140625,34.145896911621094,32.74071502685547,35.55107498168945,35.27003860473633,36.67522048950195,34.9890022277832,34.6377067565918,35.541297912597656,35.84249496459961,36.444889068603516,37.64968490600586,37.95088195800781,38.252079010009766,37.348487854003906,36.46016311645508,35.772239685058594,37.14809036254883,37.49205780029297,37.14809036254883,37.49205780029297,39.211875915527344,39.211875915527344
5,WA-Female-Remanded-Non-ATSI,31.967252731323242,35.74291229248047,38.00830841064453,36.120479583740234,34.10679626464844,33.85508346557617,32.470672607421875,33.477516174316406,46.42472839355469,48.790321350097656,48.19892501831055,49.97311782836914,50.26881790161133,47.31182861328125,46.720428466796875,47.01612854003906,29.283967971801758,29.283967971801758,29.920578002929688,31.512096405029297,33.42192077636719,35.968353271484375,38.19647979736328,36.28665542602539
5,WA-Female-Sentenced-ATSI,114.13490295410156,115.66349029541016,111.07772064208984,109.54911804199219,111.58724975585938,114.6444320678711,110.56817626953125,105.47286987304688,114.78739166259766,115.91275787353516,115.91275787353516,120.41421508789062,119.28884887695312,121.53958129882812,127.16642761230469,127.16642761230469,144.37928771972656,145.6683807373047,144.37928771972656,148.24658203125,152.11387634277344,155.98117065429688,154.69207763671875,154.69207763671875
5,WA-Female-Sentenced-Non-ATSI,106.04839324951172,107.4945068359375,106.04839324951172,109.90469360351562,103.63819122314453,109.90469360351562,107.4945068359375,107.9765396118164,106.55547332763672,107.55131530761719,106.55547332763672,108.54717254638672,105.55962371826172,110.53885650634766,112.53054809570312,110.53885650634766,176.25550842285156,185.39466857910156,180.1722869873047,176.25550842285156,177.56109619140625,181.47789001464844,178.86669921875,178.86669921875
5,WA-Male-Remanded-ATSI,217.3289337158203,208.67422485351562,208.67422485351562,206.75096130371094,209.63587951660156,208.67422485351562,214.4440460205078,202.90444946289062,267.5953063964844,267.5953063964844,267.5953063964844,267.5953063964844,274.2851867675781,280.9750671386719,280.9750671386719,280.9750671386719,267.68817138671875,259.9664001464844,259.9664001464844,272.83599853515625,280.55780029296875,285.7056579589844,288.2795715332031,298.57525634765625
5,WA-Male-Remanded-Non-ATSI,375.1557922363281,368.7701721191406,394.31268310546875,387.92706298828125,386.33062744140625,386.33062744140625,386.33062744140625,384.7342224121094,399.0835876464844,413.08648681640625,406.0850524902344,406.0850524902344,413.08648681640625,434.0909118652344,434.0909118652344,441.0923767089844,440.94024658203125,444.8423767089844,440.94024658203125,448.7445068359375,452.6466369628906,460.45086669921875,460.45086669921875,468.255126953125
5,WA-Male-Sentenced-ATSI,1054.181396484375,1090.71240234375,1090.71240234375,1064.6187744140625,1111.587158203125,1137.680908203125,1132.4620361328125,1137.680908203125,1190.356201171875,1179.4354248046875,1190.356201171875,1201.2769775390625,1212.1976318359375,1201.2769775390625,1212.1976318359375,1212.1976318359375,1358.1048583984375,1395.48388671875,1395.48388671875,1407.943603515625,1407.943603515625,1432.8629150390625,1445.322509765625,1445.322509765625
5,WA-Male-Sentenced-Non-ATSI,1630.5565185546875,1710.0958251953125,1726.003662109375,1686.2340087890625,1694.18798828125,1789.63525390625,1749.86572265625,1749.86572265625,1675.1954345703125,1675.1954345703125,1659.087890625,1642.980224609375,1626.87255859375,1642.980224609375,1675.1954345703125,1691.3031005859375,2263.052490234375,2281.60205078125,2318.701171875,2318.701171875,2281.60205078125,2355.80029296875,2355.80029296875,2355.80029296875
